config,n,m,method,heuristic,train_seed,episode,sample,steps,per_robot_distances,worst_share_rho0,worst_share_rho0.25,worst_share_rho0.5,worst_share_rho0.75,worst_share_rho1,jainE_rho0,jainE_rho0.25,jainE_rho0.5,jainE_rho0.75,jainE_rho1
N2_M20,2,20,ppo,,0,0,0,15,"[7, 13]",1.3,1.2,1.12,1.0545,1.0,0.9174,0.9615,0.9858,0.997,1.0
N2_M20,2,20,ppo,,0,0,1,15,"[9, 12]",1.1429,1.0968,1.0588,1.027,1.0,0.98,0.9907,0.9966,0.9993,1.0
N2_M20,2,20,ppo,,0,0,2,12,"[12, 9]",1.1429,1.1034,1.0667,1.0323,1.0,0.98,0.9894,0.9956,0.999,1.0
N2_M20,2,20,ppo,,0,0,3,16,"[13, 9]",1.1818,1.1224,1.0741,1.0339,1.0,0.968,0.9852,0.9945,0.9989,1.0
N2_M20,2,20,ppo,,0,0,4,17,"[12, 13]",1.04,1.0275,1.0169,1.0079,1.0,0.9984,0.9992,0.9997,0.9999,1.0
N2_M20,2,20,ppo,,0,1,0,20,"[12, 15]",1.1111,1.0744,1.0448,1.0204,1.0,0.9878,0.9945,0.998,0.9996,1.0
N2_M20,2,20,ppo,,0,1,1,20,"[16, 13]",1.1034,1.0709,1.0435,1.0201,1.0,0.9894,0.995,0.9981,0.9996,1.0
N2_M20,2,20,ppo,,0,1,2,12,"[10, 10]",1.0,1.0,1.0,1.0,1.0,1.0,1.0,1.0,1.0,1.0
N2_M20,2,20,ppo,,0,1,3,31,"[26, 19]",1.1556,1.1066,1.0654,1.0303,1.0,0.9764,0.9888,0.9957,0.9991,1.0
N2_M20,2,20,ppo,,0,1,4,17,"[12, 12]",1.0,1.0,1.0,1.0,1.0,1.0,1.0,1.0,1.0,1.0
N2_M20,2,20,ppo,,0,2,0,41,"[28, 23]",1.098,1.0638,1.0376,1.0168,1.0,0.9905,0.9959,0.9986,0.9997,1.0
N2_M20,2,20,ppo,,0,2,1,48,"[21, 20]",1.0244,1.0137,1.0073,1.003,1.0,0.9994,0.9998,0.9999,1.0,1.0
N2_M20,2,20,ppo,,0,2,2,45,"[19, 31]",1.24,1.15,1.0857,1.0375,1.0,0.9455,0.978,0.9927,0.9986,1.0
N2_M20,2,20,ppo,,0,2,3,32,"[29, 18]",1.234,1.161,1.0991,1.046,1.0,0.9481,0.9747,0.9903,0.9979,1.0
N2_M20,2,20,ppo,,0,2,4,91,"[22, 30]",1.1538,1.071,1.0342,1.0134,1.0,0.9769,0.995,0.9988,0.9998,1.0
N2_M20,2,20,ppo,,0,3,0,14,"[9, 12]",1.1429,1.0989,1.0612,1.0286,1.0,0.98,0.9903,0.9963,0.9992,1.0
N2_M20,2,20,ppo,,0,3,1,11,"[10, 11]",1.0476,1.0353,1.0233,1.0115,1.0,0.9977,0.9988,0.9995,0.9999,1.0
N2_M20,2,20,ppo,,0,3,2,12,"[10, 11]",1.0476,1.0345,1.0222,1.0108,1.0,0.9977,0.9988,0.9995,0.9999,1.0
N2_M20,2,20,ppo,,0,3,3,12,"[12, 9]",1.1429,1.1034,1.0667,1.0323,1.0,0.98,0.9894,0.9956,0.999,1.0
N2_M20,2,20,ppo,,0,3,4,15,"[11, 12]",1.0435,1.0303,1.0189,1.0088,1.0,0.9981,0.9991,0.9996,0.9999,1.0
N2_M20,2,20,ppo,,0,4,0,13,"[8, 9]",1.0588,1.039,1.0233,1.0105,1.0,0.9966,0.9985,0.9995,0.9999,1.0
N2_M20,2,20,ppo,,0,4,1,10,"[8, 8]",1.0,1.0,1.0,1.0,1.0,1.0,1.0,1.0,1.0,1.0
N2_M20,2,20,ppo,,0,4,2,11,"[8, 10]",1.1111,1.0789,1.05,1.0238,1.0,0.9878,0.9938,0.9975,0.9994,1.0
N2_M20,2,20,ppo,,0,4,3,10,"[3, 9]",1.5,1.3214,1.1875,1.0833,1.0,0.8,0.9064,0.966,0.9931,1.0
N2_M20,2,20,ppo,,0,4,4,9,"[5, 8]",1.2308,1.1579,1.0968,1.0448,1.0,0.9494,0.9757,0.9907,0.998,1.0
N2_M20,2,20,ppo,,0,5,0,57,"[26, 21]",1.1064,1.0588,1.0311,1.0129,1.0,0.9888,0.9966,0.999,0.9998,1.0
N2_M20,2,20,ppo,,0,5,1,12,"[7, 11]",1.2222,1.1538,1.0952,1.0444,1.0,0.9529,0.9769,0.991,0.998,1.0
N2_M20,2,20,ppo,,0,5,2,113,"[50, 47]",1.0309,1.0174,1.0093,1.0039,1.0,0.999,0.9997,0.9999,1.0,1.0
N2_M20,2,20,ppo,,0,5,3,60,"[33, 27]",1.1,1.06,1.0333,1.0143,1.0,0.9901,0.9964,0.9989,0.9998,1.0
N2_M20,2,20,ppo,,0,5,4,21,"[10, 18]",1.2857,1.1905,1.1143,1.0519,1.0,0.9245,0.965,0.9871,0.9973,1.0
N2_M20,2,20,ppo,,0,6,0,6,"[6, 5]",1.0909,1.0667,1.0435,1.0213,1.0,0.9918,0.9956,0.9981,0.9995,1.0
N2_M20,2,20,ppo,,0,6,1,3,"[3, 3]",1.0,1.0,1.0,1.0,1.0,1.0,1.0,1.0,1.0,1.0
N2_M20,2,20,ppo,,0,6,2,4,"[4, 4]",1.0,1.0,1.0,1.0,1.0,1.0,1.0,1.0,1.0,1.0
N2_M20,2,20,ppo,,0,6,3,5,"[5, 4]",1.1111,1.0811,1.0526,1.0256,1.0,0.9878,0.9935,0.9972,0.9993,1.0
N2_M20,2,20,ppo,,0,6,4,5,"[3, 5]",1.25,1.1765,1.1111,1.0526,1.0,0.9412,0.9698,0.9878,0.9972,1.0
N2_M20,2,20,ppo,,0,7,0,8,"[7, 4]",1.2727,1.1837,1.1111,1.0508,1.0,0.9308,0.9674,0.9878,0.9974,1.0
N2_M20,2,20,ppo,,0,7,1,14,"[11, 10]",1.0476,1.033,1.0204,1.0095,1.0,0.9977,0.9989,0.9996,0.9999,1.0
N2_M20,2,20,ppo,,0,7,2,18,"[15, 9]",1.25,1.1667,1.1,1.0455,1.0,0.9412,0.973,0.9901,0.9979,1.0
N2_M20,2,20,ppo,,0,7,3,6,"[6, 3]",1.3333,1.2308,1.1429,1.0667,1.0,0.9,0.9494,0.98,0.9956,1.0
N2_M20,2,20,ppo,,0,7,4,6,"[6, 3]",1.3333,1.2308,1.1429,1.0667,1.0,0.9,0.9494,0.98,0.9956,1.0
N2_M20,2,20,ppo,,0,8,0,33,"[24, 18]",1.1429,1.0938,1.0556,1.025,1.0,0.98,0.9913,0.9969,0.9994,1.0
N2_M20,2,20,ppo,,0,8,1,17,"[9, 11]",1.1,1.0638,1.037,1.0164,1.0,0.9901,0.9959,0.9986,0.9997,1.0
N2_M20,2,20,ppo,,0,8,2,21,"[13, 12]",1.04,1.0256,1.0149,1.0066,1.0,0.9984,0.9993,0.9998,1.0,1.0
N2_M20,2,20,ppo,,0,8,3,16,"[10, 8]",1.1111,1.0698,1.04,1.0175,1.0,0.9878,0.9952,0.9984,0.9997,1.0
N2_M20,2,20,ppo,,0,8,4,37,"[19, 22]",1.0732,1.0457,1.0261,1.0114,1.0,0.9947,0.9979,0.9993,0.9999,1.0
N2_M20,2,20,ppo,,0,9,0,19,"[11, 2]",1.6923,1.3506,1.1765,1.0709,1.0,0.676,0.8905,0.9698,0.995,1.0
N2_M20,2,20,ppo,,0,9,1,32,"[21, 18]",1.0769,1.0497,1.0291,1.013,1.0,0.9941,0.9975,0.9992,0.9998,1.0
N2_M20,2,20,ppo,,0,9,2,15,"[10, 11]",1.0476,1.0323,1.0196,1.009,1.0,0.9977,0.999,0.9996,0.9999,1.0
N2_M20,2,20,ppo,,0,9,3,6,"[6, 6]",1.0,1.0,1.0,1.0,1.0,1.0,1.0,1.0,1.0,1.0
N2_M20,2,20,ppo,,0,9,4,27,"[12, 14]",1.0769,1.0455,1.025,1.0106,1.0,0.9941,0.9979,0.9994,0.9999,1.0
N2_M20,2,20,ppo,,0,10,0,8,"[5, 2]",1.4286,1.2432,1.1304,1.0545,1.0,0.8448,0.9441,0.9833,0.997,1.0
N2_M20,2,20,ppo,,0,10,1,3,"[2, 1]",1.3333,1.2,1.1111,1.0476,1.0,0.9,0.9615,0.9878,0.9977,1.0
N2_M20,2,20,ppo,,0,10,2,2,"[2, 2]",1.0,1.0,1.0,1.0,1.0,1.0,1.0,1.0,1.0,1.0
N2_M20,2,20,ppo,,0,10,3,6,"[3, 1]",1.5,1.25,1.125,1.05,1.0,0.8,0.9412,0.9846,0.9975,1.0
N2_M20,2,20,ppo,,0,10,4,7,"[3, 3]",1.0,1.0,1.0,1.0,1.0,1.0,1.0,1.0,1.0,1.0
N2_M20,2,20,ppo,,0,11,0,10,"[6, 6]",1.0,1.0,1.0,1.0,1.0,1.0,1.0,1.0,1.0,1.0
N2_M20,2,20,ppo,,0,11,1,5,"[2, 5]",1.4286,1.2903,1.1765,1.0811,1.0,0.8448,0.9223,0.9698,0.9935,1.0
N2_M20,2,20,ppo,,0,11,2,5,"[3, 4]",1.1429,1.0968,1.0588,1.027,1.0,0.98,0.9907,0.9966,0.9993,1.0
N2_M20,2,20,ppo,,0,11,3,4,"[3, 4]",1.1429,1.1034,1.0667,1.0323,1.0,0.98,0.9894,0.9956,0.999,1.0
N2_M20,2,20,ppo,,0,11,4,3,"[3, 3]",1.0,1.0,1.0,1.0,1.0,1.0,1.0,1.0,1.0,1.0
N2_M20,2,20,ppo,,0,12,0,30,"[18, 16]",1.0588,1.037,1.0213,1.0093,1.0,0.9966,0.9986,0.9995,0.9999,1.0
N2_M20,2,20,ppo,,0,12,1,64,"[32, 26]",1.1034,1.0596,1.0323,1.0136,1.0,0.9894,0.9965,0.999,0.9998,1.0
N2_M20,2,20,ppo,,0,12,2,45,"[22, 23]",1.0222,1.0133,1.0074,1.0032,1.0,0.9995,0.9998,0.9999,1.0,1.0
N2_M20,2,20,ppo,,0,12,3,14,"[11, 3]",1.5714,1.3429,1.1905,1.0816,1.0,0.7538,0.8948,0.965,0.9934,1.0
N2_M20,2,20,ppo,,0,12,4,12,"[9, 5]",1.2857,1.1818,1.1053,1.0465,1.0,0.9245,0.968,0.989,0.9978,1.0
N2_M20,2,20,ppo,,0,13,0,63,"[26, 27]",1.0189,1.0105,1.0056,1.0023,1.0,0.9996,0.9999,1.0,1.0,1.0
N2_M20,2,20,ppo,,0,13,1,22,"[18, 16]",1.0588,1.0411,1.0256,1.012,1.0,0.9966,0.9983,0.9993,0.9999,1.0
N2_M20,2,20,ppo,,0,13,2,19,"[14, 18]",1.125,1.0896,1.0571,1.0274,1.0,0.9846,0.992,0.9967,0.9992,1.0
N2_M20,2,20,ppo,,0,13,3,53,"[31, 24]",1.1273,1.0775,1.0435,1.0188,1.0,0.9841,0.994,0.9981,0.9996,1.0
N2_M20,2,20,ppo,,0,13,4,30,"[17, 22]",1.1282,1.0847,1.0505,1.0228,1.0,0.9838,0.9929,0.9975,0.9995,1.0
N2_M20,2,20,ppo,,0,14,0,12,"[3, 12]",1.6,1.3913,1.2308,1.1034,1.0,0.7353,0.8672,0.9494,0.9894,1.0
N2_M20,2,20,ppo,,0,14,1,14,"[2, 12]",1.7143,1.4286,1.2381,1.102,1.0,0.6622,0.8448,0.9464,0.9897,1.0
N2_M20,2,20,ppo,,0,14,2,16,"[4, 14]",1.5556,1.3488,1.2,1.0877,1.0,0.7642,0.8915,0.9615,0.9924,1.0
N2_M20,2,20,ppo,,0,14,3,7,"[5, 7]",1.1667,1.12,1.0769,1.037,1.0,0.973,0.9858,0.9941,0.9986,1.0
N2_M20,2,20,ppo,,0,14,4,12,"[4, 11]",1.4667,1.3043,1.1795,1.0805,1.0,0.8212,0.9152,0.9688,0.9936,1.0
N2_M20,2,20,ppo,,0,15,0,45,"[9, 27]",1.5,1.2727,1.1429,1.0588,1.0,0.8,0.9308,0.98,0.9966,1.0
N2_M20,2,20,ppo,,0,15,1,24,"[12, 18]",1.2,1.1304,1.0769,1.0345,1.0,0.9615,0.9833,0.9941,0.9988,1.0
N2_M20,2,20,ppo,,0,15,2,23,"[15, 18]",1.0909,1.0621,1.038,1.0175,1.0,0.9918,0.9962,0.9986,0.9997,1.0
N2_M20,2,20,ppo,,0,15,3,93,"[36, 46]",1.122,1.0694,1.0373,1.0156,1.0,0.9853,0.9952,0.9986,0.9998,1.0
N2_M20,2,20,ppo,,0,15,4,38,"[17, 13]",1.1333,1.0723,1.0377,1.0155,1.0,0.9825,0.9948,0.9986,0.9998,1.0
N2_M20,2,20,ppo,,0,16,0,6,"[6, 4]",1.2,1.1429,1.0909,1.0435,1.0,0.9615,0.98,0.9918,0.9981,1.0
N2_M20,2,20,ppo,,0,16,1,5,"[5, 3]",1.25,1.1765,1.1111,1.0526,1.0,0.9412,0.9698,0.9878,0.9972,1.0
N2_M20,2,20,ppo,,0,16,2,5,"[4, 4]",1.0,1.0,1.0,1.0,1.0,1.0,1.0,1.0,1.0,1.0
N2_M20,2,20,ppo,,0,16,3,4,"[4, 4]",1.0,1.0,1.0,1.0,1.0,1.0,1.0,1.0,1.0,1.0
N2_M20,2,20,ppo,,0,16,4,8,"[8, 6]",1.1429,1.1034,1.0667,1.0323,1.0,0.98,0.9894,0.9956,0.999,1.0
N2_M20,2,20,ppo,,0,17,0,7,"[5, 6]",1.0909,1.0638,1.04,1.0189,1.0,0.9918,0.9959,0.9984,0.9996,1.0
N2_M20,2,20,ppo,,0,17,1,6,"[4, 6]",1.2,1.1429,1.0909,1.0435,1.0,0.9615,0.98,0.9918,0.9981,1.0
N2_M20,2,20,ppo,,0,17,2,6,"[4, 6]",1.2,1.1429,1.0909,1.0435,1.0,0.9615,0.98,0.9918,0.9981,1.0
N2_M20,2,20,ppo,,0,17,3,8,"[7, 5]",1.1667,1.1154,1.0714,1.0333,1.0,0.973,0.9869,0.9949,0.9989,1.0
N2_M20,2,20,ppo,,0,17,4,5,"[5, 5]",1.0,1.0,1.0,1.0,1.0,1.0,1.0,1.0,1.0,1.0
N2_M20,2,20,ppo,,0,18,0,5,"[5, 5]",1.0,1.0,1.0,1.0,1.0,1.0,1.0,1.0,1.0,1.0
N2_M20,2,20,ppo,,0,18,1,5,"[5, 4]",1.1111,1.0811,1.0526,1.0256,1.0,0.9878,0.9935,0.9972,0.9993,1.0
N2_M20,2,20,ppo,,0,18,2,6,"[5, 5]",1.0,1.0,1.0,1.0,1.0,1.0,1.0,1.0,1.0,1.0
N2_M20,2,20,ppo,,0,18,3,7,"[7, 7]",1.0,1.0,1.0,1.0,1.0,1.0,1.0,1.0,1.0,1.0
N2_M20,2,20,ppo,,0,18,4,7,"[6, 7]",1.0769,1.0566,1.037,1.0182,1.0,0.9941,0.9968,0.9986,0.9997,1.0
N2_M20,2,20,ppo,,0,19,0,1,"[0, 1]",2.0,1.6,1.3333,1.1429,1.0,0.5,0.7353,0.9,0.98,1.0
N2_M20,2,20,ppo,,0,19,1,1,"[1, 1]",1.0,1.0,1.0,1.0,1.0,1.0,1.0,1.0,1.0,1.0
N2_M20,2,20,ppo,,0,19,2,1,"[1, 0]",2.0,1.6,1.3333,1.1429,1.0,0.5,0.7353,0.9,0.98,1.0
N2_M20,2,20,ppo,,0,19,3,2,"[1, 2]",1.3333,1.2308,1.1429,1.0667,1.0,0.9,0.9494,0.98,0.9956,1.0
N2_M20,2,20,ppo,,0,19,4,1,"[1, 1]",1.0,1.0,1.0,1.0,1.0,1.0,1.0,1.0,1.0,1.0
N2_M20,2,20,ppo,,1,0,0,19,"[13, 16]",1.1034,1.072,1.0448,1.021,1.0,0.9894,0.9948,0.998,0.9996,1.0
N2_M20,2,20,ppo,,1,0,1,15,"[9, 12]",1.1429,1.0968,1.0588,1.027,1.0,0.98,0.9907,0.9966,0.9993,1.0
N2_M20,2,20,ppo,,1,0,2,11,"[11, 7]",1.2222,1.1579,1.1,1.0476,1.0,0.9529,0.9757,0.9901,0.9977,1.0
N2_M20,2,20,ppo,,1,0,3,10,"[8, 8]",1.0,1.0,1.0,1.0,1.0,1.0,1.0,1.0,1.0,1.0
N2_M20,2,20,ppo,,1,0,4,19,"[13, 13]",1.0,1.0,1.0,1.0,1.0,1.0,1.0,1.0,1.0,1.0
N2_M20,2,20,ppo,,1,1,0,14,"[12, 13]",1.04,1.0291,1.0189,1.0092,1.0,0.9984,0.9992,0.9996,0.9999,1.0
N2_M20,2,20,ppo,,1,1,1,12,"[11, 10]",1.0476,1.0345,1.0222,1.0108,1.0,0.9977,0.9988,0.9995,0.9999,1.0
N2_M20,2,20,ppo,,1,1,2,12,"[11, 11]",1.0,1.0,1.0,1.0,1.0,1.0,1.0,1.0,1.0,1.0
N2_M20,2,20,ppo,,1,1,3,16,"[15, 12]",1.1111,1.0796,1.0508,1.0244,1.0,0.9878,0.9937,0.9974,0.9994,1.0
N2_M20,2,20,ppo,,1,1,4,17,"[12, 13]",1.04,1.0275,1.0169,1.0079,1.0,0.9984,0.9992,0.9997,0.9999,1.0
N2_M20,2,20,ppo,,1,2,0,118,"[52, 48]",1.04,1.0224,1.0119,1.005,1.0,0.9984,0.9995,0.9999,1.0,1.0
N2_M20,2,20,ppo,,1,2,1,46,"[16, 30]",1.3043,1.1826,1.1014,1.0435,1.0,0.9152,0.9677,0.9898,0.9981,1.0
N2_M20,2,20,ppo,,1,2,2,29,"[18, 10]",1.2857,1.169,1.093,1.0396,1.0,0.9245,0.9722,0.9914,0.9984,1.0
N2_M20,2,20,ppo,,1,2,3,35,"[29, 20]",1.1837,1.1244,1.0756,1.0347,1.0,0.9674,0.9848,0.9943,0.9988,1.0
N2_M20,2,20,ppo,,1,2,4,61,"[19, 37]",1.3214,1.1862,1.1011,1.0427,1.0,0.9064,0.9665,0.9899,0.9982,1.0
N2_M20,2,20,ppo,,1,3,0,15,"[11, 12]",1.0435,1.0303,1.0189,1.0088,1.0,0.9981,0.9991,0.9996,0.9999,1.0
N2_M20,2,20,ppo,,1,3,1,26,"[7, 22]",1.5172,1.3237,1.1852,1.0811,1.0,0.7889,0.9051,0.9668,0.9935,1.0
N2_M20,2,20,ppo,,1,3,2,19,"[9, 17]",1.3077,1.2069,1.125,1.0571,1.0,0.9135,0.959,0.9846,0.9967,1.0
N2_M20,2,20,ppo,,1,3,3,12,"[11, 11]",1.0,1.0,1.0,1.0,1.0,1.0,1.0,1.0,1.0,1.0
N2_M20,2,20,ppo,,1,3,4,16,"[7, 12]",1.2632,1.1685,1.098,1.0435,1.0,0.9352,0.9724,0.9905,0.9981,1.0
N2_M20,2,20,ppo,,1,4,0,9,"[8, 8]",1.0,1.0,1.0,1.0,1.0,1.0,1.0,1.0,1.0,1.0
N2_M20,2,20,ppo,,1,4,1,14,"[12, 12]",1.0,1.0,1.0,1.0,1.0,1.0,1.0,1.0,1.0,1.0
N2_M20,2,20,ppo,,1,4,2,9,"[8, 8]",1.0,1.0,1.0,1.0,1.0,1.0,1.0,1.0,1.0,1.0
N2_M20,2,20,ppo,,1,4,3,11,"[4, 10]",1.4286,1.2812,1.1667,1.075,1.0,0.8448,0.9267,0.973,0.9944,1.0
N2_M20,2,20,ppo,,1,4,4,8,"[6, 7]",1.0769,1.0545,1.0345,1.0164,1.0,0.9941,0.997,0.9988,0.9997,1.0
N2_M20,2,20,ppo,,1,5,0,66,"[34, 29]",1.0794,1.0467,1.0256,1.0109,1.0,0.9937,0.9978,0.9993,0.9999,1.0
N2_M20,2,20,ppo,,1,5,1,218,"[104, 93]",1.0558,1.0321,1.0174,1.0073,1.0,0.9969,0.999,0.9997,0.9999,1.0
N2_M20,2,20,ppo,,1,5,2,63,"[44, 41]",1.0353,1.0236,1.0142,1.0065,1.0,0.9988,0.9994,0.9998,1.0,1.0
N2_M20,2,20,ppo,,1,5,3,27,"[21, 18]",1.0769,1.0526,1.0323,1.0149,1.0,0.9941,0.9972,0.999,0.9998,1.0
N2_M20,2,20,ppo,,1,5,4,13,"[10, 10]",1.0,1.0,1.0,1.0,1.0,1.0,1.0,1.0,1.0,1.0
N2_M20,2,20,ppo,,1,6,0,7,"[6, 6]",1.0,1.0,1.0,1.0,1.0,1.0,1.0,1.0,1.0,1.0
N2_M20,2,20,ppo,,1,6,1,3,"[3, 3]",1.0,1.0,1.0,1.0,1.0,1.0,1.0,1.0,1.0,1.0
N2_M20,2,20,ppo,,1,6,2,4,"[4, 4]",1.0,1.0,1.0,1.0,1.0,1.0,1.0,1.0,1.0,1.0
N2_M20,2,20,ppo,,1,6,3,5,"[5, 4]",1.1111,1.0811,1.0526,1.0256,1.0,0.9878,0.9935,0.9972,0.9993,1.0
N2_M20,2,20,ppo,,1,6,4,5,"[3, 5]",1.25,1.1765,1.1111,1.0526,1.0,0.9412,0.9698,0.9878,0.9972,1.0
N2_M20,2,20,ppo,,1,7,0,12,"[12, 8]",1.2,1.1429,1.0909,1.0435,1.0,0.9615,0.98,0.9918,0.9981,1.0
N2_M20,2,20,ppo,,1,7,1,20,"[13, 10]",1.1304,1.0826,1.0476,1.021,1.0,0.9833,0.9932,0.9977,0.9996,1.0
N2_M20,2,20,ppo,,1,7,2,10,"[10, 4]",1.4286,1.2903,1.1765,1.0811,1.0,0.8448,0.9223,0.9698,0.9935,1.0
N2_M20,2,20,ppo,,1,7,3,6,"[6, 3]",1.3333,1.2308,1.1429,1.0667,1.0,0.9,0.9494,0.98,0.9956,1.0
N2_M20,2,20,ppo,,1,7,4,6,"[6, 4]",1.2,1.1429,1.0909,1.0435,1.0,0.9615,0.98,0.9918,0.9981,1.0
N2_M20,2,20,ppo,,1,8,0,31,"[23, 14]",1.2432,1.1561,1.0909,1.0404,1.0,0.9441,0.9762,0.9918,0.9984,1.0
N2_M20,2,20,ppo,,1,8,1,16,"[9, 11]",1.1,1.0652,1.0385,1.0172,1.0,0.9901,0.9958,0.9985,0.9997,1.0
N2_M20,2,20,ppo,,1,8,2,12,"[10, 6]",1.25,1.1667,1.1,1.0455,1.0,0.9412,0.973,0.9901,0.9979,1.0
N2_M20,2,20,ppo,,1,8,3,9,"[7, 9]",1.125,1.0909,1.0588,1.0286,1.0,0.9846,0.9918,0.9966,0.9992,1.0
N2_M20,2,20,ppo,,1,8,4,13,"[11, 10]",1.0476,1.0337,1.0213,1.0101,1.0,0.9977,0.9989,0.9995,0.9999,1.0
N2_M20,2,20,ppo,,1,9,0,15,"[11, 0]",2.0,1.5238,1.2683,1.1089,1.0,0.5,0.7847,0.9329,0.9883,1.0
N2_M20,2,20,ppo,,1,9,1,34,"[25, 25]",1.0,1.0,1.0,1.0,1.0,1.0,1.0,1.0,1.0,1.0
N2_M20,2,20,ppo,,1,9,2,15,"[11, 11]",1.0,1.0,1.0,1.0,1.0,1.0,1.0,1.0,1.0,1.0
N2_M20,2,20,ppo,,1,9,3,4,"[4, 4]",1.0,1.0,1.0,1.0,1.0,1.0,1.0,1.0,1.0,1.0
N2_M20,2,20,ppo,,1,9,4,13,"[6, 9]",1.2,1.1268,1.0732,1.0323,1.0,0.9615,0.9842,0.9947,0.999,1.0
N2_M20,2,20,ppo,,1,10,0,9,"[6, 2]",1.5,1.2857,1.1538,1.0645,1.0,0.8,0.9245,0.9769,0.9959,1.0
N2_M20,2,20,ppo,,1,10,1,4,"[4, 2]",1.3333,1.2308,1.1429,1.0667,1.0,0.9,0.9494,0.98,0.9956,1.0
N2_M20,2,20,ppo,,1,10,2,9,"[5, 5]",1.0,1.0,1.0,1.0,1.0,1.0,1.0,1.0,1.0,1.0
N2_M20,2,20,ppo,,1,10,3,2,"[2, 1]",1.3333,1.2308,1.1429,1.0667,1.0,0.9,0.9494,0.98,0.9956,1.0
N2_M20,2,20,ppo,,1,10,4,9,"[7, 5]",1.1667,1.1111,1.0667,1.0303,1.0,0.973,0.9878,0.9956,0.9991,1.0
N2_M20,2,20,ppo,,1,11,0,11,"[9, 7]",1.125,1.0857,1.0526,1.0244,1.0,0.9846,0.9927,0.9972,0.9994,1.0
N2_M20,2,20,ppo,,1,11,1,5,"[3, 5]",1.25,1.1765,1.1111,1.0526,1.0,0.9412,0.9698,0.9878,0.9972,1.0
N2_M20,2,20,ppo,,1,11,2,5,"[5, 4]",1.1111,1.0811,1.0526,1.0256,1.0,0.9878,0.9935,0.9972,0.9993,1.0
N2_M20,2,20,ppo,,1,11,3,4,"[4, 4]",1.0,1.0,1.0,1.0,1.0,1.0,1.0,1.0,1.0,1.0
N2_M20,2,20,ppo,,1,11,4,3,"[3, 3]",1.0,1.0,1.0,1.0,1.0,1.0,1.0,1.0,1.0,1.0
N2_M20,2,20,ppo,,1,12,0,36,"[25, 20]",1.1111,1.0725,1.0427,1.0192,1.0,0.9878,0.9948,0.9982,0.9996,1.0
N2_M20,2,20,ppo,,1,12,1,27,"[22, 11]",1.3333,1.2157,1.1264,1.0564,1.0,0.9,0.9555,0.9843,0.9968,1.0
N2_M20,2,20,ppo,,1,12,2,27,"[19, 13]",1.1875,1.12,1.0698,1.0309,1.0,0.966,0.9858,0.9952,0.999,1.0
N2_M20,2,20,ppo,,1,12,3,41,"[24, 20]",1.0909,1.0561,1.0317,1.0138,1.0,0.9918,0.9969,0.999,0.9998,1.0
N2_M20,2,20,ppo,,1,12,4,44,"[27, 23]",1.08,1.0504,1.029,1.0127,1.0,0.9936,0.9975,0.9992,0.9998,1.0
N2_M20,2,20,ppo,,1,13,0,67,"[27, 24]",1.0588,1.0314,1.0162,1.0066,1.0,0.9966,0.999,0.9997,1.0,1.0
N2_M20,2,20,ppo,,1,13,1,18,"[14, 11]",1.12,1.0811,1.0492,1.0226,1.0,0.9858,0.9935,0.9976,0.9995,1.0
N2_M20,2,20,ppo,,1,13,2,58,"[27, 28]",1.0182,1.0107,1.0058,1.0025,1.0,0.9997,0.9999,1.0,1.0,1.0
N2_M20,2,20,ppo,,1,13,3,208,"[103, 90]",1.0674,1.0392,1.0213,1.009,1.0,0.9955,0.9985,0.9995,0.9999,1.0
N2_M20,2,20,ppo,,1,13,4,57,"[30, 29]",1.0169,1.0103,1.0058,1.0025,1.0,0.9997,0.9999,1.0,1.0,1.0
N2_M20,2,20,ppo,,1,14,0,9,"[6, 9]",1.2,1.1429,1.0909,1.0435,1.0,0.9615,0.98,0.9918,0.9981,1.0
N2_M20,2,20,ppo,,1,14,1,13,"[4, 11]",1.4667,1.2958,1.1707,1.0753,1.0,0.8212,0.9196,0.9717,0.9944,1.0
N2_M20,2,20,ppo,,1,14,2,8,"[6, 7]",1.0769,1.0545,1.0345,1.0164,1.0,0.9941,0.997,0.9988,0.9997,1.0
N2_M20,2,20,ppo,,1,14,3,10,"[7, 9]",1.125,1.0882,1.0556,1.0263,1.0,0.9846,0.9923,0.9969,0.9993,1.0
N2_M20,2,20,ppo,,1,14,4,9,"[6, 9]",1.2,1.1429,1.0909,1.0435,1.0,0.9615,0.98,0.9918,0.9981,1.0
N2_M20,2,20,ppo,,1,15,0,129,"[25, 43]",1.2647,1.1169,1.0552,1.0214,1.0,0.9345,0.9865,0.997,0.9995,1.0
N2_M20,2,20,ppo,,1,15,1,65,"[21, 35]",1.25,1.1409,1.0753,1.0314,1.0,0.9412,0.9805,0.9944,0.999,1.0
N2_M20,2,20,ppo,,1,15,2,30,"[22, 17]",1.1282,1.0847,1.0505,1.0228,1.0,0.9838,0.9929,0.9975,0.9995,1.0
N2_M20,2,20,ppo,,1,15,3,55,"[35, 29]",1.0938,1.0596,1.0345,1.0152,1.0,0.9913,0.9965,0.9988,0.9998,1.0
N2_M20,2,20,ppo,,1,15,4,41,"[17, 6]",1.4783,1.2185,1.1048,1.0409,1.0,0.8138,0.9544,0.9891,0.9983,1.0
N2_M20,2,20,ppo,,1,16,0,3,"[3, 2]",1.2,1.1429,1.0909,1.0435,1.0,0.9615,0.98,0.9918,0.9981,1.0
N2_M20,2,20,ppo,,1,16,1,5,"[5, 3]",1.25,1.1765,1.1111,1.0526,1.0,0.9412,0.9698,0.9878,0.9972,1.0
N2_M20,2,20,ppo,,1,16,2,3,"[2, 3]",1.2,1.1429,1.0909,1.0435,1.0,0.9615,0.98,0.9918,0.9981,1.0
N2_M20,2,20,ppo,,1,16,3,4,"[4, 4]",1.0,1.0,1.0,1.0,1.0,1.0,1.0,1.0,1.0,1.0
N2_M20,2,20,ppo,,1,16,4,3,"[3, 3]",1.0,1.0,1.0,1.0,1.0,1.0,1.0,1.0,1.0,1.0
N2_M20,2,20,ppo,,1,17,0,6,"[6, 5]",1.0909,1.0667,1.0435,1.0213,1.0,0.9918,0.9956,0.9981,0.9995,1.0
N2_M20,2,20,ppo,,1,17,1,5,"[5, 5]",1.0,1.0,1.0,1.0,1.0,1.0,1.0,1.0,1.0,1.0
N2_M20,2,20,ppo,,1,17,2,5,"[5, 5]",1.0,1.0,1.0,1.0,1.0,1.0,1.0,1.0,1.0,1.0
N2_M20,2,20,ppo,,1,17,3,4,"[4, 4]",1.0,1.0,1.0,1.0,1.0,1.0,1.0,1.0,1.0,1.0
N2_M20,2,20,ppo,,1,17,4,5,"[5, 5]",1.0,1.0,1.0,1.0,1.0,1.0,1.0,1.0,1.0,1.0
N2_M20,2,20,ppo,,1,18,0,5,"[5, 5]",1.0,1.0,1.0,1.0,1.0,1.0,1.0,1.0,1.0,1.0
N2_M20,2,20,ppo,,1,18,1,5,"[5, 4]",1.1111,1.0811,1.0526,1.0256,1.0,0.9878,0.9935,0.9972,0.9993,1.0
N2_M20,2,20,ppo,,1,18,2,6,"[5, 5]",1.0,1.0,1.0,1.0,1.0,1.0,1.0,1.0,1.0,1.0
N2_M20,2,20,ppo,,1,18,3,7,"[7, 7]",1.0,1.0,1.0,1.0,1.0,1.0,1.0,1.0,1.0,1.0
N2_M20,2,20,ppo,,1,18,4,7,"[6, 7]",1.0769,1.0566,1.037,1.0182,1.0,0.9941,0.9968,0.9986,0.9997,1.0
N2_M20,2,20,ppo,,1,19,0,1,"[0, 1]",2.0,1.6,1.3333,1.1429,1.0,0.5,0.7353,0.9,0.98,1.0
N2_M20,2,20,ppo,,1,19,1,1,"[1, 1]",1.0,1.0,1.0,1.0,1.0,1.0,1.0,1.0,1.0,1.0
N2_M20,2,20,ppo,,1,19,2,1,"[1, 1]",1.0,1.0,1.0,1.0,1.0,1.0,1.0,1.0,1.0,1.0
N2_M20,2,20,ppo,,1,19,3,2,"[1, 2]",1.3333,1.2308,1.1429,1.0667,1.0,0.9,0.9494,0.98,0.9956,1.0
N2_M20,2,20,ppo,,1,19,4,1,"[1, 1]",1.0,1.0,1.0,1.0,1.0,1.0,1.0,1.0,1.0,1.0
N2_M20,2,20,ppo,,2,0,0,38,"[26, 26]",1.0,1.0,1.0,1.0,1.0,1.0,1.0,1.0,1.0,1.0
N2_M20,2,20,ppo,,2,0,1,15,"[11, 12]",1.0435,1.0303,1.0189,1.0088,1.0,0.9981,0.9991,0.9996,0.9999,1.0
N2_M20,2,20,ppo,,2,0,2,11,"[11, 8]",1.1579,1.1139,1.0732,1.0353,1.0,0.9757,0.9872,0.9947,0.9988,1.0
N2_M20,2,20,ppo,,2,0,3,12,"[11, 8]",1.1579,1.1111,1.0698,1.033,1.0,0.9757,0.9878,0.9952,0.9989,1.0
N2_M20,2,20,ppo,,2,0,4,14,"[12, 10]",1.0909,1.0638,1.04,1.0189,1.0,0.9918,0.9959,0.9984,0.9996,1.0
N2_M20,2,20,ppo,,2,1,0,13,"[11, 12]",1.0435,1.0316,1.0204,1.0099,1.0,0.9981,0.999,0.9996,0.9999,1.0
N2_M20,2,20,ppo,,2,1,1,11,"[10, 9]",1.0526,1.038,1.0244,1.0118,1.0,0.9972,0.9986,0.9994,0.9999,1.0
N2_M20,2,20,ppo,,2,1,2,12,"[10, 11]",1.0476,1.0345,1.0222,1.0108,1.0,0.9977,0.9988,0.9995,0.9999,1.0
N2_M20,2,20,ppo,,2,1,3,16,"[14, 13]",1.037,1.0265,1.0169,1.0081,1.0,0.9986,0.9993,0.9997,0.9999,1.0
N2_M20,2,20,ppo,,2,1,4,16,"[11, 14]",1.12,1.0841,1.0526,1.0248,1.0,0.9858,0.993,0.9972,0.9994,1.0
N2_M20,2,20,ppo,,2,2,0,60,"[32, 41]",1.1233,1.0796,1.0466,1.0208,1.0,0.985,0.9937,0.9978,0.9996,1.0
N2_M20,2,20,ppo,,2,2,1,120,"[50, 68]",1.1525,1.0909,1.0503,1.0215,1.0,0.9773,0.9918,0.9975,0.9995,1.0
N2_M20,2,20,ppo,,2,2,2,53,"[19, 38]",1.3333,1.2058,1.1166,1.0507,1.0,0.9,0.9594,0.9866,0.9974,1.0
N2_M20,2,20,ppo,,2,2,3,41,"[34, 19]",1.283,1.1867,1.1111,1.0502,1.0,0.9258,0.9663,0.9878,0.9975,1.0
N2_M20,2,20,ppo,,2,2,4,86,"[9, 40]",1.6327,1.2915,1.1403,1.0549,1.0,0.7142,0.9217,0.9807,0.997,1.0
N2_M20,2,20,ppo,,2,3,0,14,"[9, 12]",1.1429,1.0989,1.0612,1.0286,1.0,0.98,0.9903,0.9963,0.9992,1.0
N2_M20,2,20,ppo,,2,3,1,38,"[18, 30]",1.25,1.1636,1.0968,1.0435,1.0,0.9412,0.9739,0.9907,0.9981,1.0
N2_M20,2,20,ppo,,2,3,2,34,"[26, 27]",1.0189,1.0132,1.0083,1.0039,1.0,0.9996,0.9998,0.9999,1.0,1.0
N2_M20,2,20,ppo,,2,3,3,12,"[11, 10]",1.0476,1.0345,1.0222,1.0108,1.0,0.9977,0.9988,0.9995,0.9999,1.0
N2_M20,2,20,ppo,,2,3,4,12,"[9, 9]",1.0,1.0,1.0,1.0,1.0,1.0,1.0,1.0,1.0,1.0
N2_M20,2,20,ppo,,2,4,0,12,"[6, 7]",1.0769,1.0476,1.027,1.0118,1.0,0.9941,0.9977,0.9993,0.9999,1.0
N2_M20,2,20,ppo,,2,4,1,14,"[11, 12]",1.0435,1.0309,1.0196,1.0093,1.0,0.9981,0.999,0.9996,0.9999,1.0
N2_M20,2,20,ppo,,2,4,2,10,"[7, 9]",1.125,1.0882,1.0556,1.0263,1.0,0.9846,0.9923,0.9969,0.9993,1.0
N2_M20,2,20,ppo,,2,4,3,10,"[3, 9]",1.5,1.3214,1.1875,1.0833,1.0,0.8,0.9064,0.966,0.9931,1.0
N2_M20,2,20,ppo,,2,4,4,11,"[7, 9]",1.125,1.0857,1.0526,1.0244,1.0,0.9846,0.9927,0.9972,0.9994,1.0
N2_M20,2,20,ppo,,2,5,0,20,"[13, 12]",1.04,1.0261,1.0154,1.0069,1.0,0.9984,0.9993,0.9998,1.0,1.0
N2_M20,2,20,ppo,,2,5,1,17,"[10, 16]",1.2308,1.1607,1.1,1.0469,1.0,0.9494,0.9748,0.9901,0.9978,1.0
N2_M20,2,20,ppo,,2,5,2,59,"[35, 30]",1.0769,1.0479,1.0273,1.0119,1.0,0.9941,0.9977,0.9993,0.9999,1.0
N2_M20,2,20,ppo,,2,5,3,9,"[7, 9]",1.125,1.0909,1.0588,1.0286,1.0,0.9846,0.9918,0.9966,0.9992,1.0
N2_M20,2,20,ppo,,2,5,4,16,"[7, 12]",1.2632,1.1685,1.098,1.0435,1.0,0.9352,0.9724,0.9905,0.9981,1.0
N2_M20,2,20,ppo,,2,6,0,5,"[5, 4]",1.1111,1.0811,1.0526,1.0256,1.0,0.9878,0.9935,0.9972,0.9993,1.0
N2_M20,2,20,ppo,,2,6,1,3,"[3, 3]",1.0,1.0,1.0,1.0,1.0,1.0,1.0,1.0,1.0,1.0
N2_M20,2,20,ppo,,2,6,2,3,"[3, 3]",1.0,1.0,1.0,1.0,1.0,1.0,1.0,1.0,1.0,1.0
N2_M20,2,20,ppo,,2,6,3,5,"[5, 4]",1.1111,1.0811,1.0526,1.0256,1.0,0.9878,0.9935,0.9972,0.9993,1.0
N2_M20,2,20,ppo,,2,6,4,5,"[3, 5]",1.25,1.1765,1.1111,1.0526,1.0,0.9412,0.9698,0.9878,0.9972,1.0
N2_M20,2,20,ppo,,2,7,0,15,"[9, 9]",1.0,1.0,1.0,1.0,1.0,1.0,1.0,1.0,1.0,1.0
N2_M20,2,20,ppo,,2,7,1,6,"[6, 4]",1.2,1.1429,1.0909,1.0435,1.0,0.9615,0.98,0.9918,0.9981,1.0
N2_M20,2,20,ppo,,2,7,2,23,"[11, 13]",1.0833,1.0508,1.0286,1.0123,1.0,0.9931,0.9974,0.9992,0.9998,1.0
N2_M20,2,20,ppo,,2,7,3,22,"[8, 11]",1.1579,1.0891,1.0476,1.0199,1.0,0.9757,0.9921,0.9977,0.9996,1.0
N2_M20,2,20,ppo,,2,7,4,7,"[7, 3]",1.4,1.2727,1.1667,1.0769,1.0,0.8621,0.9308,0.973,0.9941,1.0
N2_M20,2,20,ppo,,2,8,0,21,"[17, 12]",1.1724,1.1163,1.0704,1.0323,1.0,0.9711,0.9867,0.9951,0.999,1.0
N2_M20,2,20,ppo,,2,8,1,27,"[12, 17]",1.1724,1.1064,1.0602,1.0262,1.0,0.9711,0.9888,0.9964,0.9993,1.0
N2_M20,2,20,ppo,,2,8,2,13,"[10, 7]",1.1765,1.1169,1.0698,1.0316,1.0,0.9698,0.9865,0.9952,0.999,1.0
N2_M20,2,20,ppo,,2,8,3,11,"[9, 11]",1.1,1.0732,1.0476,1.0233,1.0,0.9901,0.9947,0.9977,0.9995,1.0
N2_M20,2,20,ppo,,2,8,4,16,"[14, 13]",1.037,1.0265,1.0169,1.0081,1.0,0.9986,0.9993,0.9997,0.9999,1.0
N2_M20,2,20,ppo,,2,9,0,29,"[11, 11]",1.0,1.0,1.0,1.0,1.0,1.0,1.0,1.0,1.0,1.0
N2_M20,2,20,ppo,,2,9,1,15,"[7, 7]",1.0,1.0,1.0,1.0,1.0,1.0,1.0,1.0,1.0,1.0
N2_M20,2,20,ppo,,2,9,2,17,"[13, 14]",1.037,1.0261,1.0164,1.0078,1.0,0.9986,0.9993,0.9997,0.9999,1.0
N2_M20,2,20,ppo,,2,9,3,4,"[4, 4]",1.0,1.0,1.0,1.0,1.0,1.0,1.0,1.0,1.0,1.0
N2_M20,2,20,ppo,,2,9,4,16,"[6, 11]",1.2941,1.1807,1.102,1.0442,1.0,0.9204,0.9684,0.9897,0.998,1.0
N2_M20,2,20,ppo,,2,10,0,8,"[6, 2]",1.5,1.3,1.1667,1.0714,1.0,0.8,0.9174,0.973,0.9949,1.0
N2_M20,2,20,ppo,,2,10,1,4,"[4, 2]",1.3333,1.2308,1.1429,1.0667,1.0,0.9,0.9494,0.98,0.9956,1.0
N2_M20,2,20,ppo,,2,10,2,3,"[3, 1]",1.5,1.3333,1.2,1.0909,1.0,0.8,0.9,0.9615,0.9918,1.0
N2_M20,2,20,ppo,,2,10,3,3,"[3, 3]",1.0,1.0,1.0,1.0,1.0,1.0,1.0,1.0,1.0,1.0
N2_M20,2,20,ppo,,2,10,4,9,"[7, 5]",1.1667,1.1111,1.0667,1.0303,1.0,0.973,0.9878,0.9956,0.9991,1.0
N2_M20,2,20,ppo,,2,11,0,10,"[7, 6]",1.0769,1.0508,1.0303,1.0137,1.0,0.9941,0.9974,0.9991,0.9998,1.0
N2_M20,2,20,ppo,,2,11,1,10,"[8, 10]",1.1111,1.0811,1.0526,1.0256,1.0,0.9878,0.9935,0.9972,0.9993,1.0
N2_M20,2,20,ppo,,2,11,2,4,"[3, 3]",1.0,1.0,1.0,1.0,1.0,1.0,1.0,1.0,1.0,1.0
N2_M20,2,20,ppo,,2,11,3,4,"[4, 4]",1.0,1.0,1.0,1.0,1.0,1.0,1.0,1.0,1.0,1.0
N2_M20,2,20,ppo,,2,11,4,3,"[3, 3]",1.0,1.0,1.0,1.0,1.0,1.0,1.0,1.0,1.0,1.0
N2_M20,2,20,ppo,,2,12,0,55,"[34, 30]",1.0625,1.0397,1.023,1.0102,1.0,0.9961,0.9984,0.9995,0.9999,1.0
N2_M20,2,20,ppo,,2,12,1,23,"[19, 11]",1.2667,1.1765,1.1053,1.0476,1.0,0.9336,0.9698,0.989,0.9977,1.0
N2_M20,2,20,ppo,,2,12,2,27,"[22, 14]",1.2222,1.1481,1.0889,1.0404,1.0,0.9529,0.9785,0.9922,0.9984,1.0
N2_M20,2,20,ppo,,2,12,3,46,"[30, 26]",1.0714,1.0462,1.027,1.012,1.0,0.9949,0.9979,0.9993,0.9999,1.0
N2_M20,2,20,ppo,,2,12,4,51,"[33, 27]",1.1,1.0638,1.037,1.0164,1.0,0.9901,0.9959,0.9986,0.9997,1.0
N2_M20,2,20,ppo,,2,13,0,30,"[18, 26]",1.1818,1.125,1.0769,1.0357,1.0,0.968,0.9846,0.9941,0.9987,1.0
N2_M20,2,20,ppo,,2,13,1,16,"[15, 13]",1.0714,1.0517,1.0333,1.0161,1.0,0.9949,0.9973,0.9989,0.9997,1.0
N2_M20,2,20,ppo,,2,13,2,57,"[23, 37]",1.2333,1.1429,1.0805,1.0348,1.0,0.9484,0.98,0.9936,0.9988,1.0
N2_M20,2,20,ppo,,2,13,3,53,"[21, 22]",1.0233,1.0128,1.0067,1.0028,1.0,0.9995,0.9998,1.0,1.0,1.0
N2_M20,2,20,ppo,,2,13,4,43,"[24, 26]",1.04,1.0254,1.0147,1.0065,1.0,0.9984,0.9994,0.9998,1.0,1.0
N2_M20,2,20,ppo,,2,14,0,12,"[3, 12]",1.6,1.3913,1.2308,1.1034,1.0,0.7353,0.8672,0.9494,0.9894,1.0
N2_M20,2,20,ppo,,2,14,1,13,"[4, 12]",1.5,1.3243,1.1905,1.0851,1.0,0.8,0.9048,0.965,0.9928,1.0
N2_M20,2,20,ppo,,2,14,2,9,"[7, 6]",1.0769,1.0526,1.0323,1.0149,1.0,0.9941,0.9972,0.999,0.9998,1.0
N2_M20,2,20,ppo,,2,14,3,10,"[6, 9]",1.2,1.1385,1.0857,1.04,1.0,0.9615,0.9812,0.9927,0.9984,1.0
N2_M20,2,20,ppo,,2,14,4,10,"[5, 10]",1.3333,1.2308,1.1429,1.0667,1.0,0.9,0.9494,0.98,0.9956,1.0
N2_M20,2,20,ppo,,2,15,0,83,"[15, 25]",1.25,1.1049,1.0485,1.0186,1.0,0.9412,0.9891,0.9976,0.9997,1.0
N2_M20,2,20,ppo,,2,15,1,204,"[22, 32]",1.1852,1.0526,1.0216,1.0078,1.0,0.9668,0.9972,0.9995,0.9999,1.0
N2_M20,2,20,ppo,,2,15,2,42,"[23, 19]",1.0952,1.0571,1.0317,1.0136,1.0,0.991,0.9967,0.999,0.9998,1.0
N2_M20,2,20,ppo,,2,15,3,56,"[22, 33]",1.2,1.1191,1.0659,1.0281,1.0,0.9615,0.986,0.9957,0.9992,1.0
N2_M20,2,20,ppo,,2,15,4,89,"[25, 33]",1.1379,1.0682,1.0339,1.0135,1.0,0.9813,0.9954,0.9989,0.9998,1.0
N2_M20,2,20,ppo,,2,16,0,9,"[7, 7]",1.0,1.0,1.0,1.0,1.0,1.0,1.0,1.0,1.0,1.0
N2_M20,2,20,ppo,,2,16,1,6,"[6, 4]",1.2,1.1429,1.0909,1.0435,1.0,0.9615,0.98,0.9918,0.9981,1.0
N2_M20,2,20,ppo,,2,16,2,7,"[6, 6]",1.0,1.0,1.0,1.0,1.0,1.0,1.0,1.0,1.0,1.0
N2_M20,2,20,ppo,,2,16,3,21,"[16, 14]",1.0667,1.0455,1.0278,1.0128,1.0,0.9956,0.9979,0.9992,0.9998,1.0
N2_M20,2,20,ppo,,2,16,4,13,"[11, 10]",1.0476,1.0337,1.0213,1.0101,1.0,0.9977,0.9989,0.9995,0.9999,1.0
N2_M20,2,20,ppo,,2,17,0,6,"[6, 5]",1.0909,1.0667,1.0435,1.0213,1.0,0.9918,0.9956,0.9981,0.9995,1.0
N2_M20,2,20,ppo,,2,17,1,6,"[5, 6]",1.0909,1.0667,1.0435,1.0213,1.0,0.9918,0.9956,0.9981,0.9995,1.0
N2_M20,2,20,ppo,,2,17,2,6,"[6, 5]",1.0909,1.0667,1.0435,1.0213,1.0,0.9918,0.9956,0.9981,0.9995,1.0
N2_M20,2,20,ppo,,2,17,3,7,"[6, 5]",1.0909,1.0638,1.04,1.0189,1.0,0.9918,0.9959,0.9984,0.9996,1.0
N2_M20,2,20,ppo,,2,17,4,5,"[5, 5]",1.0,1.0,1.0,1.0,1.0,1.0,1.0,1.0,1.0,1.0
N2_M20,2,20,ppo,,2,18,0,5,"[5, 5]",1.0,1.0,1.0,1.0,1.0,1.0,1.0,1.0,1.0,1.0
N2_M20,2,20,ppo,,2,18,1,5,"[5, 4]",1.1111,1.0811,1.0526,1.0256,1.0,0.9878,0.9935,0.9972,0.9993,1.0
N2_M20,2,20,ppo,,2,18,2,6,"[5, 6]",1.0909,1.0667,1.0435,1.0213,1.0,0.9918,0.9956,0.9981,0.9995,1.0
N2_M20,2,20,ppo,,2,18,3,5,"[5, 5]",1.0,1.0,1.0,1.0,1.0,1.0,1.0,1.0,1.0,1.0
N2_M20,2,20,ppo,,2,18,4,5,"[4, 5]",1.1111,1.0811,1.0526,1.0256,1.0,0.9878,0.9935,0.9972,0.9993,1.0
N2_M20,2,20,ppo,,2,19,0,1,"[0, 1]",2.0,1.6,1.3333,1.1429,1.0,0.5,0.7353,0.9,0.98,1.0
N2_M20,2,20,ppo,,2,19,1,6,"[5, 4]",1.1111,1.0769,1.0476,1.0222,1.0,0.9878,0.9941,0.9977,0.9995,1.0
N2_M20,2,20,ppo,,2,19,2,1,"[1, 0]",2.0,1.6,1.3333,1.1429,1.0,0.5,0.7353,0.9,0.98,1.0
N2_M20,2,20,ppo,,2,19,3,3,"[3, 3]",1.0,1.0,1.0,1.0,1.0,1.0,1.0,1.0,1.0,1.0
N2_M20,2,20,ppo,,2,19,4,1,"[1, 1]",1.0,1.0,1.0,1.0,1.0,1.0,1.0,1.0,1.0,1.0
N2_M20,2,20,astar,bbox,-1,0,0,25,"[11, 12]",1.0435,1.0252,1.0137,1.0058,1.0,0.9981,0.9994,0.9998,1.0,1.0
N2_M20,2,20,astar,bbox,-1,1,0,12,"[11, 12]",1.0435,1.0323,1.0213,1.0105,1.0,0.9981,0.999,0.9995,0.9999,1.0
N2_M20,2,20,astar,bbox,-1,2,0,9,"[8, 7]",1.0667,1.0476,1.0303,1.0145,1.0,0.9956,0.9977,0.9991,0.9998,1.0
N2_M20,2,20,astar,bbox,-1,3,0,15,"[9, 14]",1.2174,1.1515,1.0943,1.0442,1.0,0.9549,0.9776,0.9912,0.998,1.0
N2_M20,2,20,astar,bbox,-1,4,0,6,"[6, 6]",1.0,1.0,1.0,1.0,1.0,1.0,1.0,1.0,1.0,1.0
N2_M20,2,20,astar,bbox,-1,5,0,14,"[11, 9]",1.1,1.0682,1.0417,1.0192,1.0,0.9901,0.9954,0.9983,0.9996,1.0
N2_M20,2,20,astar,bbox,-1,6,0,3,"[3, 3]",1.0,1.0,1.0,1.0,1.0,1.0,1.0,1.0,1.0,1.0
N2_M20,2,20,astar,bbox,-1,7,0,3,"[3, 3]",1.0,1.0,1.0,1.0,1.0,1.0,1.0,1.0,1.0,1.0
N2_M20,2,20,astar,bbox,-1,8,0,29,"[8, 5]",1.2308,1.0928,1.0423,1.016,1.0,0.9494,0.9915,0.9982,0.9997,1.0
N2_M20,2,20,astar,bbox,-1,9,0,26,"[5, 6]",1.0909,1.0353,1.0159,1.006,1.0,0.9918,0.9988,0.9997,1.0,1.0
N2_M20,2,20,astar,bbox,-1,10,0,12,"[2, 2]",1.0,1.0,1.0,1.0,1.0,1.0,1.0,1.0,1.0,1.0
N2_M20,2,20,astar,bbox,-1,11,0,3,"[3, 3]",1.0,1.0,1.0,1.0,1.0,1.0,1.0,1.0,1.0,1.0
N2_M20,2,20,astar,bbox,-1,12,0,9,"[9, 5]",1.2857,1.2,1.125,1.0588,1.0,0.9245,0.9615,0.9846,0.9966,1.0
N2_M20,2,20,astar,bbox,-1,13,0,13,"[11, 13]",1.0833,1.0612,1.04,1.0196,1.0,0.9931,0.9963,0.9984,0.9996,1.0
N2_M20,2,20,astar,bbox,-1,14,0,7,"[7, 7]",1.0,1.0,1.0,1.0,1.0,1.0,1.0,1.0,1.0,1.0
N2_M20,2,20,astar,bbox,-1,15,0,11,"[7, 11]",1.2222,1.1579,1.1,1.0476,1.0,0.9529,0.9757,0.9901,0.9977,1.0
N2_M20,2,20,astar,bbox,-1,16,0,3,"[3, 3]",1.0,1.0,1.0,1.0,1.0,1.0,1.0,1.0,1.0,1.0
N2_M20,2,20,astar,bbox,-1,17,0,5,"[5, 5]",1.0,1.0,1.0,1.0,1.0,1.0,1.0,1.0,1.0,1.0
N2_M20,2,20,astar,bbox,-1,18,0,4,"[4, 4]",1.0,1.0,1.0,1.0,1.0,1.0,1.0,1.0,1.0,1.0
N2_M20,2,20,astar,bbox,-1,19,0,1,"[1, 1]",1.0,1.0,1.0,1.0,1.0,1.0,1.0,1.0,1.0,1.0
N2_M20,2,20,astar,median,-1,0,0,25,"[11, 12]",1.0435,1.0252,1.0137,1.0058,1.0,0.9981,0.9994,0.9998,1.0,1.0
N2_M20,2,20,astar,median,-1,1,0,12,"[11, 12]",1.0435,1.0323,1.0213,1.0105,1.0,0.9981,0.999,0.9995,0.9999,1.0
N2_M20,2,20,astar,median,-1,2,0,35,"[10, 12]",1.0909,1.0441,1.0217,1.0086,1.0,0.9918,0.9981,0.9995,0.9999,1.0
N2_M20,2,20,astar,median,-1,3,0,15,"[9, 14]",1.2174,1.1515,1.0943,1.0442,1.0,0.9549,0.9776,0.9912,0.998,1.0
N2_M20,2,20,astar,median,-1,4,0,6,"[6, 6]",1.0,1.0,1.0,1.0,1.0,1.0,1.0,1.0,1.0,1.0
N2_M20,2,20,astar,median,-1,5,0,14,"[11, 9]",1.1,1.0682,1.0417,1.0192,1.0,0.9901,0.9954,0.9983,0.9996,1.0
N2_M20,2,20,astar,median,-1,6,0,3,"[3, 3]",1.0,1.0,1.0,1.0,1.0,1.0,1.0,1.0,1.0,1.0
N2_M20,2,20,astar,median,-1,7,0,3,"[3, 3]",1.0,1.0,1.0,1.0,1.0,1.0,1.0,1.0,1.0,1.0
N2_M20,2,20,astar,median,-1,8,0,29,"[8, 5]",1.2308,1.0928,1.0423,1.016,1.0,0.9494,0.9915,0.9982,0.9997,1.0
N2_M20,2,20,astar,median,-1,9,0,4,"[4, 4]",1.0,1.0,1.0,1.0,1.0,1.0,1.0,1.0,1.0,1.0
N2_M20,2,20,astar,median,-1,10,0,12,"[2, 2]",1.0,1.0,1.0,1.0,1.0,1.0,1.0,1.0,1.0,1.0
N2_M20,2,20,astar,median,-1,11,0,3,"[3, 3]",1.0,1.0,1.0,1.0,1.0,1.0,1.0,1.0,1.0,1.0
N2_M20,2,20,astar,median,-1,12,0,9,"[9, 5]",1.2857,1.2,1.125,1.0588,1.0,0.9245,0.9615,0.9846,0.9966,1.0
N2_M20,2,20,astar,median,-1,13,0,13,"[11, 13]",1.0833,1.0612,1.04,1.0196,1.0,0.9931,0.9963,0.9984,0.9996,1.0
N2_M20,2,20,astar,median,-1,14,0,7,"[7, 7]",1.0,1.0,1.0,1.0,1.0,1.0,1.0,1.0,1.0,1.0
N2_M20,2,20,astar,median,-1,15,0,11,"[7, 11]",1.2222,1.1579,1.1,1.0476,1.0,0.9529,0.9757,0.9901,0.9977,1.0
N2_M20,2,20,astar,median,-1,16,0,3,"[3, 3]",1.0,1.0,1.0,1.0,1.0,1.0,1.0,1.0,1.0,1.0
N2_M20,2,20,astar,median,-1,17,0,5,"[5, 5]",1.0,1.0,1.0,1.0,1.0,1.0,1.0,1.0,1.0,1.0
N2_M20,2,20,astar,median,-1,18,0,4,"[4, 4]",1.0,1.0,1.0,1.0,1.0,1.0,1.0,1.0,1.0,1.0
N2_M20,2,20,astar,median,-1,19,0,1,"[1, 1]",1.0,1.0,1.0,1.0,1.0,1.0,1.0,1.0,1.0,1.0
N2_M20,2,20,astar,minimax,-1,0,0,11,"[9, 8]",1.0588,1.0411,1.0256,1.012,1.0,0.9966,0.9983,0.9993,0.9999,1.0
N2_M20,2,20,astar,minimax,-1,1,0,12,"[11, 12]",1.0435,1.0323,1.0213,1.0105,1.0,0.9981,0.999,0.9995,0.9999,1.0
N2_M20,2,20,astar,minimax,-1,2,0,22,"[12, 10]",1.0909,1.0545,1.0303,1.013,1.0,0.9918,0.997,0.9991,0.9998,1.0
N2_M20,2,20,astar,minimax,-1,3,0,18,"[12, 14]",1.0769,1.0526,1.0323,1.0149,1.0,0.9941,0.9972,0.999,0.9998,1.0
N2_M20,2,20,astar,minimax,-1,4,0,7,"[7, 7]",1.0,1.0,1.0,1.0,1.0,1.0,1.0,1.0,1.0,1.0
N2_M20,2,20,astar,minimax,-1,5,0,18,"[7, 7]",1.0,1.0,1.0,1.0,1.0,1.0,1.0,1.0,1.0,1.0
N2_M20,2,20,astar,minimax,-1,6,0,3,"[3, 3]",1.0,1.0,1.0,1.0,1.0,1.0,1.0,1.0,1.0,1.0
N2_M20,2,20,astar,minimax,-1,7,0,37,"[7, 6]",1.0769,1.0265,1.0115,1.0043,1.0,0.9941,0.9993,0.9999,1.0,1.0
N2_M20,2,20,astar,minimax,-1,8,0,40,"[9, 6]",1.2,1.072,1.0316,1.0118,1.0,0.9615,0.9948,0.999,0.9999,1.0
N2_M20,2,20,astar,minimax,-1,9,0,4,"[4, 4]",1.0,1.0,1.0,1.0,1.0,1.0,1.0,1.0,1.0,1.0
N2_M20,2,20,astar,minimax,-1,10,0,12,"[2, 1]",1.3333,1.0909,1.037,1.0133,1.0,0.9,0.9918,0.9986,0.9998,1.0
N2_M20,2,20,astar,minimax,-1,11,0,4,"[4, 4]",1.0,1.0,1.0,1.0,1.0,1.0,1.0,1.0,1.0,1.0
N2_M20,2,20,astar,minimax,-1,12,0,39,"[16, 9]",1.28,1.1373,1.068,1.027,1.0,0.9273,0.9815,0.9954,0.9993,1.0
N2_M20,2,20,astar,minimax,-1,13,0,13,"[13, 13]",1.0,1.0,1.0,1.0,1.0,1.0,1.0,1.0,1.0,1.0
N2_M20,2,20,astar,minimax,-1,14,0,8,"[8, 8]",1.0,1.0,1.0,1.0,1.0,1.0,1.0,1.0,1.0,1.0
N2_M20,2,20,astar,minimax,-1,15,0,12,"[8, 12]",1.2,1.1429,1.0909,1.0435,1.0,0.9615,0.98,0.9918,0.9981,1.0
N2_M20,2,20,astar,minimax,-1,16,0,4,"[4, 4]",1.0,1.0,1.0,1.0,1.0,1.0,1.0,1.0,1.0,1.0
N2_M20,2,20,astar,minimax,-1,17,0,6,"[6, 6]",1.0,1.0,1.0,1.0,1.0,1.0,1.0,1.0,1.0,1.0
N2_M20,2,20,astar,minimax,-1,18,0,5,"[5, 5]",1.0,1.0,1.0,1.0,1.0,1.0,1.0,1.0,1.0,1.0
N2_M20,2,20,astar,minimax,-1,19,0,1,"[1, 1]",1.0,1.0,1.0,1.0,1.0,1.0,1.0,1.0,1.0,1.0
N3_M20,3,20,ppo,,0,0,0,23,"[8, 14, 22]",1.5,1.3284,1.1947,1.0876,1.0,0.8674,0.9381,0.9773,0.9953,1.0
N3_M20,3,20,ppo,,0,0,1,72,"[40, 36, 50]",1.1905,1.1212,1.0702,1.031,1.0,0.9807,0.9921,0.9973,0.9995,1.0
N3_M20,3,20,ppo,,0,0,2,15,"[9, 13, 9]",1.2581,1.1739,1.1053,1.0482,1.0,0.9678,0.9851,0.9945,0.9988,1.0
N3_M20,3,20,ppo,,0,0,3,26,"[17, 19, 20]",1.0714,1.0488,1.0299,1.0138,1.0,0.9956,0.9979,0.9992,0.9998,1.0
N3_M20,3,20,ppo,,0,0,4,22,"[11, 17, 12]",1.275,1.1774,1.1038,1.0462,1.0,0.9627,0.9841,0.9945,0.9989,1.0
N3_M20,3,20,ppo,,0,1,0,34,"[16, 22, 25]",1.1905,1.1237,1.0727,1.0325,1.0,0.9692,0.9868,0.9954,0.9991,1.0
N3_M20,3,20,ppo,,0,1,1,242,"[68, 97, 85]",1.164,1.0833,1.042,1.0169,1.0,0.98,0.9948,0.9987,0.9998,1.0
N3_M20,3,20,ppo,,0,1,2,163,"[63, 64, 79]",1.1505,1.084,1.0446,1.0185,1.0,0.9888,0.9965,0.999,0.9998,1.0
N3_M20,3,20,ppo,,0,1,3,40,"[15, 27, 28]",1.2,1.1273,1.0737,1.0326,1.0,0.9398,0.9747,0.9914,0.9983,1.0
N3_M20,3,20,ppo,,0,1,4,52,"[21, 24, 30]",1.2,1.1181,1.0649,1.0276,1.0,0.9781,0.9922,0.9976,0.9996,1.0
N3_M20,3,20,ppo,,0,2,0,41,"[24, 19, 21]",1.125,1.0762,1.0428,1.0185,1.0,0.9908,0.9966,0.9989,0.9998,1.0
N3_M20,3,20,ppo,,0,2,1,62,"[34, 25, 18]",1.3247,1.1799,1.0951,1.0394,1.0,0.9389,0.9804,0.9945,0.999,1.0
N3_M20,3,20,ppo,,0,2,2,99,"[54, 37, 28]",1.3613,1.1972,1.1034,1.0426,1.0,0.9312,0.9785,0.994,0.999,1.0
N3_M20,3,20,ppo,,0,2,3,35,"[19, 24, 16]",1.2203,1.1383,1.0793,1.0348,1.0,0.9726,0.989,0.9964,0.9993,1.0
N3_M20,3,20,ppo,,0,2,4,300,"[54, 114, 122]",1.2621,1.1288,1.0639,1.0254,1.0,0.9103,0.9767,0.9942,0.9991,1.0
N3_M20,3,20,ppo,,0,3,0,49,"[36, 28, 24]",1.2273,1.146,1.0851,1.0378,1.0,0.9719,0.9882,0.996,0.9992,1.0
N3_M20,3,20,ppo,,0,3,1,30,"[21, 12, 15]",1.3125,1.1923,1.1087,1.0472,1.0,0.9481,0.9797,0.9934,0.9988,1.0
N3_M20,3,20,ppo,,0,3,2,28,"[20, 18, 21]",1.0678,1.046,1.028,1.0129,1.0,0.996,0.9982,0.9993,0.9999,1.0
N3_M20,3,20,ppo,,0,3,3,52,"[34, 26, 23]",1.2289,1.1407,1.0795,1.0345,1.0,0.9726,0.9895,0.9966,0.9994,1.0
N3_M20,3,20,ppo,,0,3,4,67,"[40, 43, 30]",1.1416,1.0889,1.051,1.0223,1.0,0.9787,0.9915,0.9972,0.9995,1.0
N3_M20,3,20,ppo,,0,4,0,21,"[15, 9, 9]",1.3636,1.2222,1.125,1.0541,1.0,0.938,0.9759,0.9922,0.9985,1.0
N3_M20,3,20,ppo,,0,4,1,139,"[60, 50, 31]",1.2766,1.1393,1.0699,1.028,1.0,0.9385,0.9837,0.9958,0.9993,1.0
N3_M20,3,20,ppo,,0,4,2,29,"[21, 15, 17]",1.1887,1.122,1.0714,1.0318,1.0,0.9805,0.9917,0.9972,0.9994,1.0
N3_M20,3,20,ppo,,0,4,3,16,"[9, 4, 14]",1.5556,1.3488,1.2,1.0877,1.0,0.8294,0.925,0.974,0.9949,1.0
N3_M20,3,20,ppo,,0,4,4,60,"[34, 33, 18]",1.2,1.1172,1.0642,1.0272,1.0,0.9375,0.9776,0.9932,0.9988,1.0
N3_M20,3,20,ppo,,0,5,0,67,"[29, 23, 32]",1.1429,1.0795,1.0421,1.0175,1.0,0.9825,0.9945,0.9985,0.9997,1.0
N3_M20,3,20,ppo,,0,5,1,52,"[27, 34, 23]",1.2143,1.1324,1.075,1.0326,1.0,0.9743,0.99,0.9968,0.9994,1.0
N3_M20,3,20,ppo,,0,5,2,109,"[51, 47, 60]",1.1392,1.0824,1.0454,1.0193,1.0,0.9895,0.9963,0.9989,0.9998,1.0
N3_M20,3,20,ppo,,0,5,3,13,"[9, 7, 9]",1.08,1.0526,1.0312,1.0141,1.0,0.9874,0.9945,0.9981,0.9996,1.0
N3_M20,3,20,ppo,,0,5,4,47,"[23, 30, 25]",1.1538,1.096,1.0548,1.024,1.0,0.9873,0.995,0.9984,0.9997,1.0
N3_M20,3,20,ppo,,0,6,0,135,"[52, 51, 32]",1.1556,1.0778,1.0389,1.0156,1.0,0.9599,0.9897,0.9974,0.9996,1.0
N3_M20,3,20,ppo,,0,6,1,24,"[11, 17, 16]",1.1591,1.1029,1.0603,1.0269,1.0,0.969,0.9868,0.9954,0.9991,1.0
N3_M20,3,20,ppo,,0,6,2,79,"[44, 33, 21]",1.3469,1.1921,1.1015,1.042,1.0,0.9236,0.9753,0.993,0.9988,1.0
N3_M20,3,20,ppo,,0,6,3,77,"[46, 25, 17]",1.5682,1.303,1.1567,1.064,1.0,0.8519,0.9529,0.9869,0.9978,1.0
N3_M20,3,20,ppo,,0,6,4,107,"[37, 56, 41]",1.2537,1.1411,1.0747,1.031,1.0,0.9676,0.9897,0.9971,0.9995,1.0
N3_M20,3,20,ppo,,0,7,0,154,"[79, 16, 76]",1.386,1.2031,1.1043,1.0424,1.0,0.7942,0.9331,0.9814,0.9969,1.0
N3_M20,3,20,ppo,,0,7,1,178,"[69, 18, 68]",1.3355,1.1562,1.0755,1.0296,1.0,0.8248,0.956,0.9894,0.9984,1.0
N3_M20,3,20,ppo,,0,7,2,87,"[40, 21, 37]",1.2245,1.1189,1.0613,1.025,1.0,0.9388,0.982,0.9952,0.9992,1.0
N3_M20,3,20,ppo,,0,7,3,248,"[84, 65, 104]",1.2332,1.1178,1.0592,1.0237,1.0,0.9656,0.991,0.9977,0.9996,1.0
N3_M20,3,20,ppo,,0,7,4,117,"[66, 24, 74]",1.3537,1.2064,1.1126,1.0477,1.0,0.8614,0.948,0.9839,0.9971,1.0
N3_M20,3,20,ppo,,0,8,0,35,"[15, 8, 22]",1.4667,1.2625,1.14,1.0583,1.0,0.8732,0.9561,0.9871,0.9977,1.0
N3_M20,3,20,ppo,,0,8,1,73,"[25, 29, 29]",1.0482,1.0256,1.0132,1.0054,1.0,0.9954,0.9987,0.9996,0.9999,1.0
N3_M20,3,20,ppo,,0,8,2,46,"[11, 19, 20]",1.2,1.1042,1.0532,1.0216,1.0,0.9448,0.9844,0.9959,0.9993,1.0
N3_M20,3,20,ppo,,0,8,3,63,"[26, 14, 39]",1.481,1.2676,1.1418,1.0588,1.0,0.8693,0.9555,0.9871,0.9978,1.0
N3_M20,3,20,ppo,,0,8,4,122,"[53, 37, 58]",1.1757,1.0963,1.0506,1.0209,1.0,0.9681,0.9902,0.9973,0.9995,1.0
N3_M20,3,20,ppo,,0,9,0,26,"[8, 12, 14]",1.2353,1.1333,1.0714,1.0299,1.0,0.9538,0.9847,0.9956,0.9992,1.0
N3_M20,3,20,ppo,,0,9,1,39,"[16, 16, 27]",1.3729,1.2245,1.125,1.0537,1.0,0.935,0.9754,0.9922,0.9986,1.0
N3_M20,3,20,ppo,,0,9,2,13,"[7, 7, 12]",1.3846,1.2564,1.1538,1.0699,1.0,0.9311,0.9682,0.9883,0.9976,1.0
N3_M20,3,20,ppo,,0,9,3,19,"[12, 9, 12]",1.0909,1.0577,1.0333,1.0147,1.0,0.9837,0.9934,0.9978,0.9996,1.0
N3_M20,3,20,ppo,,0,9,4,19,"[9, 12, 15]",1.25,1.1636,1.0968,1.0435,1.0,0.96,0.9825,0.9938,0.9987,1.0
N3_M20,3,20,ppo,,0,10,0,11,"[8, 5, 10]",1.3043,1.2059,1.125,1.0574,1.0,0.933,0.9682,0.988,0.9975,1.0
N3_M20,3,20,ppo,,0,10,1,18,"[8, 9, 15]",1.4062,1.26,1.1512,1.067,1.0,0.9225,0.9667,0.9885,0.9977,1.0
N3_M20,3,20,ppo,,0,10,2,19,"[13, 8, 17]",1.3421,1.2281,1.1368,1.0622,1.0,0.9221,0.9638,0.9867,0.9972,1.0
N3_M20,3,20,ppo,,0,10,3,32,"[15, 14, 16]",1.0667,1.039,1.0213,1.009,1.0,0.997,0.999,0.9997,0.9999,1.0
N3_M20,3,20,ppo,,0,10,4,34,"[9, 9, 14]",1.3125,1.1515,1.0746,1.0296,1.0,0.9534,0.9887,0.9972,0.9996,1.0
N3_M20,3,20,ppo,,0,11,0,9,"[4, 9, 4]",1.5882,1.3846,1.2273,1.102,1.0,0.8525,0.9311,0.9748,0.9948,1.0
N3_M20,3,20,ppo,,0,11,1,7,"[4, 5, 5]",1.0714,1.0476,1.0286,1.013,1.0,0.9899,0.9955,0.9984,0.9997,1.0
N3_M20,3,20,ppo,,0,11,2,12,"[8, 10, 9]",1.1111,1.0769,1.0476,1.0222,1.0,0.9918,0.9961,0.9985,0.9997,1.0
N3_M20,3,20,ppo,,0,11,3,7,"[7, 5, 7]",1.1053,1.0769,1.05,1.0244,1.0,0.9783,0.9883,0.995,0.9988,1.0
N3_M20,3,20,ppo,,0,11,4,9,"[8, 7, 6]",1.1429,1.1,1.0625,1.0294,1.0,0.9866,0.9934,0.9974,0.9994,1.0
N3_M20,3,20,ppo,,0,12,0,75,"[27, 36, 41]",1.1827,1.1061,1.0578,1.0244,1.0,0.9728,0.9907,0.9972,0.9995,1.0
N3_M20,3,20,ppo,,0,12,1,94,"[34, 35, 40]",1.1009,1.0542,1.0281,1.0115,1.0,0.9948,0.9985,0.9996,0.9999,1.0
N3_M20,3,20,ppo,,0,12,2,32,"[19, 19, 21]",1.0678,1.044,1.0258,1.0115,1.0,0.9977,0.999,0.9997,0.9999,1.0
N3_M20,3,20,ppo,,0,12,3,130,"[34, 39, 69]",1.4577,1.239,1.1222,1.0495,1.0,0.9036,0.9718,0.9925,0.9988,1.0
N3_M20,3,20,ppo,,0,12,4,92,"[24, 51, 46]",1.2645,1.1502,1.0806,1.0337,1.0,0.922,0.9734,0.9922,0.9986,1.0
N3_M20,3,20,ppo,,0,13,0,300,"[48, 100, 103]",1.2311,1.1053,1.0504,1.0197,1.0,0.9165,0.9815,0.9957,0.9993,1.0
N3_M20,3,20,ppo,,0,13,1,300,"[32, 96, 88]",1.3333,1.1395,1.0645,1.0247,1.0,0.8648,0.9733,0.9942,0.9991,1.0
N3_M20,3,20,ppo,,0,13,2,300,"[38, 108, 101]",1.3117,1.1408,1.0671,1.0261,1.0,0.8725,0.9711,0.9933,0.999,1.0
N3_M20,3,20,ppo,,0,13,3,32,"[18, 10, 15]",1.2558,1.1467,1.0791,1.0332,1.0,0.9497,0.9829,0.995,0.9991,1.0
N3_M20,3,20,ppo,,0,13,4,300,"[28, 95, 107]",1.3957,1.1717,1.0805,1.0311,1.0,0.8295,0.9627,0.9916,0.9987,1.0
N3_M20,3,20,ppo,,0,14,0,68,"[37, 22, 52]",1.4054,1.2514,1.1429,1.0622,1.0,0.9013,0.9596,0.9866,0.9974,1.0
N3_M20,3,20,ppo,,0,14,1,19,"[15, 16, 15]",1.0435,1.0308,1.0194,1.0092,1.0,0.9991,0.9995,0.9998,1.0,1.0
N3_M20,3,20,ppo,,0,14,2,37,"[21, 7, 26]",1.4444,1.2637,1.1455,1.062,1.0,0.8336,0.9343,0.9791,0.9961,1.0
N3_M20,3,20,ppo,,0,14,3,19,"[15, 11, 15]",1.0976,1.0667,1.0408,1.0189,1.0,0.9813,0.9912,0.9967,0.9993,1.0
N3_M20,3,20,ppo,,0,14,4,13,"[11, 9, 13]",1.1818,1.1304,1.0833,1.04,1.0,0.9784,0.9888,0.9954,0.9989,1.0
N3_M20,3,20,ppo,,0,15,0,51,"[22, 21, 28]",1.1831,1.1066,1.058,1.0245,1.0,0.9832,0.9943,0.9983,0.9997,1.0
N3_M20,3,20,ppo,,0,15,1,18,"[13, 13, 13]",1.0,1.0,1.0,1.0,1.0,1.0,1.0,1.0,1.0,1.0
N3_M20,3,20,ppo,,0,15,2,41,"[20, 25, 33]",1.2692,1.1765,1.1045,1.047,1.0,0.9593,0.9821,0.9937,0.9987,1.0
N3_M20,3,20,ppo,,0,15,3,30,"[9, 22, 26]",1.3684,1.2414,1.1429,1.0642,1.0,0.8727,0.9411,0.9785,0.9956,1.0
N3_M20,3,20,ppo,,0,15,4,34,"[26, 12, 27]",1.2462,1.1616,1.0958,1.0431,1.0,0.9092,0.9587,0.9851,0.9969,1.0
N3_M20,3,20,ppo,,0,16,0,9,"[4, 9, 5]",1.5,1.3333,1.2,1.0909,1.0,0.8852,0.9455,0.9797,0.9957,1.0
N3_M20,3,20,ppo,,0,16,1,9,"[7, 6, 7]",1.05,1.0345,1.0213,1.0099,1.0,0.995,0.9976,0.9991,0.9998,1.0
N3_M20,3,20,ppo,,0,16,2,8,"[6, 7, 5]",1.1667,1.1154,1.0714,1.0333,1.0,0.9818,0.9912,0.9966,0.9993,1.0
N3_M20,3,20,ppo,,0,16,3,6,"[4, 5, 4]",1.1538,1.1053,1.0645,1.0299,1.0,0.9883,0.9945,0.9979,0.9996,1.0
N3_M20,3,20,ppo,,0,16,4,14,"[12, 11, 12]",1.0286,1.0204,1.013,1.0062,1.0,0.9984,0.9992,0.9997,0.9999,1.0
N3_M20,3,20,ppo,,0,17,0,18,"[9, 8, 5]",1.2273,1.125,1.0658,1.0272,1.0,0.949,0.984,0.9955,0.9992,1.0
N3_M20,3,20,ppo,,0,17,1,15,"[13, 8, 9]",1.3,1.2,1.12,1.0545,1.0,0.9554,0.9797,0.9926,0.9985,1.0
N3_M20,3,20,ppo,,0,17,2,10,"[6, 5, 9]",1.35,1.2333,1.14,1.0636,1.0,0.939,0.9719,0.9897,0.9979,1.0
N3_M20,3,20,ppo,,0,17,3,10,"[8, 7, 7]",1.0909,1.0625,1.0385,1.0179,1.0,0.9959,0.9981,0.9993,0.9998,1.0
N3_M20,3,20,ppo,,0,17,4,19,"[10, 8, 11]",1.1379,1.0833,1.0465,1.02,1.0,0.9836,0.994,0.9981,0.9997,1.0
N3_M20,3,20,ppo,,0,18,0,35,"[19, 14, 24]",1.2632,1.163,1.0926,1.0403,1.0,0.9559,0.9826,0.9943,0.9989,1.0
N3_M20,3,20,ppo,,0,18,1,32,"[20, 14, 23]",1.2105,1.1348,1.0784,1.0348,1.0,0.9627,0.9843,0.9946,0.9989,1.0
N3_M20,3,20,ppo,,0,18,2,79,"[20, 38, 35]",1.2258,1.1221,1.0636,1.0261,1.0,0.9394,0.9815,0.9949,0.9991,1.0
N3_M20,3,20,ppo,,0,18,3,108,"[36, 37, 61]",1.3657,1.2025,1.107,1.0443,1.0,0.9373,0.9799,0.9943,0.999,1.0
N3_M20,3,20,ppo,,0,18,4,21,"[11, 11, 16]",1.2632,1.1695,1.099,1.0441,1.0,0.9665,0.9858,0.9951,0.999,1.0
N3_M20,3,20,ppo,,0,19,0,41,"[23, 25, 22]",1.0714,1.045,1.0259,1.0114,1.0,0.9972,0.9989,0.9996,0.9999,1.0
N3_M20,3,20,ppo,,0,19,1,68,"[38, 41, 44]",1.0732,1.0471,1.0275,1.0122,1.0,0.9964,0.9985,0.9995,0.9999,1.0
N3_M20,3,20,ppo,,0,19,2,50,"[28, 28, 28]",1.0,1.0,1.0,1.0,1.0,1.0,1.0,1.0,1.0,1.0
N3_M20,3,20,ppo,,0,19,3,206,"[85, 75, 85]",1.0408,1.0222,1.0116,1.0048,1.0,0.9967,0.999,0.9997,1.0,1.0
N3_M20,3,20,ppo,,0,19,4,37,"[27, 26, 25]",1.0385,1.0261,1.0159,1.0073,1.0,0.999,0.9995,0.9998,1.0,1.0
N3_M20,3,20,ppo,,1,0,0,32,"[18, 17, 22]",1.1579,1.1011,1.0588,1.0261,1.0,0.9872,0.9947,0.9982,0.9996,1.0
N3_M20,3,20,ppo,,1,0,1,40,"[22, 27, 15]",1.2656,1.1635,1.0924,1.0401,1.0,0.9495,0.9802,0.9936,0.9988,1.0
N3_M20,3,20,ppo,,1,0,2,12,"[11, 8, 9]",1.1786,1.125,1.0781,1.0368,1.0,0.9825,0.9913,0.9966,0.9992,1.0
N3_M20,3,20,ppo,,1,0,3,61,"[41, 40, 31]",1.0982,1.0636,1.0373,1.0166,1.0,0.9857,0.994,0.9979,0.9996,1.0
N3_M20,3,20,ppo,,1,0,4,23,"[14, 11, 14]",1.0769,1.0484,1.0278,1.0122,1.0,0.9883,0.9953,0.9985,0.9997,1.0
N3_M20,3,20,ppo,,1,1,0,26,"[19, 15, 16]",1.14,1.0921,1.0547,1.0246,1.0,0.9897,0.9955,0.9984,0.9997,1.0
N3_M20,3,20,ppo,,1,1,1,63,"[16, 32, 30]",1.2308,1.1277,1.0674,1.0279,1.0,0.9303,0.9776,0.9936,0.9989,1.0
N3_M20,3,20,ppo,,1,1,2,38,"[16, 28, 24]",1.2353,1.1509,1.0879,1.039,1.0,0.9538,0.9805,0.9933,0.9987,1.0
N3_M20,3,20,ppo,,1,1,3,267,"[97, 99, 116]",1.1154,1.0622,1.0323,1.0133,1.0,0.9933,0.9981,0.9995,0.9999,1.0
N3_M20,3,20,ppo,,1,1,4,145,"[32, 69, 62]",1.2699,1.1429,1.0736,1.03,1.0,0.9198,0.9761,0.9936,0.9989,1.0
N3_M20,3,20,ppo,,1,2,0,163,"[94, 40, 99]",1.2747,1.1616,1.0886,1.0376,1.0,0.8942,0.9607,0.9878,0.9978,1.0
N3_M20,3,20,ppo,,1,2,1,146,"[39, 57, 53]",1.1477,1.0746,1.0375,1.015,1.0,0.9764,0.9939,0.9984,0.9997,1.0
N3_M20,3,20,ppo,,1,2,2,300,"[66, 124, 135]",1.2462,1.128,1.0653,1.0264,1.0,0.9276,0.9793,0.9945,0.9991,1.0
N3_M20,3,20,ppo,,1,2,3,178,"[26, 72, 83]",1.3757,1.1894,1.0951,1.0381,1.0,0.8566,0.9592,0.9894,0.9983,1.0
N3_M20,3,20,ppo,,1,2,4,300,"[102, 141, 118]",1.1717,1.0938,1.0492,1.0203,1.0,0.9826,0.9947,0.9986,0.9998,1.0
N3_M20,3,20,ppo,,1,3,0,71,"[45, 36, 25]",1.2736,1.1638,1.0909,1.0389,1.0,0.9491,0.9811,0.9941,0.9989,1.0
N3_M20,3,20,ppo,,1,3,1,88,"[33, 40, 53]",1.2619,1.1542,1.0846,1.0359,1.0,0.9625,0.9867,0.996,0.9993,1.0
N3_M20,3,20,ppo,,1,3,2,44,"[31, 25, 29]",1.0941,1.062,1.0369,1.0166,1.0,0.9923,0.9966,0.9988,0.9998,1.0
N3_M20,3,20,ppo,,1,3,3,47,"[34, 31, 18]",1.2289,1.1462,1.0848,1.0375,1.0,0.9407,0.975,0.9914,0.9983,1.0
N3_M20,3,20,ppo,,1,3,4,41,"[28, 24, 22]",1.1351,1.087,1.0508,1.0226,1.0,0.9899,0.9958,0.9986,0.9997,1.0
N3_M20,3,20,ppo,,1,4,0,36,"[25, 21, 11]",1.3158,1.1935,1.1091,1.0472,1.0,0.9124,0.9652,0.9887,0.9979,1.0
N3_M20,3,20,ppo,,1,4,1,42,"[25, 31, 25]",1.1481,1.0976,1.058,1.0261,1.0,0.9891,0.9953,0.9983,0.9997,1.0
N3_M20,3,20,ppo,,1,4,2,80,"[44, 56, 35]",1.2444,1.1535,1.088,1.0386,1.0,0.9647,0.9858,0.9953,0.9991,1.0
N3_M20,3,20,ppo,,1,4,3,43,"[23, 31, 14]",1.3676,1.2252,1.1269,1.0549,1.0,0.9142,0.966,0.9889,0.9979,1.0
N3_M20,3,20,ppo,,1,4,4,64,"[41, 47, 13]",1.396,1.2424,1.1365,1.0591,1.0,0.8377,0.9323,0.9775,0.9957,1.0
N3_M20,3,20,ppo,,1,5,0,87,"[21, 46, 37]",1.3269,1.178,1.0932,1.0383,1.0,0.9183,0.9743,0.9928,0.9988,1.0
N3_M20,3,20,ppo,,1,5,1,128,"[42, 77, 72]",1.2094,1.1254,1.0696,1.0298,1.0,0.9443,0.9793,0.9935,0.9988,1.0
N3_M20,3,20,ppo,,1,5,2,150,"[53, 37, 79]",1.4024,1.2132,1.1099,1.0448,1.0,0.9137,0.9742,0.993,0.9988,1.0
N3_M20,3,20,ppo,,1,5,3,118,"[42, 36, 46]",1.1129,1.0579,1.0293,1.0118,1.0,0.9902,0.9974,0.9993,0.9999,1.0
N3_M20,3,20,ppo,,1,5,4,36,"[16, 25, 19]",1.25,1.1562,1.0893,1.0391,1.0,0.9662,0.9865,0.9956,0.9991,1.0
N3_M20,3,20,ppo,,1,6,0,87,"[55, 65, 30]",1.3,1.1899,1.1095,1.0482,1.0,0.9202,0.9664,0.9886,0.9978,1.0
N3_M20,3,20,ppo,,1,6,1,58,"[34, 43, 34]",1.1622,1.1065,1.0632,1.0284,1.0,0.987,0.9944,0.998,0.9996,1.0
N3_M20,3,20,ppo,,1,6,2,27,"[21, 23, 19]",1.0952,1.0667,1.0417,1.0196,1.0,0.994,0.997,0.9988,0.9997,1.0
N3_M20,3,20,ppo,,1,6,3,23,"[16, 15, 22]",1.2453,1.1711,1.1066,1.05,1.0,0.9703,0.9853,0.9943,0.9987,1.0
N3_M20,3,20,ppo,,1,6,4,61,"[40, 43, 12]",1.3579,1.2179,1.1223,1.0528,1.0,0.8373,0.9328,0.9778,0.9958,1.0
N3_M20,3,20,ppo,,1,7,0,142,"[82, 17, 79]",1.382,1.2125,1.1126,1.0467,1.0,0.7968,0.9269,0.9783,0.9962,1.0
N3_M20,3,20,ppo,,1,7,1,59,"[34, 20, 38]",1.2391,1.1457,1.0818,1.0353,1.0,0.9404,0.977,0.9926,0.9986,1.0
N3_M20,3,20,ppo,,1,7,2,125,"[76, 25, 68]",1.3491,1.2007,1.1085,1.0456,1.0,0.8635,0.9504,0.985,0.9973,1.0
N3_M20,3,20,ppo,,1,7,3,95,"[34, 22, 67]",1.6341,1.3578,1.1912,1.0798,1.0,0.8228,0.9358,0.9808,0.9966,1.0
N3_M20,3,20,ppo,,1,7,4,173,"[95, 26, 98]",1.3425,1.1913,1.1016,1.0422,1.0,0.8281,0.9392,0.9821,0.9969,1.0
N3_M20,3,20,ppo,,1,8,0,120,"[60, 42, 78]",1.3,1.18,1.1,1.0429,1.0,0.9434,0.9789,0.9934,0.9988,1.0
N3_M20,3,20,ppo,,1,8,1,60,"[32, 30, 28]",1.0667,1.04,1.0222,1.0095,1.0,0.997,0.9989,0.9997,0.9999,1.0
N3_M20,3,20,ppo,,1,8,2,67,"[28, 30, 32]",1.0667,1.0382,1.0206,1.0087,1.0,0.997,0.999,0.9997,1.0,1.0
N3_M20,3,20,ppo,,1,8,3,76,"[37, 25, 52]",1.3684,1.2211,1.1228,1.0526,1.0,0.9221,0.9705,0.9907,0.9983,1.0
N3_M20,3,20,ppo,,1,8,4,154,"[74, 66, 83]",1.1166,1.069,1.038,1.0162,1.0,0.9913,0.997,0.9991,0.9998,1.0
N3_M20,3,20,ppo,,1,9,0,245,"[101, 149, 89]",1.3186,1.1849,1.1006,1.0425,1.0,0.95,0.9826,0.9948,0.9991,1.0
N3_M20,3,20,ppo,,1,9,1,43,"[20, 24, 28]",1.1667,1.1043,1.0597,1.0261,1.0,0.9818,0.9928,0.9976,0.9995,1.0
N3_M20,3,20,ppo,,1,9,2,36,"[21, 23, 24]",1.0588,1.0385,1.0227,1.0102,1.0,0.997,0.9987,0.9995,0.9999,1.0
N3_M20,3,20,ppo,,1,9,3,9,"[5, 8, 7]",1.2,1.1379,1.0851,1.0396,1.0,0.9662,0.9836,0.9937,0.9986,1.0
N3_M20,3,20,ppo,,1,9,4,19,"[12, 13, 12]",1.0541,1.0357,1.0213,1.0096,1.0,0.9985,0.9994,0.9998,1.0,1.0
N3_M20,3,20,ppo,,1,10,0,21,"[10, 7, 12]",1.2414,1.14,1.0761,1.0321,1.0,0.9568,0.985,0.9955,0.9992,1.0
N3_M20,3,20,ppo,,1,10,1,31,"[17, 17, 19]",1.0755,1.0476,1.0274,1.012,1.0,0.9972,0.9989,0.9996,0.9999,1.0
N3_M20,3,20,ppo,,1,10,2,19,"[13, 14, 15]",1.0714,1.0492,1.0303,1.0141,1.0,0.9966,0.9984,0.9994,0.9999,1.0
N3_M20,3,20,ppo,,1,10,3,38,"[26, 17, 18]",1.2787,1.1717,1.0971,1.0422,1.0,0.9622,0.9853,0.9953,0.9991,1.0
N3_M20,3,20,ppo,,1,10,4,34,"[16, 14, 15]",1.0667,1.038,1.0204,1.0085,1.0,0.997,0.999,0.9997,1.0,1.0
N3_M20,3,20,ppo,,1,11,0,31,"[23, 23, 17]",1.0952,1.0638,1.0385,1.0175,1.0,0.9822,0.9919,0.9971,0.9994,1.0
N3_M20,3,20,ppo,,1,11,1,8,"[5, 6, 6]",1.0588,1.04,1.0244,1.0112,1.0,0.9931,0.9968,0.9988,0.9997,1.0
N3_M20,3,20,ppo,,1,11,2,12,"[9, 9, 7]",1.08,1.0541,1.0328,1.015,1.0,0.9874,0.9942,0.9979,0.9995,1.0
N3_M20,3,20,ppo,,1,11,3,8,"[8, 4, 5]",1.4118,1.28,1.1707,1.0787,1.0,0.9175,0.9601,0.9848,0.9967,1.0
N3_M20,3,20,ppo,,1,11,4,9,"[8, 4, 5]",1.4118,1.2692,1.1591,1.0714,1.0,0.9175,0.963,0.9867,0.9973,1.0
N3_M20,3,20,ppo,,1,12,0,74,"[21, 27, 25]",1.1096,1.0544,1.0271,1.0108,1.0,0.9896,0.9974,0.9994,0.9999,1.0
N3_M20,3,20,ppo,,1,12,1,58,"[29, 36, 24]",1.2135,1.1293,1.0722,1.0311,1.0,0.9732,0.99,0.9969,0.9994,1.0
N3_M20,3,20,ppo,,1,12,2,97,"[61, 29, 59]",1.2282,1.1382,1.0773,1.0333,1.0,0.9201,0.9691,0.9901,0.9982,1.0
N3_M20,3,20,ppo,,1,12,3,180,"[39, 91, 88]",1.2523,1.1382,1.0726,1.0299,1.0,0.9028,0.9687,0.9912,0.9985,1.0
N3_M20,3,20,ppo,,1,12,4,117,"[38, 77, 60]",1.32,1.1918,1.1065,1.0456,1.0,0.9303,0.9738,0.9918,0.9985,1.0
N3_M20,3,20,ppo,,1,13,0,105,"[36, 55, 26]",1.4103,1.2162,1.1111,1.0452,1.0,0.9131,0.9743,0.9931,0.9988,1.0
N3_M20,3,20,ppo,,1,13,1,43,"[17, 27, 11]",1.4727,1.2653,1.1413,1.0588,1.0,0.8853,0.9608,0.9886,0.998,1.0
N3_M20,3,20,ppo,,1,13,2,97,"[35, 43, 51]",1.186,1.1062,1.0571,1.024,1.0,0.9774,0.9925,0.9978,0.9996,1.0
N3_M20,3,20,ppo,,1,13,3,116,"[35, 40, 56]",1.2824,1.1498,1.0772,1.0315,1.0,0.9596,0.9883,0.9969,0.9995,1.0
N3_M20,3,20,ppo,,1,13,4,65,"[27, 28, 24]",1.0633,1.0347,1.0182,1.0075,1.0,0.9959,0.9987,0.9997,0.9999,1.0
N3_M20,3,20,ppo,,1,14,0,30,"[24, 19, 27]",1.1571,1.11,1.0687,1.0324,1.0,0.9804,0.9903,0.9962,0.9992,1.0
N3_M20,3,20,ppo,,1,14,1,12,"[11, 12, 8]",1.1613,1.1163,1.0746,1.036,1.0,0.9737,0.9861,0.9942,0.9987,1.0
N3_M20,3,20,ppo,,1,14,2,73,"[29, 49, 44]",1.2049,1.1282,1.0733,1.0321,1.0,0.9582,0.9832,0.9944,0.9989,1.0
N3_M20,3,20,ppo,,1,14,3,31,"[25, 24, 23]",1.0417,1.0291,1.0182,1.0085,1.0,0.9988,0.9994,0.9998,1.0,1.0
N3_M20,3,20,ppo,,1,14,4,21,"[15, 17, 16]",1.0625,1.0435,1.027,1.0127,1.0,0.9974,0.9987,0.9995,0.9999,1.0
N3_M20,3,20,ppo,,1,15,0,19,"[11, 13, 7]",1.2581,1.16,1.0909,1.0396,1.0,0.9449,0.9781,0.9928,0.9986,1.0
N3_M20,3,20,ppo,,1,15,1,28,"[20, 8, 19]",1.2766,1.1733,1.0992,1.0435,1.0,0.8925,0.9548,0.9847,0.997,1.0
N3_M20,3,20,ppo,,1,15,2,96,"[58, 37, 54]",1.1678,1.102,1.0572,1.0247,1.0,0.9675,0.9877,0.9961,0.9993,1.0
N3_M20,3,20,ppo,,1,15,3,30,"[5, 20, 21]",1.3696,1.2237,1.125,1.0538,1.0,0.8145,0.923,0.9746,0.9952,1.0
N3_M20,3,20,ppo,,1,15,4,45,"[26, 15, 27]",1.1912,1.115,1.064,1.0275,1.0,0.9456,0.9796,0.9936,0.9988,1.0
N3_M20,3,20,ppo,,1,16,0,8,"[2, 8, 4]",1.7143,1.4545,1.2632,1.1163,1.0,0.7778,0.8963,0.9627,0.9925,1.0
N3_M20,3,20,ppo,,1,16,1,10,"[4, 8, 8]",1.2,1.1333,1.08,1.0364,1.0,0.9259,0.9657,0.9874,0.9974,1.0
N3_M20,3,20,ppo,,1,16,2,10,"[9, 8, 6]",1.1739,1.1212,1.0755,1.0354,1.0,0.9742,0.9873,0.995,0.9989,1.0
N3_M20,3,20,ppo,,1,16,3,10,"[4, 9, 7]",1.35,1.2333,1.14,1.0636,1.0,0.9132,0.9595,0.985,0.9969,1.0
N3_M20,3,20,ppo,,1,16,4,10,"[8, 8, 9]",1.08,1.0571,1.0364,1.0174,1.0,0.9968,0.9984,0.9993,0.9998,1.0
N3_M20,3,20,ppo,,1,17,0,14,"[8, 8, 5]",1.1429,1.0857,1.0476,1.0204,1.0,0.9608,0.9855,0.9955,0.9992,1.0
N3_M20,3,20,ppo,,1,17,1,7,"[7, 6, 4]",1.2353,1.1667,1.1053,1.05,1.0,0.9538,0.9763,0.9904,0.9978,1.0
N3_M20,3,20,ppo,,1,17,2,7,"[6, 6, 4]",1.125,1.087,1.0541,1.0253,1.0,0.9697,0.9851,0.9942,0.9987,1.0
N3_M20,3,20,ppo,,1,17,3,7,"[6, 6, 6]",1.0,1.0,1.0,1.0,1.0,1.0,1.0,1.0,1.0,1.0
N3_M20,3,20,ppo,,1,17,4,8,"[5, 5, 7]",1.2353,1.16,1.0976,1.0449,1.0,0.9731,0.9874,0.9953,0.999,1.0
N3_M20,3,20,ppo,,1,18,0,40,"[16, 16, 26]",1.3448,1.2041,1.1124,1.0478,1.0,0.9439,0.9796,0.9937,0.9989,1.0
N3_M20,3,20,ppo,,1,18,1,35,"[19, 17, 26]",1.2581,1.1649,1.0958,1.0424,1.0,0.9663,0.986,0.9952,0.9991,1.0
N3_M20,3,20,ppo,,1,18,2,86,"[23, 54, 45]",1.3279,1.1923,1.1053,1.0446,1.0,0.907,0.9659,0.9895,0.9981,1.0
N3_M20,3,20,ppo,,1,18,3,20,"[7, 10, 16]",1.4545,1.283,1.1613,1.0704,1.0,0.8963,0.9571,0.9856,0.9972,1.0
N3_M20,3,20,ppo,,1,18,4,84,"[35, 49, 57]",1.2128,1.1333,1.0763,1.0334,1.0,0.9639,0.9855,0.9952,0.9991,1.0
N3_M20,3,20,ppo,,1,19,0,134,"[68, 73, 44]",1.1838,1.1066,1.0579,1.0244,1.0,0.9596,0.986,0.9958,0.9993,1.0
N3_M20,3,20,ppo,,1,19,1,37,"[28, 21, 21]",1.2,1.1308,1.0773,1.0347,1.0,0.9804,0.9915,0.997,0.9994,1.0
N3_M20,3,20,ppo,,1,19,2,60,"[30, 27, 35]",1.1413,1.0855,1.0478,1.0206,1.0,0.9886,0.9958,0.9987,0.9998,1.0
N3_M20,3,20,ppo,,1,19,3,103,"[43, 54, 58]",1.1226,1.0736,1.0409,1.0176,1.0,0.9852,0.9946,0.9983,0.9997,1.0
N3_M20,3,20,ppo,,1,19,4,40,"[22, 29, 19]",1.2429,1.1545,1.0895,1.0395,1.0,0.9688,0.9871,0.9956,0.9991,1.0
N3_M20,3,20,ppo,,2,0,0,23,"[16, 17, 16]",1.0408,1.0278,1.0169,1.0078,1.0,0.9992,0.9996,0.9999,1.0,1.0
N3_M20,3,20,ppo,,2,0,1,31,"[17, 20, 19]",1.0714,1.046,1.0268,1.0119,1.0,0.9956,0.9982,0.9994,0.9999,1.0
N3_M20,3,20,ppo,,2,0,2,24,"[16, 16, 12]",1.0909,1.0588,1.0345,1.0154,1.0,0.9837,0.9931,0.9976,0.9995,1.0
N3_M20,3,20,ppo,,2,0,3,43,"[26, 31, 30]",1.069,1.0462,1.0278,1.0127,1.0,0.9945,0.9975,0.9991,0.9998,1.0
N3_M20,3,20,ppo,,2,0,4,63,"[38, 33, 38]",1.0459,1.0291,1.0168,1.0074,1.0,0.9958,0.9983,0.9994,0.9999,1.0
N3_M20,3,20,ppo,,2,1,0,50,"[23, 30, 29]",1.0976,1.0606,1.0345,1.015,1.0,0.9874,0.9951,0.9984,0.9997,1.0
N3_M20,3,20,ppo,,2,1,1,56,"[15, 36, 32]",1.3012,1.1799,1.0996,1.0426,1.0,0.9023,0.9628,0.9883,0.9978,1.0
N3_M20,3,20,ppo,,2,1,2,101,"[51, 67, 49]",1.2036,1.1269,1.0723,1.0316,1.0,0.9795,0.9919,0.9974,0.9995,1.0
N3_M20,3,20,ppo,,2,1,3,24,"[18, 20, 13]",1.1765,1.12,1.0732,1.0337,1.0,0.9709,0.9863,0.9949,0.9989,1.0
N3_M20,3,20,ppo,,2,1,4,107,"[43, 45, 62]",1.24,1.1401,1.0764,1.0323,1.0,0.9718,0.9902,0.9971,0.9995,1.0
N3_M20,3,20,ppo,,2,2,0,85,"[53, 43, 31]",1.252,1.1509,1.0838,1.0359,1.0,0.9568,0.9841,0.995,0.9991,1.0
N3_M20,3,20,ppo,,2,2,1,85,"[31, 35, 38]",1.0962,1.0529,1.0279,1.0115,1.0,0.9932,0.9979,0.9994,0.9999,1.0
N3_M20,3,20,ppo,,2,2,2,180,"[58, 93, 73]",1.2455,1.1361,1.072,1.0298,1.0,0.9644,0.9888,0.9968,0.9995,1.0
N3_M20,3,20,ppo,,2,2,3,174,"[50, 82, 70]",1.2178,1.117,1.0608,1.0249,1.0,0.963,0.989,0.997,0.9995,1.0
N3_M20,3,20,ppo,,2,2,4,36,"[15, 18, 22]",1.2,1.1209,1.0675,1.029,1.0,0.9761,0.9911,0.9972,0.9995,1.0
N3_M20,3,20,ppo,,2,3,0,64,"[49, 36, 23]",1.3611,1.2267,1.13,1.057,1.0,0.92,0.9669,0.9889,0.9978,1.0
N3_M20,3,20,ppo,,2,3,1,30,"[21, 12, 15]",1.3125,1.1923,1.1087,1.0472,1.0,0.9481,0.9797,0.9934,0.9988,1.0
N3_M20,3,20,ppo,,2,3,2,130,"[82, 66, 57]",1.2,1.1224,1.0689,1.0298,1.0,0.9776,0.9915,0.9973,0.9995,1.0
N3_M20,3,20,ppo,,2,3,3,124,"[56, 64, 59]",1.0726,1.0429,1.0236,1.01,1.0,0.997,0.9989,0.9997,0.9999,1.0
N3_M20,3,20,ppo,,2,3,4,76,"[38, 42, 27]",1.1776,1.1038,1.0567,1.024,1.0,0.9694,0.9893,0.9968,0.9994,1.0
N3_M20,3,20,ppo,,2,4,0,22,"[13, 11, 14]",1.1053,1.0667,1.0385,1.0169,1.0,0.9904,0.9961,0.9987,0.9997,1.0
N3_M20,3,20,ppo,,2,4,1,77,"[37, 32, 26]",1.1684,1.093,1.0491,1.0203,1.0,0.9802,0.9939,0.9983,0.9997,1.0
N3_M20,3,20,ppo,,2,4,2,56,"[31, 35, 25]",1.1538,1.0952,1.0541,1.0235,1.0,0.982,0.993,0.9977,0.9996,1.0
N3_M20,3,20,ppo,,2,4,3,17,"[11, 11, 14]",1.1667,1.1132,1.069,1.0317,1.0,0.9863,0.9936,0.9976,0.9995,1.0
N3_M20,3,20,ppo,,2,4,4,67,"[45, 47, 23]",1.2261,1.1429,1.0823,1.0362,1.0,0.9255,0.9689,0.9895,0.9979,1.0
N3_M20,3,20,ppo,,2,5,0,51,"[29, 24, 27]",1.0875,1.0534,1.03,1.013,1.0,0.9941,0.9978,0.9993,0.9999,1.0
N3_M20,3,20,ppo,,2,5,1,49,"[25, 27, 30]",1.0976,1.0611,1.0349,1.0153,1.0,0.9944,0.9978,0.9993,0.9999,1.0
N3_M20,3,20,ppo,,2,5,2,21,"[13, 16, 15]",1.0909,1.0615,1.0374,1.0172,1.0,0.9928,0.9967,0.9988,0.9997,1.0
N3_M20,3,20,ppo,,2,5,3,58,"[28, 32, 38]",1.1633,1.1026,1.0588,1.0258,1.0,0.9844,0.9938,0.9979,0.9996,1.0
N3_M20,3,20,ppo,,2,5,4,80,"[36, 35, 38]",1.0459,1.0265,1.0143,1.006,1.0,0.9988,0.9996,0.9999,1.0,1.0
N3_M20,3,20,ppo,,2,6,0,47,"[25, 31, 12]",1.3676,1.2174,1.1196,1.0509,1.0,0.8909,0.959,0.9872,0.9977,1.0
N3_M20,3,20,ppo,,2,6,1,21,"[14, 18, 14]",1.1739,1.1194,1.0734,1.034,1.0,0.9851,0.9929,0.9973,0.9994,1.0
N3_M20,3,20,ppo,,2,6,2,34,"[25, 23, 25]",1.0274,1.0187,1.0114,1.0053,1.0,0.9985,0.9993,0.9997,0.9999,1.0
N3_M20,3,20,ppo,,2,6,3,218,"[135, 72, 63]",1.5,1.2766,1.1461,1.0605,1.0,0.8876,0.9627,0.9893,0.9981,1.0
N3_M20,3,20,ppo,,2,6,4,36,"[22, 17, 17]",1.1786,1.1087,1.061,1.0263,1.0,0.9843,0.9941,0.9981,0.9997,1.0
N3_M20,3,20,ppo,,2,7,0,67,"[40, 29, 35]",1.1538,1.0936,1.0525,1.0226,1.0,0.9835,0.9938,0.998,0.9996,1.0
N3_M20,3,20,ppo,,2,7,1,103,"[38, 51, 58]",1.1837,1.108,1.0592,1.0251,1.0,0.9722,0.9902,0.997,0.9995,1.0
N3_M20,3,20,ppo,,2,7,2,91,"[45, 49, 47]",1.0426,1.0259,1.0145,1.0063,1.0,0.9988,0.9996,0.9999,1.0,1.0
N3_M20,3,20,ppo,,2,7,3,93,"[21, 35, 47]",1.3689,1.1939,1.0995,1.0404,1.0,0.9126,0.9742,0.9931,0.9989,1.0
N3_M20,3,20,ppo,,2,7,4,50,"[27, 16, 25]",1.1912,1.1102,1.0596,1.0251,1.0,0.9573,0.9854,0.9957,0.9992,1.0
N3_M20,3,20,ppo,,2,8,0,103,"[48, 24, 69]",1.4681,1.2705,1.1467,1.0618,1.0,0.8673,0.9514,0.9852,0.9973,1.0
N3_M20,3,20,ppo,,2,8,1,128,"[66, 62, 59]",1.0588,1.0349,1.0193,1.0082,1.0,0.9979,0.9993,0.9998,1.0,1.0
N3_M20,3,20,ppo,,2,8,2,61,"[21, 24, 30]",1.2,1.1103,1.0581,1.024,1.0,0.9781,0.9932,0.9981,0.9997,1.0
N3_M20,3,20,ppo,,2,8,3,74,"[39, 18, 40]",1.2371,1.1345,1.0721,1.0301,1.0,0.9104,0.9693,0.991,0.9984,1.0
N3_M20,3,20,ppo,,2,8,4,176,"[92, 57, 73]",1.2432,1.1357,1.072,1.0299,1.0,0.964,0.9885,0.9967,0.9994,1.0
N3_M20,3,20,ppo,,2,9,0,30,"[17, 11, 14]",1.2143,1.125,1.0682,1.0288,1.0,0.9703,0.9897,0.9969,0.9994,1.0
N3_M20,3,20,ppo,,2,9,1,16,"[12, 13, 11]",1.0833,1.0577,1.0357,1.0167,1.0,0.9954,0.9978,0.9992,0.9998,1.0
N3_M20,3,20,ppo,,2,9,2,12,"[7, 8, 11]",1.2692,1.1842,1.1129,1.0522,1.0,0.963,0.9823,0.9933,0.9986,1.0
N3_M20,3,20,ppo,,2,9,3,8,"[5, 8, 6]",1.2632,1.1852,1.1163,1.0549,1.0,0.9627,0.9812,0.9925,0.9983,1.0
N3_M20,3,20,ppo,,2,9,4,11,"[7, 11, 10]",1.1786,1.1282,1.082,1.0394,1.0,0.9679,0.9832,0.9931,0.9984,1.0
N3_M20,3,20,ppo,,2,10,0,11,"[8, 6, 10]",1.25,1.1714,1.1053,1.0488,1.0,0.96,0.9808,0.9927,0.9984,1.0
N3_M20,3,20,ppo,,2,10,1,15,"[9, 11, 12]",1.125,1.0851,1.0519,1.024,1.0,0.9865,0.9937,0.9976,0.9995,1.0
N3_M20,3,20,ppo,,2,10,2,13,"[8, 9, 11]",1.1786,1.122,1.0746,1.0345,1.0,0.9825,0.9917,0.9969,0.9993,1.0
N3_M20,3,20,ppo,,2,10,3,33,"[22, 17, 19]",1.1379,1.0879,1.051,1.0225,1.0,0.9888,0.9954,0.9985,0.9997,1.0
N3_M20,3,20,ppo,,2,10,4,16,"[7, 8, 12]",1.3333,1.2093,1.12,1.0526,1.0,0.9455,0.9778,0.9926,0.9986,1.0
N3_M20,3,20,ppo,,2,11,0,19,"[13, 13, 9]",1.1143,1.0741,1.0435,1.0194,1.0,0.9745,0.9891,0.9962,0.9992,1.0
N3_M20,3,20,ppo,,2,11,1,7,"[4, 5, 5]",1.0714,1.0476,1.0286,1.013,1.0,0.9899,0.9955,0.9984,0.9997,1.0
N3_M20,3,20,ppo,,2,11,2,13,"[10, 9, 10]",1.0345,1.0238,1.0147,1.0068,1.0,0.9976,0.9989,0.9996,0.9999,1.0
N3_M20,3,20,ppo,,2,11,3,7,"[7, 5, 6]",1.1667,1.12,1.0769,1.037,1.0,0.9818,0.9905,0.9961,0.9991,1.0
N3_M20,3,20,ppo,,2,11,4,9,"[8, 6, 5]",1.2632,1.1786,1.1087,1.05,1.0,0.9627,0.9825,0.9934,0.9986,1.0
N3_M20,3,20,ppo,,2,12,0,54,"[38, 27, 27]",1.2391,1.1507,1.0866,1.0381,1.0,0.9722,0.9888,0.9963,0.9993,1.0
N3_M20,3,20,ppo,,2,12,1,43,"[21, 23, 18]",1.1129,1.0667,1.0366,1.0156,1.0,0.9902,0.9966,0.999,0.9998,1.0
N3_M20,3,20,ppo,,2,12,2,97,"[71, 25, 59]",1.3742,1.2302,1.13,1.0564,1.0,0.8755,0.949,0.9831,0.9968,1.0
N3_M20,3,20,ppo,,2,12,3,204,"[64, 120, 102]",1.2587,1.151,1.0824,1.0349,1.0,0.9434,0.98,0.994,0.9989,1.0
N3_M20,3,20,ppo,,2,12,4,19,"[14, 13, 8]",1.2,1.1296,1.0761,1.034,1.0,0.9518,0.9792,0.9927,0.9985,1.0
N3_M20,3,20,ppo,,2,13,0,75,"[35, 37, 19]",1.2198,1.1205,1.0633,1.0261,1.0,0.9341,0.9792,0.9942,0.999,1.0
N3_M20,3,20,ppo,,2,13,1,43,"[19, 21, 17]",1.1053,1.06,1.0323,1.0135,1.0,0.9927,0.9976,0.9993,0.9999,1.0
N3_M20,3,20,ppo,,2,13,2,254,"[82, 96, 115]",1.1775,1.0951,1.0493,1.0202,1.0,0.9812,0.9945,0.9985,0.9998,1.0
N3_M20,3,20,ppo,,2,13,3,253,"[106, 81, 107]",1.0918,1.0494,1.0256,1.0105,1.0,0.9852,0.9957,0.9988,0.9998,1.0
N3_M20,3,20,ppo,,2,13,4,64,"[30, 24, 20]",1.2162,1.1159,1.0602,1.0246,1.0,0.973,0.9921,0.9979,0.9996,1.0
N3_M20,3,20,ppo,,2,14,0,125,"[68, 47, 86]",1.2836,1.1748,1.099,1.043,1.0,0.9464,0.9789,0.9932,0.9987,1.0
N3_M20,3,20,ppo,,2,14,1,16,"[12, 13, 10]",1.1143,1.0784,1.0482,1.0223,1.0,0.9887,0.9946,0.998,0.9996,1.0
N3_M20,3,20,ppo,,2,14,2,50,"[24, 18, 27]",1.1739,1.1008,1.0548,1.0231,1.0,0.9742,0.9912,0.9974,0.9995,1.0
N3_M20,3,20,ppo,,2,14,3,19,"[13, 13, 15]",1.0976,1.0667,1.0408,1.0189,1.0,0.9953,0.9978,0.9992,0.9998,1.0
N3_M20,3,20,ppo,,2,14,4,14,"[9, 10, 14]",1.2727,1.1915,1.12,1.0566,1.0,0.9629,0.9813,0.9926,0.9983,1.0
N3_M20,3,20,ppo,,2,15,0,20,"[16, 12, 13]",1.1707,1.1148,1.0693,1.0317,1.0,0.9848,0.9931,0.9975,0.9995,1.0
N3_M20,3,20,ppo,,2,15,1,13,"[12, 12, 10]",1.0588,1.0426,1.0274,1.0132,1.0,0.9931,0.9964,0.9985,0.9996,1.0
N3_M20,3,20,ppo,,2,15,2,30,"[15, 13, 28]",1.5,1.3256,1.1918,1.0859,1.0,0.8874,0.9489,0.9817,0.9963,1.0
N3_M20,3,20,ppo,,2,15,3,24,"[6, 17, 19]",1.3571,1.2273,1.1316,1.0581,1.0,0.8571,0.9368,0.9779,0.9956,1.0
N3_M20,3,20,ppo,,2,15,4,29,"[25, 7, 27]",1.3729,1.25,1.1507,1.0687,1.0,0.827,0.9141,0.967,0.9929,1.0
N3_M20,3,20,ppo,,2,16,0,14,"[4, 13, 5]",1.7727,1.4722,1.2656,1.1149,1.0,0.7683,0.8988,0.9656,0.9934,1.0
N3_M20,3,20,ppo,,2,16,1,11,"[6, 9, 8]",1.1739,1.1176,1.0714,1.0328,1.0,0.9742,0.988,0.9956,0.9991,1.0
N3_M20,3,20,ppo,,2,16,2,8,"[5, 7, 6]",1.1667,1.1154,1.0714,1.0333,1.0,0.9818,0.9912,0.9966,0.9993,1.0
N3_M20,3,20,ppo,,2,16,3,10,"[4, 9, 7]",1.35,1.2333,1.14,1.0636,1.0,0.9132,0.9595,0.985,0.9969,1.0
N3_M20,3,20,ppo,,2,16,4,8,"[6, 6, 8]",1.2,1.1429,1.0909,1.0435,1.0,0.9804,0.9899,0.9959,0.9991,1.0
N3_M20,3,20,ppo,,2,17,0,18,"[9, 11, 5]",1.32,1.186,1.1013,1.0428,1.0,0.9178,0.9706,0.9911,0.9984,1.0
N3_M20,3,20,ppo,,2,17,1,7,"[7, 6, 4]",1.2353,1.1667,1.1053,1.05,1.0,0.9538,0.9763,0.9904,0.9978,1.0
N3_M20,3,20,ppo,,2,17,2,8,"[7, 5, 5]",1.2353,1.16,1.0976,1.0449,1.0,0.9731,0.9874,0.9953,0.999,1.0
N3_M20,3,20,ppo,,2,17,3,10,"[8, 7, 8]",1.0435,1.0303,1.0189,1.0088,1.0,0.9962,0.9982,0.9993,0.9998,1.0
N3_M20,3,20,ppo,,2,17,4,10,"[8, 5, 7]",1.2,1.1333,1.08,1.0364,1.0,0.9662,0.9847,0.9944,0.9988,1.0
N3_M20,3,20,ppo,,2,18,0,47,"[25, 18, 32]",1.28,1.1721,1.0972,1.0422,1.0,0.9503,0.9806,0.9937,0.9988,1.0
N3_M20,3,20,ppo,,2,18,1,151,"[73, 73, 76]",1.027,1.0161,1.0089,1.0038,1.0,0.9996,0.9999,1.0,1.0,1.0
N3_M20,3,20,ppo,,2,18,2,83,"[22, 45, 50]",1.2821,1.165,1.0902,1.0382,1.0,0.911,0.9676,0.9901,0.9982,1.0
N3_M20,3,20,ppo,,2,18,3,30,"[16, 15, 23]",1.2778,1.1786,1.1042,1.0463,1.0,0.9624,0.9841,0.9945,0.9989,1.0
N3_M20,3,20,ppo,,2,18,4,42,"[21, 24, 27]",1.125,1.0789,1.0455,1.02,1.0,0.9897,0.9959,0.9986,0.9997,1.0
N3_M20,3,20,ppo,,2,19,0,32,"[23, 19, 19]",1.1311,1.086,1.051,1.0229,1.0,0.9915,0.9963,0.9987,0.9997,1.0
N3_M20,3,20,ppo,,2,19,1,127,"[40, 63, 77]",1.2833,1.1661,1.0909,1.0385,1.0,0.9393,0.9783,0.9934,0.9988,1.0
N3_M20,3,20,ppo,,2,19,2,74,"[43, 39, 34]",1.1121,1.0684,1.0385,1.0166,1.0,0.991,0.9966,0.9989,0.9998,1.0
N3_M20,3,20,ppo,,2,19,3,208,"[85, 84, 118]",1.2334,1.1354,1.0735,1.031,1.0,0.9735,0.9909,0.9973,0.9995,1.0
N3_M20,3,20,ppo,,2,19,4,41,"[21, 29, 26]",1.1447,1.094,1.0553,1.0247,1.0,0.9833,0.9929,0.9975,0.9995,1.0
N3_M20,3,20,astar,median,-1,0,0,21,"[2, 18, 0]",2.7,1.8293,1.4096,1.1627,1.0,0.4065,0.7422,0.9219,0.9868,1.0
N3_M20,3,20,astar,median,-1,1,0,12,"[11, 8, 10]",1.1379,1.0976,1.0615,1.0292,1.0,0.9836,0.9917,0.9967,0.9993,1.0
N3_M20,3,20,astar,median,-1,2,0,37,"[2, 3, 15]",2.25,1.4386,1.1908,1.0708,1.0,0.5602,0.9119,0.982,0.9975,1.0
N3_M20,3,20,astar,median,-1,3,0,11,"[11, 2, 9]",1.5,1.3333,1.2,1.0909,1.0,0.7832,0.8904,0.9576,0.9909,1.0
N3_M20,3,20,astar,median,-1,4,0,15,"[1, 1, 15]",2.6471,1.875,1.4516,1.1842,1.0,0.4244,0.7232,0.9075,0.9833,1.0
N3_M20,3,20,astar,median,-1,5,0,13,"[9, 4, 5]",1.5,1.2903,1.1579,1.0667,1.0,0.8852,0.9581,0.9872,0.9977,1.0
N3_M20,3,20,astar,median,-1,6,0,29,"[2, 0, 26]",2.7857,1.8772,1.4348,1.173,1.0,0.3843,0.7212,0.9133,0.9852,1.0
N3_M20,3,20,astar,median,-1,7,0,17,"[5, 11, 3]",1.7368,1.3889,1.2,1.0814,1.0,0.7763,0.9257,0.9792,0.9965,1.0
N3_M20,3,20,astar,median,-1,8,0,12,"[9, 5, 4]",1.5,1.3,1.1667,1.0714,1.0,0.8852,0.9554,0.9858,0.9974,1.0
N3_M20,3,20,astar,median,-1,9,0,39,"[8, 4, 1]",1.8462,1.2115,1.0846,1.0302,1.0,0.6955,0.9734,0.9956,0.9994,1.0
N3_M20,3,20,astar,median,-1,10,0,8,"[0, 5, 8]",1.8462,1.5238,1.2973,1.1294,1.0,0.633,0.8182,0.9332,0.9866,1.0
N3_M20,3,20,astar,median,-1,11,0,5,"[5, 5, 0]",1.5,1.3333,1.2,1.0909,1.0,0.6667,0.8182,0.9259,0.9837,1.0
N3_M20,3,20,astar,median,-1,12,0,19,"[9, 0, 13]",1.7727,1.4146,1.2152,1.0881,1.0,0.6453,0.8634,0.9591,0.9929,1.0
N3_M20,3,20,astar,median,-1,13,0,22,"[16, 13, 1]",1.6,1.3462,1.1875,1.0789,1.0,0.7042,0.8774,0.9606,0.9928,1.0
N3_M20,3,20,astar,median,-1,14,0,23,"[5, 0, 17]",2.3182,1.6444,1.3187,1.1266,1.0,0.5138,0.8155,0.9476,0.9913,1.0
N3_M20,3,20,astar,median,-1,15,0,16,"[7, 14, 2]",1.8261,1.4872,1.2676,1.1138,1.0,0.7082,0.8746,0.9585,0.9922,1.0
N3_M20,3,20,astar,median,-1,16,0,5,"[3, 5, 1]",1.6667,1.4286,1.25,1.1111,1.0,0.7714,0.8909,0.96,0.9918,1.0
N3_M20,3,20,astar,median,-1,17,0,5,"[4, 5, 0]",1.6667,1.4286,1.25,1.1111,1.0,0.6585,0.8235,0.932,0.9858,1.0
N3_M20,3,20,astar,median,-1,18,0,9,"[0, 9, 9]",1.5,1.3333,1.2,1.0909,1.0,0.6667,0.8182,0.9259,0.9837,1.0
N3_M20,3,20,astar,median,-1,19,0,18,"[18, 3, 0]",2.5714,1.8462,1.44,1.1803,1.0,0.4414,0.7316,0.9098,0.9836,1.0
N3_M20,3,20,astar,minimax,-1,0,0,12,"[10, 8, 10]",1.0714,1.05,1.0312,1.0147,1.0,0.9899,0.995,0.9981,0.9996,1.0
N3_M20,3,20,astar,minimax,-1,1,0,11,"[10, 9, 11]",1.1,1.0732,1.0476,1.0233,1.0,0.9934,0.9964,0.9985,0.9996,1.0
N3_M20,3,20,astar,minimax,-1,2,0,38,"[14, 13, 13]",1.05,1.0256,1.013,1.0052,1.0,0.9988,0.9997,0.9999,1.0,1.0
N3_M20,3,20,astar,minimax,-1,3,0,14,"[14, 8, 9]",1.3548,1.2444,1.1507,1.0701,1.0,0.9394,0.9703,0.9885,0.9975,1.0
N3_M20,3,20,astar,minimax,-1,4,0,8,"[8, 8, 8]",1.0,1.0,1.0,1.0,1.0,1.0,1.0,1.0,1.0,1.0
N3_M20,3,20,astar,minimax,-1,5,0,11,"[7, 7, 8]",1.0909,1.0606,1.0364,1.0165,1.0,0.9959,0.9982,0.9993,0.9999,1.0
N3_M20,3,20,astar,minimax,-1,6,0,16,"[16, 14, 13]",1.1163,1.0847,1.0549,1.0267,1.0,0.9925,0.996,0.9983,0.9996,1.0
N3_M20,3,20,astar,minimax,-1,7,0,75,"[13, 9, 13]",1.1143,1.0364,1.0154,1.0056,1.0,0.9745,0.9974,0.9995,0.9999,1.0
N3_M20,3,20,astar,minimax,-1,8,0,13,"[7, 8, 7]",1.0909,1.0571,1.0328,1.0144,1.0,0.9959,0.9984,0.9995,0.9999,1.0
N3_M20,3,20,astar,minimax,-1,9,0,37,"[7, 6, 2]",1.4,1.1154,1.0476,1.0172,1.0,0.8427,0.9847,0.9974,0.9997,1.0
N3_M20,3,20,astar,minimax,-1,10,0,7,"[2, 7, 7]",1.3125,1.2174,1.1351,1.0633,1.0,0.8366,0.9136,0.9648,0.9921,1.0
N3_M20,3,20,astar,minimax,-1,11,0,5,"[5, 5, 1]",1.3636,1.25,1.1538,1.0714,1.0,0.7908,0.8889,0.9548,0.9899,1.0
N3_M20,3,20,astar,minimax,-1,12,0,79,"[17, 8, 11]",1.4167,1.1304,1.0549,1.0201,1.0,0.9114,0.9906,0.9983,0.9998,1.0
N3_M20,3,20,astar,minimax,-1,13,0,16,"[14, 12, 4]",1.4,1.2609,1.1538,1.069,1.0,0.8427,0.9264,0.9731,0.9945,1.0
N3_M20,3,20,astar,minimax,-1,14,0,10,"[10, 5, 10]",1.2,1.1429,1.0909,1.0435,1.0,0.9259,0.9608,0.9837,0.9962,1.0
N3_M20,3,20,astar,minimax,-1,15,0,13,"[11, 9, 6]",1.2692,1.1795,1.1077,1.049,1.0,0.9468,0.9756,0.9911,0.9981,1.0
N3_M20,3,20,astar,minimax,-1,16,0,5,"[5, 5, 3]",1.1538,1.1111,1.0714,1.0345,1.0,0.9548,0.9759,0.9899,0.9976,1.0
N3_M20,3,20,astar,minimax,-1,17,0,5,"[5, 5, 1]",1.3636,1.25,1.1538,1.0714,1.0,0.7908,0.8889,0.9548,0.9899,1.0
N3_M20,3,20,astar,minimax,-1,18,0,43,"[6, 9, 11]",1.2692,1.1014,1.0452,1.0169,1.0,0.9468,0.9921,0.9984,0.9998,1.0
N3_M20,3,20,astar,minimax,-1,19,0,33,"[13, 13, 10]",1.0833,1.0435,1.0222,1.009,1.0,0.9863,0.9962,0.999,0.9998,1.0
N4_M20,4,20,ppo,,0,0,0,36,"[29, 27, 19, 21]",1.2083,1.1389,1.0833,1.0379,1.0,0.9713,0.9871,0.9953,0.999,1.0
N4_M20,4,20,ppo,,0,0,1,56,"[38, 45, 27, 35]",1.2414,1.1593,1.0949,1.0428,1.0,0.9693,0.9864,0.9951,0.999,1.0
N4_M20,4,20,ppo,,0,0,2,23,"[15, 20, 17, 5]",1.4035,1.2624,1.1544,1.0691,1.0,0.865,0.9381,0.9777,0.9954,1.0
N4_M20,4,20,ppo,,0,0,3,26,"[22, 21, 23, 12]",1.1795,1.1243,1.0769,1.0359,1.0,0.9518,0.9763,0.9908,0.998,1.0
N4_M20,4,20,ppo,,0,0,4,35,"[24, 31, 23, 21]",1.2525,1.1716,1.1046,1.0482,1.0,0.9774,0.9894,0.996,0.9992,1.0
N4_M20,4,20,ppo,,0,1,0,36,"[25, 19, 25, 28]",1.1546,1.1034,1.0622,1.0284,1.0,0.9822,0.9919,0.9971,0.9994,1.0
N4_M20,4,20,ppo,,0,1,1,33,"[16, 22, 27, 19]",1.2857,1.1875,1.1111,1.05,1.0,0.9639,0.9841,0.9944,0.9989,1.0
N4_M20,4,20,ppo,,0,1,2,63,"[35, 27, 41, 35]",1.1884,1.1171,1.0667,1.0291,1.0,0.9796,0.992,0.9974,0.9995,1.0
N4_M20,4,20,ppo,,0,1,3,43,"[27, 26, 33, 27]",1.1681,1.1115,1.0667,1.0302,1.0,0.9905,0.9958,0.9985,0.9997,1.0
N4_M20,4,20,ppo,,0,1,4,36,"[24, 23, 24, 25]",1.0417,1.0278,1.0167,1.0076,1.0,0.9991,0.9996,0.9999,1.0,1.0
N4_M20,4,20,ppo,,0,2,0,58,"[27, 31, 36, 18]",1.2857,1.169,1.093,1.0396,1.0,0.9474,0.981,0.9942,0.9989,1.0
N4_M20,4,20,ppo,,0,2,1,199,"[54, 74, 109, 84]",1.3583,1.1961,1.103,1.0425,1.0,0.9426,0.9821,0.995,0.9991,1.0
N4_M20,4,20,ppo,,0,2,2,46,"[22, 23, 29, 17]",1.2747,1.1641,1.0909,1.0389,1.0,0.9661,0.9876,0.9962,0.9993,1.0
N4_M20,4,20,ppo,,0,2,3,35,"[19, 20, 19, 16]",1.0811,1.0497,1.028,1.0121,1.0,0.9935,0.9975,0.9992,0.9999,1.0
N4_M20,4,20,ppo,,0,2,4,36,"[18, 15, 25, 23]",1.2346,1.1473,1.0844,1.037,1.0,0.9632,0.9851,0.9951,0.999,1.0
N4_M20,4,20,ppo,,0,3,0,61,"[22, 26, 37, 35]",1.2333,1.1391,1.0769,1.0329,1.0,0.959,0.985,0.9954,0.9992,1.0
N4_M20,4,20,ppo,,0,3,1,32,"[21, 16, 14, 28]",1.4177,1.2712,1.1594,1.0713,1.0,0.9304,0.9694,0.9892,0.9978,1.0
N4_M20,4,20,ppo,,0,3,2,141,"[69, 60, 70, 88]",1.2265,1.1368,1.0764,1.0328,1.0,0.9803,0.9927,0.9977,0.9996,1.0
N4_M20,4,20,ppo,,0,3,3,65,"[45, 34, 16, 48]",1.3427,1.2134,1.1216,1.0531,1.0,0.8905,0.9545,0.9848,0.9971,1.0
N4_M20,4,20,ppo,,0,3,4,166,"[87, 92, 88, 53]",1.15,1.0887,1.0488,1.0208,1.0,0.9629,0.9867,0.9959,0.9993,1.0
N4_M20,4,20,ppo,,0,4,0,41,"[27, 32, 22, 25]",1.2075,1.1369,1.0815,1.0368,1.0,0.9815,0.9919,0.9971,0.9994,1.0
N4_M20,4,20,ppo,,0,4,1,17,"[10, 12, 10, 12]",1.0909,1.06,1.0357,1.0161,1.0,0.9918,0.9964,0.9987,0.9997,1.0
N4_M20,4,20,ppo,,0,4,2,274,"[135, 139, 68, 127]",1.1855,1.1043,1.0556,1.0232,1.0,0.9432,0.9813,0.9946,0.9991,1.0
N4_M20,4,20,ppo,,0,4,3,31,"[17, 17, 14, 18]",1.0909,1.0559,1.0316,1.0137,1.0,0.9918,0.9969,0.999,0.9998,1.0
N4_M20,4,20,ppo,,0,4,4,52,"[23, 34, 31, 34]",1.1148,1.0732,1.0424,1.0188,1.0,0.9787,0.9912,0.997,0.9994,1.0
N4_M20,4,20,ppo,,0,5,0,28,"[18, 20, 19, 16]",1.0959,1.0634,1.0378,1.0171,1.0,0.9935,0.9971,0.999,0.9998,1.0
N4_M20,4,20,ppo,,0,5,1,67,"[29, 47, 38, 36]",1.2533,1.1588,1.0909,1.0398,1.0,0.9715,0.9886,0.9962,0.9993,1.0
N4_M20,4,20,ppo,,0,5,2,103,"[53, 48, 63, 47]",1.1943,1.1177,1.0658,1.0283,1.0,0.9858,0.9947,0.9983,0.9997,1.0
N4_M20,4,20,ppo,,0,5,3,114,"[55, 67, 61, 31]",1.2523,1.1475,1.0806,1.0341,1.0,0.9388,0.9782,0.9934,0.9988,1.0
N4_M20,4,20,ppo,,0,5,4,22,"[15, 19, 20, 7]",1.3115,1.2103,1.1275,1.0585,1.0,0.8988,0.9512,0.9815,0.996,1.0
N4_M20,4,20,ppo,,0,6,0,90,"[59, 65, 56, 37]",1.1982,1.1276,1.0745,1.0332,1.0,0.9641,0.9848,0.9948,0.999,1.0
N4_M20,4,20,ppo,,0,6,1,61,"[35, 39, 35, 35]",1.0833,1.0533,1.0309,1.0137,1.0,0.9977,0.9991,0.9997,0.9999,1.0
N4_M20,4,20,ppo,,0,6,2,126,"[65, 82, 52, 73]",1.2059,1.1273,1.0722,1.0314,1.0,0.9744,0.9901,0.9968,0.9994,1.0
N4_M20,4,20,ppo,,0,6,3,46,"[32, 36, 30, 36]",1.0746,1.0512,1.0314,1.0146,1.0,0.994,0.9972,0.9989,0.9998,1.0
N4_M20,4,20,ppo,,0,6,4,44,"[31, 28, 28, 33]",1.1,1.0672,1.0405,1.0185,1.0,0.995,0.9977,0.9992,0.9998,1.0
N4_M20,4,20,ppo,,0,7,0,45,"[24, 20, 27, 27]",1.102,1.0633,1.036,1.0157,1.0,0.9864,0.9947,0.9983,0.9997,1.0
N4_M20,4,20,ppo,,0,7,1,33,"[21, 21, 17, 23]",1.122,1.0794,1.0467,1.0209,1.0,0.9888,0.9952,0.9983,0.9997,1.0
N4_M20,4,20,ppo,,0,7,2,38,"[23, 22, 16, 21]",1.122,1.0754,1.0427,1.0186,1.0,0.983,0.9935,0.9979,0.9996,1.0
N4_M20,4,20,ppo,,0,7,3,69,"[32, 41, 33, 34]",1.1714,1.1034,1.0577,1.0248,1.0,0.9899,0.9963,0.9988,0.9998,1.0
N4_M20,4,20,ppo,,0,7,4,23,"[16, 10, 13, 18]",1.2632,1.1711,1.1007,1.045,1.0,0.9567,0.9812,0.9934,0.9987,1.0
N4_M20,4,20,ppo,,0,8,0,20,"[12, 14, 16, 8]",1.28,1.1826,1.1077,1.0483,1.0,0.947,0.9767,0.9918,0.9983,1.0
N4_M20,4,20,ppo,,0,8,1,49,"[15, 22, 32, 29]",1.3061,1.1837,1.102,1.0437,1.0,0.9328,0.9747,0.9921,0.9985,1.0
N4_M20,4,20,ppo,,0,8,2,38,"[18, 15, 25, 19]",1.2987,1.1802,1.1004,1.0432,1.0,0.9656,0.9872,0.996,0.9993,1.0
N4_M20,4,20,ppo,,0,8,3,20,"[9, 16, 14, 11]",1.28,1.1826,1.1077,1.0483,1.0,0.9557,0.9806,0.9932,0.9986,1.0
N4_M20,4,20,ppo,,0,8,4,38,"[18, 26, 18, 15]",1.3506,1.2115,1.1179,1.0507,1.0,0.9569,0.9839,0.9949,0.9991,1.0
N4_M20,4,20,ppo,,0,9,0,18,"[12, 12, 14, 12]",1.12,1.0811,1.0492,1.0226,1.0,0.9952,0.9978,0.9992,0.9998,1.0
N4_M20,4,20,ppo,,0,9,1,12,"[8, 11, 9, 12]",1.2,1.1429,1.0909,1.0435,1.0,0.9756,0.9874,0.9949,0.9988,1.0
N4_M20,4,20,ppo,,0,9,2,17,"[11, 12, 12, 14]",1.1429,1.0977,1.0598,1.0277,1.0,0.9921,0.9963,0.9986,0.9997,1.0
N4_M20,4,20,ppo,,0,9,3,34,"[18, 18, 22, 22]",1.1,1.0638,1.037,1.0164,1.0,0.9901,0.9959,0.9986,0.9997,1.0
N4_M20,4,20,ppo,,0,9,4,22,"[13, 15, 14, 15]",1.0526,1.0347,1.0207,1.0093,1.0,0.9966,0.9985,0.9995,0.9999,1.0
N4_M20,4,20,ppo,,0,10,0,147,"[70, 89, 101, 82]",1.1813,1.1152,1.0667,1.0294,1.0,0.983,0.9931,0.9977,0.9995,1.0
N4_M20,4,20,ppo,,0,10,1,41,"[23, 22, 25, 36]",1.3585,1.2365,1.1407,1.0635,1.0,0.9574,0.981,0.9932,0.9986,1.0
N4_M20,4,20,ppo,,0,10,2,20,"[10, 12, 13, 18]",1.3585,1.2385,1.1429,1.0648,1.0,0.9528,0.9786,0.9922,0.9984,1.0
N4_M20,4,20,ppo,,0,10,3,106,"[54, 50, 64, 62]",1.113,1.07,1.0398,1.0173,1.0,0.9902,0.9962,0.9988,0.9998,1.0
N4_M20,4,20,ppo,,0,10,4,82,"[49, 50, 40, 41]",1.1111,1.0691,1.0394,1.0172,1.0,0.99,0.9961,0.9987,0.9998,1.0
N4_M20,4,20,ppo,,0,11,0,17,"[13, 13, 13, 10]",1.0612,1.0419,1.0256,1.0119,1.0,0.9889,0.9948,0.998,0.9996,1.0
N4_M20,4,20,ppo,,0,11,1,26,"[20, 14, 18, 12]",1.25,1.1622,1.0952,1.0426,1.0,0.9624,0.9838,0.9944,0.9989,1.0
N4_M20,4,20,ppo,,0,11,2,33,"[19, 28, 22, 18]",1.2874,1.1908,1.1142,1.0518,1.0,0.9689,0.986,0.995,0.999,1.0
N4_M20,4,20,ppo,,0,11,3,13,"[8, 9, 8, 7]",1.125,1.0811,1.0476,1.0213,1.0,0.9922,0.9967,0.9989,0.9998,1.0
N4_M20,4,20,ppo,,0,11,4,21,"[15, 16, 14, 12]",1.1228,1.0824,1.0496,1.0227,1.0,0.9893,0.9952,0.9982,0.9996,1.0
N4_M20,4,20,ppo,,0,12,0,241,"[92, 132, 97, 109]",1.2279,1.1304,1.0703,1.0295,1.0,0.9798,0.9933,0.998,0.9997,1.0
N4_M20,4,20,ppo,,0,12,1,25,"[21, 16, 16, 10]",1.3333,1.218,1.1288,1.0579,1.0,0.9423,0.9745,0.9909,0.9982,1.0
N4_M20,4,20,ppo,,0,12,2,28,"[25, 20, 17, 14]",1.3158,1.2118,1.1277,1.0583,1.0,0.9563,0.9799,0.9926,0.9984,1.0
N4_M20,4,20,ppo,,0,12,3,32,"[22, 19, 11, 18]",1.2571,1.1598,1.0909,1.0396,1.0,0.9496,0.9799,0.9934,0.9987,1.0
N4_M20,4,20,ppo,,0,12,4,37,"[27, 26, 16, 24]",1.1613,1.1054,1.0622,1.0279,1.0,0.9666,0.9855,0.9949,0.999,1.0
N4_M20,4,20,ppo,,0,13,0,186,"[78, 107, 86, 86]",1.1989,1.1174,1.0645,1.0274,1.0,0.9857,0.995,0.9985,0.9997,1.0
N4_M20,4,20,ppo,,0,13,1,52,"[27, 26, 23, 22]",1.102,1.0598,1.0327,1.0139,1.0,0.993,0.9976,0.9993,0.9999,1.0
N4_M20,4,20,ppo,,0,13,2,153,"[52, 75, 53, 76]",1.1875,1.1043,1.0553,1.0229,1.0,0.9687,0.9901,0.9972,0.9995,1.0
N4_M20,4,20,ppo,,0,13,3,62,"[23, 23, 29, 32]",1.1963,1.1107,1.0592,1.0247,1.0,0.9792,0.9933,0.9981,0.9997,1.0
N4_M20,4,20,ppo,,0,13,4,43,"[26, 21, 18, 19]",1.2381,1.1415,1.0781,1.0333,1.0,0.9789,0.9924,0.9977,0.9996,1.0
N4_M20,4,20,ppo,,0,14,0,28,"[18, 15, 19, 17]",1.1014,1.0658,1.0387,1.0173,1.0,0.9927,0.9969,0.9989,0.9998,1.0
N4_M20,4,20,ppo,,0,14,1,27,"[13, 15, 16, 23]",1.3731,1.2427,1.1429,1.0639,1.0,0.9519,0.9791,0.9926,0.9985,1.0
N4_M20,4,20,ppo,,0,14,2,160,"[75, 64, 40, 92]",1.3579,1.2003,1.1065,1.0443,1.0,0.928,0.9763,0.9932,0.9988,1.0
N4_M20,4,20,ppo,,0,14,3,27,"[13, 18, 21, 26]",1.3333,1.2281,1.1398,1.0647,1.0,0.9447,0.9733,0.9898,0.9978,1.0
N4_M20,4,20,ppo,,0,14,4,42,"[14, 21, 24, 30]",1.3483,1.2138,1.1206,1.0523,1.0,0.9372,0.9754,0.992,0.9985,1.0
N4_M20,4,20,ppo,,0,15,0,202,"[67, 95, 102, 99]",1.124,1.0712,1.0384,1.0161,1.0,0.977,0.9923,0.9977,0.9996,1.0
N4_M20,4,20,ppo,,0,15,1,49,"[37, 33, 18, 32]",1.2333,1.1511,1.0886,1.0395,1.0,0.9459,0.9766,0.9918,0.9984,1.0
N4_M20,4,20,ppo,,0,15,2,38,"[24, 13, 31, 20]",1.4091,1.2596,1.15,1.0662,1.0,0.9193,0.9658,0.9883,0.9977,1.0
N4_M20,4,20,ppo,,0,15,3,157,"[94, 63, 77, 75]",1.2168,1.1293,1.0715,1.0306,1.0,0.9799,0.9928,0.9978,0.9996,1.0
N4_M20,4,20,ppo,,0,15,4,77,"[41, 40, 43, 47]",1.0994,1.0621,1.0355,1.0155,1.0,0.9961,0.9985,0.9995,0.9999,1.0
N4_M20,4,20,ppo,,0,16,0,12,"[2, 10, 11, 8]",1.4194,1.2766,1.1646,1.0743,1.0,0.8313,0.9189,0.9697,0.9937,1.0
N4_M20,4,20,ppo,,0,16,1,6,"[2, 4, 5, 3]",1.4286,1.2727,1.1579,1.0698,1.0,0.9074,0.9603,0.9863,0.9973,1.0
N4_M20,4,20,ppo,,0,16,2,11,"[7, 7, 10, 7]",1.2903,1.1971,1.12,1.0552,1.0,0.9727,0.9872,0.9952,0.999,1.0
N4_M20,4,20,ppo,,0,16,3,20,"[8, 14, 18, 11]",1.4118,1.2704,1.1603,1.0722,1.0,0.9223,0.965,0.9874,0.9974,1.0
N4_M20,4,20,ppo,,0,16,4,14,"[4, 11, 11, 9]",1.2571,1.1677,1.0989,1.0443,1.0,0.9034,0.9565,0.9844,0.9968,1.0
N4_M20,4,20,ppo,,0,17,0,112,"[67, 74, 42, 66]",1.1888,1.118,1.0674,1.0295,1.0,0.9636,0.9855,0.9952,0.9991,1.0
N4_M20,4,20,ppo,,0,17,1,291,"[116, 135, 108, 123]",1.1203,1.0667,1.0352,1.0146,1.0,0.9933,0.9979,0.9994,0.9999,1.0
N4_M20,4,20,ppo,,0,17,2,300,"[203, 218, 26, 158]",1.4413,1.2657,1.1479,1.0635,1.0,0.8001,0.917,0.9727,0.9949,1.0
N4_M20,4,20,ppo,,0,17,3,300,"[119, 169, 18, 134]",1.5364,1.281,1.1439,1.0584,1.0,0.7934,0.9333,0.9816,0.9969,1.0
N4_M20,4,20,ppo,,0,17,4,112,"[55, 72, 32, 64]",1.2915,1.1746,1.0969,1.0415,1.0,0.9327,0.9748,0.9921,0.9985,1.0
N4_M20,4,20,ppo,,0,18,0,20,"[14, 19, 17, 12]",1.2258,1.1579,1.0986,1.0464,1.0,0.9707,0.9855,0.9943,0.9987,1.0
N4_M20,4,20,ppo,,0,18,1,18,"[9, 15, 7, 10]",1.4634,1.2923,1.1681,1.0739,1.0,0.9236,0.9681,0.9892,0.9979,1.0
N4_M20,4,20,ppo,,0,18,2,93,"[45, 51, 44, 38]",1.1461,1.0861,1.0473,1.0201,1.0,0.9894,0.9963,0.9989,0.9998,1.0
N4_M20,4,20,ppo,,0,18,3,25,"[14, 20, 16, 12]",1.2903,1.1888,1.1111,1.0497,1.0,0.9649,0.9848,0.9947,0.9989,1.0
N4_M20,4,20,ppo,,0,18,4,55,"[28, 41, 38, 28]",1.2148,1.1392,1.0817,1.0365,1.0,0.9709,0.9876,0.9957,0.9991,1.0
N4_M20,4,20,ppo,,0,19,0,105,"[52, 64, 56, 51]",1.148,1.0909,1.0513,1.0223,1.0,0.9916,0.9968,0.999,0.9998,1.0
N4_M20,4,20,ppo,,0,19,1,279,"[147, 169, 86, 118]",1.3,1.1749,1.0954,1.0403,1.0,0.9456,0.9808,0.9942,0.999,1.0
N4_M20,4,20,ppo,,0,19,2,272,"[154, 87, 169, 145]",1.218,1.1319,1.0736,1.0317,1.0,0.9522,0.982,0.9943,0.9989,1.0
N4_M20,4,20,ppo,,0,19,3,133,"[68, 66, 47, 65]",1.1057,1.0614,1.0334,1.0141,1.0,0.9815,0.9937,0.9981,0.9997,1.0
N4_M20,4,20,ppo,,0,19,4,300,"[202, 63, 180, 155]",1.3467,1.208,1.1156,1.0495,1.0,0.8893,0.9571,0.9864,0.9975,1.0
N4_M20,4,20,ppo,,1,0,0,21,"[12, 10, 17, 11]",1.36,1.2308,1.1343,1.0596,1.0,0.9557,0.9813,0.9936,0.9987,1.0
N4_M20,4,20,ppo,,1,0,1,48,"[26, 20, 24, 29]",1.1717,1.1043,1.0584,1.0252,1.0,0.9829,0.9936,0.998,0.9996,1.0
N4_M20,4,20,ppo,,1,0,2,16,"[10, 10, 12, 5]",1.2973,1.1886,1.1089,1.048,1.0,0.9275,0.9695,0.9896,0.998,1.0
N4_M20,4,20,ppo,,1,0,3,46,"[25, 29, 32, 23]",1.1743,1.1115,1.0648,1.0287,1.0,0.9839,0.9933,0.9977,0.9996,1.0
N4_M20,4,20,ppo,,1,0,4,23,"[15, 13, 17, 17]",1.0968,1.0647,1.039,1.0178,1.0,0.9887,0.9949,0.9981,0.9996,1.0
N4_M20,4,20,ppo,,1,1,0,23,"[16, 14, 13, 21]",1.3125,1.2113,1.1282,1.0588,1.0,0.9642,0.9833,0.9938,0.9987,1.0
N4_M20,4,20,ppo,,1,1,1,26,"[17, 17, 21, 22]",1.1429,1.0985,1.0608,1.0283,1.0,0.9862,0.9934,0.9975,0.9995,1.0
N4_M20,4,20,ppo,,1,1,2,59,"[33, 31, 26, 31]",1.0909,1.0551,1.0308,1.0133,1.0,0.9927,0.9973,0.9992,0.9998,1.0
N4_M20,4,20,ppo,,1,1,3,34,"[23, 17, 19, 22]",1.1358,1.0871,1.0507,1.0225,1.0,0.9863,0.9943,0.9981,0.9996,1.0
N4_M20,4,20,ppo,,1,1,4,25,"[17, 15, 15, 22]",1.2754,1.1857,1.1124,1.0515,1.0,0.9732,0.9876,0.9954,0.999,1.0
N4_M20,4,20,ppo,,1,2,0,133,"[55, 56, 67, 53]",1.1602,1.0906,1.0485,1.0203,1.0,0.9912,0.9972,0.9992,0.9999,1.0
N4_M20,4,20,ppo,,1,2,1,300,"[110, 122, 139, 77]",1.2411,1.1274,1.0655,1.0267,1.0,0.9606,0.9887,0.997,0.9995,1.0
N4_M20,4,20,ppo,,1,2,2,300,"[94, 57, 55, 41]",1.5223,1.1994,1.0891,1.0335,1.0,0.9084,0.9855,0.9971,0.9996,1.0
N4_M20,4,20,ppo,,1,2,3,34,"[25, 19, 25, 20]",1.1236,1.0819,1.0489,1.0221,1.0,0.9847,0.9932,0.9976,0.9995,1.0
N4_M20,4,20,ppo,,1,2,4,300,"[78, 83, 46, 56]",1.2624,1.1041,1.0472,1.0179,1.0,0.9488,0.9916,0.9983,0.9998,1.0
N4_M20,4,20,ppo,,1,3,0,218,"[73, 69, 111, 90]",1.2945,1.1594,1.0831,1.0341,1.0,0.964,0.9892,0.997,0.9995,1.0
N4_M20,4,20,ppo,,1,3,1,32,"[21, 16, 21, 25]",1.2048,1.1353,1.0806,1.0364,1.0,0.9769,0.9898,0.9964,0.9993,1.0
N4_M20,4,20,ppo,,1,3,2,31,"[22, 15, 20, 24]",1.1852,1.1226,1.0732,1.0331,1.0,0.9734,0.9882,0.9958,0.9991,1.0
N4_M20,4,20,ppo,,1,3,3,60,"[34, 29, 28, 38]",1.1783,1.11,1.0623,1.0271,1.0,0.9847,0.9941,0.9981,0.9996,1.0
N4_M20,4,20,ppo,,1,3,4,61,"[24, 28, 39, 40]",1.2214,1.1366,1.0773,1.0336,1.0,0.9574,0.9834,0.9946,0.999,1.0
N4_M20,4,20,ppo,,1,4,0,75,"[53, 15, 37, 43]",1.4324,1.2581,1.1429,1.0611,1.0,0.8759,0.952,0.9848,0.9972,1.0
N4_M20,4,20,ppo,,1,4,1,70,"[33, 21, 36, 42]",1.2727,1.1598,1.0874,1.037,1.0,0.949,0.9819,0.9945,0.999,1.0
N4_M20,4,20,ppo,,1,4,2,114,"[45, 43, 54, 64]",1.2427,1.1397,1.0755,1.0318,1.0,0.9746,0.9914,0.9975,0.9996,1.0
N4_M20,4,20,ppo,,1,4,3,169,"[44, 56, 80, 83]",1.2624,1.1413,1.0735,1.0301,1.0,0.9418,0.9824,0.9952,0.9992,1.0
N4_M20,4,20,ppo,,1,4,4,133,"[72, 41, 70, 75]",1.1628,1.0965,1.0532,1.0227,1.0,0.9569,0.9844,0.9952,0.9991,1.0
N4_M20,4,20,ppo,,1,5,0,18,"[13, 10, 14, 16]",1.2075,1.1429,1.088,1.0409,1.0,0.974,0.9875,0.9952,0.999,1.0
N4_M20,4,20,ppo,,1,5,1,218,"[109, 113, 97, 88]",1.1106,1.0645,1.0352,1.0149,1.0,0.9907,0.9968,0.999,0.9998,1.0
N4_M20,4,20,ppo,,1,5,2,149,"[91, 45, 101, 34]",1.4908,1.2832,1.1534,1.0646,1.0,0.8475,0.9435,0.9827,0.9969,1.0
N4_M20,4,20,ppo,,1,5,3,159,"[84, 66, 81, 71]",1.1126,1.0661,1.0362,1.0154,1.0,0.9907,0.9968,0.999,0.9998,1.0
N4_M20,4,20,ppo,,1,5,4,14,"[10, 10, 14, 12]",1.2174,1.1546,1.098,1.0467,1.0,0.9796,0.9896,0.9958,0.999,1.0
N4_M20,4,20,ppo,,1,6,0,89,"[44, 43, 55, 59]",1.1741,1.1095,1.0628,1.0276,1.0,0.9815,0.9926,0.9975,0.9995,1.0
N4_M20,4,20,ppo,,1,6,1,180,"[84, 85, 72, 96]",1.1395,1.0815,1.0445,1.0188,1.0,0.9899,0.9965,0.999,0.9998,1.0
N4_M20,4,20,ppo,,1,6,2,41,"[17, 27, 26, 32]",1.2549,1.166,1.0977,1.0438,1.0,0.957,0.9813,0.9934,0.9987,1.0
N4_M20,4,20,ppo,,1,6,3,57,"[29, 31, 39, 40]",1.1511,1.0977,1.0572,1.0255,1.0,0.9812,0.992,0.9973,0.9995,1.0
N4_M20,4,20,ppo,,1,6,4,44,"[25, 23, 33, 35]",1.2069,1.1374,1.0822,1.0373,1.0,0.97,0.9865,0.9951,0.999,1.0
N4_M20,4,20,ppo,,1,7,0,61,"[32, 28, 30, 27]",1.094,1.0555,1.0305,1.013,1.0,0.9957,0.9985,0.9995,0.9999,1.0
N4_M20,4,20,ppo,,1,7,1,46,"[31, 26, 25, 30]",1.1071,1.0692,1.0405,1.0181,1.0,0.9918,0.9966,0.9988,0.9998,1.0
N4_M20,4,20,ppo,,1,7,2,28,"[20, 15, 17, 13]",1.2308,1.1466,1.0847,1.0374,1.0,0.9753,0.9899,0.9966,0.9993,1.0
N4_M20,4,20,ppo,,1,7,3,78,"[39, 50, 37, 53]",1.1844,1.1166,1.0672,1.0296,1.0,0.977,0.9907,0.9969,0.9994,1.0
N4_M20,4,20,ppo,,1,7,4,16,"[14, 6, 7, 13]",1.4,1.2609,1.1538,1.069,1.0,0.8889,0.9495,0.9818,0.9963,1.0
N4_M20,4,20,ppo,,1,8,0,192,"[87, 92, 93, 116]",1.1959,1.118,1.0657,1.0282,1.0,0.9868,0.9952,0.9985,0.9997,1.0
N4_M20,4,20,ppo,,1,8,1,63,"[35, 27, 37, 36]",1.0963,1.0594,1.0336,1.0146,1.0,0.9864,0.9948,0.9983,0.9997,1.0
N4_M20,4,20,ppo,,1,8,2,71,"[35, 28, 40, 37]",1.1429,1.0852,1.0472,1.0202,1.0,0.9843,0.9944,0.9983,0.9997,1.0
N4_M20,4,20,ppo,,1,8,3,68,"[39, 33, 42, 36]",1.12,1.0748,1.0427,1.0186,1.0,0.9921,0.9969,0.999,0.9998,1.0
N4_M20,4,20,ppo,,1,8,4,39,"[18, 26, 20, 20]",1.2381,1.1471,1.0833,1.0362,1.0,0.98,0.9923,0.9975,0.9995,1.0
N4_M20,4,20,ppo,,1,9,0,20,"[11, 12, 17, 11]",1.3333,1.2189,1.1298,1.0584,1.0,0.9633,0.9839,0.9943,0.9988,1.0
N4_M20,4,20,ppo,,1,9,1,13,"[7, 10, 11, 12]",1.2,1.1395,1.087,1.0408,1.0,0.9662,0.9832,0.9934,0.9985,1.0
N4_M20,4,20,ppo,,1,9,2,15,"[8, 7, 13, 13]",1.2683,1.1803,1.1089,1.0498,1.0,0.9318,0.968,0.9881,0.9975,1.0
N4_M20,4,20,ppo,,1,9,3,35,"[21, 22, 25, 26]",1.1064,1.0711,1.0427,1.0195,1.0,0.9924,0.9966,0.9988,0.9997,1.0
N4_M20,4,20,ppo,,1,9,4,15,"[8, 10, 12, 13]",1.2093,1.1429,1.0874,1.0404,1.0,0.9691,0.9854,0.9945,0.9988,1.0
N4_M20,4,20,ppo,,1,10,0,121,"[63, 31, 70, 63]",1.2335,1.1365,1.0745,1.0316,1.0,0.9336,0.9763,0.9928,0.9987,1.0
N4_M20,4,20,ppo,,1,10,1,22,"[12, 17, 17, 14]",1.1333,1.0896,1.0541,1.0247,1.0,0.9804,0.9911,0.9967,0.9993,1.0
N4_M20,4,20,ppo,,1,10,2,129,"[50, 73, 62, 82]",1.2285,1.139,1.0779,1.0336,1.0,0.9688,0.9882,0.9963,0.9993,1.0
N4_M20,4,20,ppo,,1,10,3,28,"[17, 14, 15, 19]",1.1692,1.1075,1.0621,1.0274,1.0,0.9862,0.9944,0.9981,0.9996,1.0
N4_M20,4,20,ppo,,1,10,4,59,"[37, 14, 39, 34]",1.2581,1.1579,1.0889,1.0385,1.0,0.9062,0.9627,0.9879,0.9977,1.0
N4_M20,4,20,ppo,,1,11,0,18,"[13, 12, 15, 12]",1.1538,1.1053,1.0645,1.0299,1.0,0.9912,0.9959,0.9984,0.9997,1.0
N4_M20,4,20,ppo,,1,11,1,49,"[34, 25, 35, 22]",1.2069,1.1324,1.0769,1.0341,1.0,0.9639,0.9849,0.9948,0.999,1.0
N4_M20,4,20,ppo,,1,11,2,32,"[22, 26, 25, 16]",1.1685,1.1139,1.0691,1.0317,1.0,0.9702,0.9862,0.9949,0.9989,1.0
N4_M20,4,20,ppo,,1,11,3,55,"[23, 26, 31, 37]",1.265,1.1629,1.092,1.0399,1.0,0.9681,0.9877,0.996,0.9993,1.0
N4_M20,4,20,ppo,,1,11,4,30,"[19, 23, 21, 23]",1.0698,1.0476,1.0291,1.0135,1.0,0.9941,0.9972,0.999,0.9998,1.0
N4_M20,4,20,ppo,,1,12,0,64,"[25, 37, 32, 41]",1.2148,1.1316,1.0742,1.0321,1.0,0.9696,0.9884,0.9963,0.9993,1.0
N4_M20,4,20,ppo,,1,12,1,16,"[12, 11, 10, 15]",1.25,1.1731,1.1071,1.05,1.0,0.9763,0.9885,0.9956,0.999,1.0
N4_M20,4,20,ppo,,1,12,2,29,"[19, 12, 16, 18]",1.1692,1.1061,1.0608,1.0266,1.0,0.9735,0.9894,0.9965,0.9993,1.0
N4_M20,4,20,ppo,,1,12,3,52,"[28, 18, 15, 28]",1.2584,1.1453,1.0774,1.0323,1.0,0.9354,0.9786,0.9938,0.9989,1.0
N4_M20,4,20,ppo,,1,12,4,42,"[25, 21, 16, 27]",1.2135,1.131,1.0739,1.032,1.0,0.9655,0.9867,0.9957,0.9992,1.0
N4_M20,4,20,ppo,,1,13,0,94,"[46, 50, 47, 35]",1.1236,1.0725,1.0397,1.0168,1.0,0.984,0.9944,0.9983,0.9997,1.0
N4_M20,4,20,ppo,,1,13,1,78,"[47, 45, 36, 33]",1.1677,1.1019,1.0571,1.0246,1.0,0.979,0.9922,0.9975,0.9995,1.0
N4_M20,4,20,ppo,,1,13,2,116,"[58, 59, 43, 50]",1.1238,1.0713,1.0386,1.0162,1.0,0.9849,0.9949,0.9985,0.9997,1.0
N4_M20,4,20,ppo,,1,13,3,35,"[19, 18, 21, 15]",1.1507,1.0919,1.0516,1.0223,1.0,0.9861,0.9948,0.9983,0.9997,1.0
N4_M20,4,20,ppo,,1,13,4,91,"[43, 41, 41, 54]",1.2067,1.1232,1.0681,1.0291,1.0,0.9856,0.9948,0.9984,0.9997,1.0
N4_M20,4,20,ppo,,1,14,0,25,"[18, 20, 19, 12]",1.1594,1.1075,1.0651,1.0298,1.0,0.9685,0.9854,0.9946,0.9989,1.0
N4_M20,4,20,ppo,,1,14,1,14,"[12, 7, 7, 13]",1.3333,1.2254,1.1368,1.0628,1.0,0.9252,0.9643,0.9866,0.9971,1.0
N4_M20,4,20,ppo,,1,14,2,112,"[40, 56, 67, 63]",1.1858,1.1119,1.0623,1.0268,1.0,0.9678,0.9881,0.9963,0.9993,1.0
N4_M20,4,20,ppo,,1,14,3,30,"[16, 16, 25, 19]",1.3158,1.2069,1.1224,1.055,1.0,0.964,0.9842,0.9944,0.9989,1.0
N4_M20,4,20,ppo,,1,14,4,72,"[34, 34, 47, 40]",1.2129,1.1315,1.0745,1.0324,1.0,0.9813,0.9928,0.9977,0.9996,1.0
N4_M20,4,20,ppo,,1,15,0,47,"[31, 23, 17, 23]",1.3191,1.1915,1.1064,1.0456,1.0,0.9571,0.9841,0.995,0.9991,1.0
N4_M20,4,20,ppo,,1,15,1,300,"[140, 146, 120, 66]",1.2373,1.1284,1.067,1.0275,1.0,0.9334,0.9795,0.9943,0.999,1.0
N4_M20,4,20,ppo,,1,15,2,64,"[43, 27, 33, 38]",1.2199,1.137,1.0781,1.0341,1.0,0.9725,0.9891,0.9964,0.9993,1.0
N4_M20,4,20,ppo,,1,15,3,61,"[44, 19, 26, 28]",1.5043,1.2975,1.1634,1.0695,1.0,0.9109,0.9671,0.9898,0.9981,1.0
N4_M20,4,20,ppo,,1,15,4,42,"[28, 27, 15, 23]",1.2043,1.1275,1.0728,1.0318,1.0,0.9538,0.9815,0.9939,0.9988,1.0
N4_M20,4,20,ppo,,1,16,0,19,"[3, 12, 13, 11]",1.3333,1.2021,1.113,1.0487,1.0,0.8584,0.9428,0.9814,0.9965,1.0
N4_M20,4,20,ppo,,1,16,1,10,"[6, 6, 6, 5]",1.0435,1.0275,1.0159,1.007,1.0,0.9944,0.9977,0.9992,0.9999,1.0
N4_M20,4,20,ppo,,1,16,2,17,"[8, 10, 10, 11]",1.1282,1.0811,1.0467,1.0206,1.0,0.9877,0.995,0.9983,0.9997,1.0
N4_M20,4,20,ppo,,1,16,3,30,"[13, 19, 26, 15]",1.4247,1.2743,1.1606,1.0716,1.0,0.931,0.97,0.9895,0.9979,1.0
N4_M20,4,20,ppo,,1,16,4,19,"[8, 11, 11, 9]",1.1282,1.0777,1.0435,1.0187,1.0,0.9826,0.9935,0.998,0.9996,1.0
N4_M20,4,20,ppo,,1,17,0,84,"[48, 45, 29, 60]",1.3187,1.1973,1.112,1.0487,1.0,0.9442,0.9779,0.9928,0.9986,1.0
N4_M20,4,20,ppo,,1,17,1,258,"[140, 141, 54, 166]",1.3253,1.1929,1.1063,1.0453,1.0,0.897,0.9612,0.9879,0.9978,1.0
N4_M20,4,20,ppo,,1,17,2,100,"[56, 55, 39, 63]",1.1831,1.1126,1.0636,1.0276,1.0,0.9735,0.9898,0.9967,0.9994,1.0
N4_M20,4,20,ppo,,1,17,3,290,"[180, 137, 55, 183]",1.3189,1.188,1.1032,1.0439,1.0,0.8782,0.9541,0.9857,0.9974,1.0
N4_M20,4,20,ppo,,1,17,4,93,"[58, 45, 40, 53]",1.1837,1.1125,1.0634,1.0274,1.0,0.9802,0.9925,0.9976,0.9995,1.0
N4_M20,4,20,ppo,,1,18,0,37,"[25, 25, 29, 21]",1.16,1.1071,1.0645,1.0294,1.0,0.9874,0.9943,0.9979,0.9996,1.0
N4_M20,4,20,ppo,,1,18,1,27,"[18, 20, 15, 16]",1.1594,1.1048,1.0621,1.028,1.0,0.9878,0.9947,0.9981,0.9996,1.0
N4_M20,4,20,ppo,,1,18,2,89,"[55, 48, 30, 48]",1.2155,1.1301,1.0726,1.0312,1.0,0.9598,0.985,0.9953,0.9991,1.0
N4_M20,4,20,ppo,,1,18,3,97,"[58, 48, 53, 55]",1.0841,1.0524,1.0299,1.0131,1.0,0.9954,0.9982,0.9994,0.9999,1.0
N4_M20,4,20,ppo,,1,18,4,31,"[24, 27, 21, 20]",1.1739,1.12,1.0741,1.0345,1.0,0.986,0.9933,0.9974,0.9994,1.0
N4_M20,4,20,ppo,,1,19,0,70,"[21, 32, 31, 33]",1.1282,1.0713,1.0378,1.0157,1.0,0.9736,0.9917,0.9977,0.9996,1.0
N4_M20,4,20,ppo,,1,19,1,102,"[38, 64, 48, 58]",1.2308,1.1395,1.0779,1.0335,1.0,0.965,0.9869,0.9959,0.9992,1.0
N4_M20,4,20,ppo,,1,19,2,143,"[60, 84, 84, 58]",1.1748,1.1049,1.0583,1.025,1.0,0.9703,0.9891,0.9966,0.9994,1.0
N4_M20,4,20,ppo,,1,19,3,133,"[58, 62, 58, 65]",1.07,1.0404,1.0219,1.0092,1.0,0.9977,0.9992,0.9998,1.0,1.0
N4_M20,4,20,ppo,,1,19,4,243,"[95, 105, 95, 117]",1.1359,1.0761,1.0405,1.0168,1.0,0.9923,0.9976,0.9993,0.9999,1.0
N4_M20,4,20,ppo,,2,0,0,31,"[23, 12, 20, 17]",1.2778,1.1765,1.102,1.045,1.0,0.9515,0.9799,0.9932,0.9987,1.0
N4_M20,4,20,ppo,,2,0,1,72,"[43, 38, 38, 44]",1.0798,1.0502,1.0288,1.0127,1.0,0.9954,0.9982,0.9994,0.9999,1.0
N4_M20,4,20,ppo,,2,0,2,17,"[5, 10, 13, 4]",1.625,1.3659,1.2,1.0847,1.0,0.8258,0.9326,0.9789,0.9961,1.0
N4_M20,4,20,ppo,,2,0,3,25,"[14, 21, 22, 15]",1.2222,1.1519,1.093,1.043,1.0,0.9629,0.9823,0.9933,0.9986,1.0
N4_M20,4,20,ppo,,2,0,4,66,"[45, 34, 38, 28]",1.2414,1.1502,1.0856,1.0374,1.0,0.9718,0.9889,0.9964,0.9993,1.0
N4_M20,4,20,ppo,,2,1,0,28,"[20, 15, 13, 25]",1.3699,1.2447,1.1459,1.066,1.0,0.9389,0.9723,0.99,0.9979,1.0
N4_M20,4,20,ppo,,2,1,1,30,"[17, 19, 22, 18]",1.1579,1.1034,1.0612,1.0275,1.0,0.9904,0.9959,0.9985,0.9997,1.0
N4_M20,4,20,ppo,,2,1,2,31,"[16, 22, 19, 22]",1.1139,1.0748,1.0443,1.02,1.0,0.9844,0.9932,0.9976,0.9995,1.0
N4_M20,4,20,ppo,,2,1,3,50,"[32, 29, 28, 33]",1.082,1.053,1.0311,1.0139,1.0,0.9955,0.9981,0.9993,0.9999,1.0
N4_M20,4,20,ppo,,2,1,4,32,"[18, 20, 18, 20]",1.0526,1.0337,1.0196,1.0087,1.0,0.9972,0.9989,0.9996,0.9999,1.0
N4_M20,4,20,ppo,,2,2,0,246,"[90, 124, 85, 104]",1.2308,1.1272,1.0671,1.0277,1.0,0.978,0.9932,0.9981,0.9997,1.0
N4_M20,4,20,ppo,,2,2,1,189,"[52, 67, 69, 49]",1.1646,1.0798,1.0393,1.0156,1.0,0.9782,0.9948,0.9987,0.9998,1.0
N4_M20,4,20,ppo,,2,2,2,26,"[18, 13, 16, 11]",1.2414,1.1511,1.0864,1.0378,1.0,0.9667,0.9867,0.9956,0.9992,1.0
N4_M20,4,20,ppo,,2,2,3,188,"[70, 58, 69, 71]",1.0597,1.0308,1.0157,1.0063,1.0,0.9939,0.9984,0.9996,0.9999,1.0
N4_M20,4,20,ppo,,2,2,4,39,"[23, 24, 19, 24]",1.0667,1.0423,1.0244,1.0108,1.0,0.9917,0.9966,0.9989,0.9998,1.0
N4_M20,4,20,ppo,,2,3,0,83,"[44, 50, 55, 45]",1.134,1.0853,1.0494,1.0218,1.0,0.9919,0.9967,0.9989,0.9998,1.0
N4_M20,4,20,ppo,,2,3,1,49,"[33, 28, 26, 28]",1.1478,1.0943,1.0547,1.0242,1.0,0.992,0.9967,0.9989,0.9998,1.0
N4_M20,4,20,ppo,,2,3,2,28,"[21, 20, 22, 19]",1.0732,1.0503,1.0309,1.0144,1.0,0.997,0.9986,0.9995,0.9999,1.0
N4_M20,4,20,ppo,,2,3,3,40,"[29, 18, 21, 26]",1.234,1.1493,1.0866,1.0383,1.0,0.968,0.9867,0.9955,0.9991,1.0
N4_M20,4,20,ppo,,2,3,4,111,"[51, 52, 70, 30]",1.3793,1.2194,1.119,1.0502,1.0,0.9277,0.9746,0.9924,0.9986,1.0
N4_M20,4,20,ppo,,2,4,0,98,"[63, 34, 65, 49]",1.2322,1.1434,1.0813,1.0353,1.0,0.9472,0.9792,0.9932,0.9987,1.0
N4_M20,4,20,ppo,,2,4,1,157,"[78, 53, 105, 89]",1.2923,1.1778,1.0997,1.043,1.0,0.9485,0.9803,0.9937,0.9988,1.0
N4_M20,4,20,ppo,,2,4,2,226,"[84, 120, 88, 104]",1.2121,1.1205,1.0646,1.027,1.0,0.9797,0.9934,0.9981,0.9997,1.0
N4_M20,4,20,ppo,,2,4,3,53,"[34, 20, 37, 25]",1.2759,1.1714,1.0976,1.0426,1.0,0.9476,0.9791,0.9931,0.9987,1.0
N4_M20,4,20,ppo,,2,4,4,112,"[60, 36, 82, 69]",1.3279,1.2044,1.1165,1.0509,1.0,0.9311,0.9721,0.9907,0.9982,1.0
N4_M20,4,20,ppo,,2,5,0,23,"[16, 15, 19, 15]",1.1692,1.115,1.0701,1.0323,1.0,0.9899,0.9953,0.9983,0.9996,1.0
N4_M20,4,20,ppo,,2,5,1,143,"[88, 84, 68, 60]",1.1733,1.106,1.0596,1.0258,1.0,0.9772,0.9914,0.9973,0.9995,1.0
N4_M20,4,20,ppo,,2,5,2,43,"[34, 25, 31, 13]",1.3204,1.2058,1.12,1.0533,1.0,0.9111,0.9613,0.9865,0.9973,1.0
N4_M20,4,20,ppo,,2,5,3,101,"[57, 67, 36, 39]",1.3467,1.2068,1.1144,1.0489,1.0,0.938,0.977,0.9928,0.9987,1.0
N4_M20,4,20,ppo,,2,5,4,184,"[80, 87, 89, 60]",1.1266,1.0713,1.038,1.0158,1.0,0.9794,0.9934,0.9981,0.9997,1.0
N4_M20,4,20,ppo,,2,6,0,46,"[34, 33, 25, 29]",1.124,1.0823,1.0492,1.0223,1.0,0.9863,0.9939,0.9978,0.9996,1.0
N4_M20,4,20,ppo,,2,6,1,55,"[25, 34, 37, 41]",1.1971,1.1284,1.0756,1.0339,1.0,0.9713,0.9876,0.9957,0.9991,1.0
N4_M20,4,20,ppo,,2,6,2,228,"[80, 103, 115, 100]",1.1558,1.0883,1.0473,1.0198,1.0,0.9843,0.9949,0.9985,0.9997,1.0
N4_M20,4,20,ppo,,2,6,3,135,"[53, 58, 71, 62]",1.1639,1.0943,1.051,1.0215,1.0,0.9884,0.9961,0.9989,0.9998,1.0
N4_M20,4,20,ppo,,2,6,4,64,"[37, 35, 31, 45]",1.2162,1.1371,1.0792,1.0349,1.0,0.9814,0.9924,0.9975,0.9995,1.0
N4_M20,4,20,ppo,,2,7,0,118,"[48, 64, 35, 45]",1.3333,1.1832,1.0964,1.0398,1.0,0.955,0.986,0.9961,0.9993,1.0
N4_M20,4,20,ppo,,2,7,1,93,"[32, 47, 46, 38]",1.1534,1.0871,1.0467,1.0195,1.0,0.9778,0.9927,0.9979,0.9996,1.0
N4_M20,4,20,ppo,,2,7,2,74,"[41, 44, 31, 34]",1.1733,1.1046,1.0583,1.025,1.0,0.981,0.993,0.9978,0.9996,1.0
N4_M20,4,20,ppo,,2,7,3,70,"[35, 46, 25, 27]",1.3835,1.2253,1.1235,1.0524,1.0,0.9419,0.9791,0.9936,0.9988,1.0
N4_M20,4,20,ppo,,2,7,4,13,"[12, 4, 5, 9]",1.6,1.3803,1.2195,1.0968,1.0,0.8459,0.9318,0.9762,0.9953,1.0
N4_M20,4,20,ppo,,2,8,0,88,"[52, 60, 33, 54]",1.206,1.1296,1.0744,1.0327,1.0,0.9604,0.9839,0.9946,0.999,1.0
N4_M20,4,20,ppo,,2,8,1,47,"[22, 24, 25, 24]",1.0526,1.0317,1.0177,1.0076,1.0,0.9979,0.9992,0.9998,1.0,1.0
N4_M20,4,20,ppo,,2,8,2,38,"[16, 21, 22, 14]",1.2055,1.1213,1.0667,1.0284,1.0,0.9675,0.9884,0.9965,0.9994,1.0
N4_M20,4,20,ppo,,2,8,3,124,"[87, 44, 88, 74]",1.2014,1.1287,1.0748,1.0331,1.0,0.9444,0.9765,0.992,0.9984,1.0
N4_M20,4,20,ppo,,2,8,4,32,"[18, 22, 19, 14]",1.2055,1.1297,1.0746,1.0328,1.0,0.976,0.9903,0.9968,0.9994,1.0
N4_M20,4,20,ppo,,2,9,0,23,"[12, 15, 18, 6]",1.4118,1.2571,1.1469,1.0642,1.0,0.892,0.9549,0.9848,0.9971,1.0
N4_M20,4,20,ppo,,2,9,1,15,"[7, 12, 10, 10]",1.2308,1.1525,1.0909,1.0411,1.0,0.9676,0.9856,0.9948,0.9989,1.0
N4_M20,4,20,ppo,,2,9,2,17,"[10, 11, 12, 11]",1.0909,1.06,1.0357,1.0161,1.0,0.9959,0.9982,0.9994,0.9999,1.0
N4_M20,4,20,ppo,,2,9,3,34,"[22, 22, 21, 19]",1.0476,1.0309,1.0182,1.0081,1.0,0.9966,0.9986,0.9995,0.9999,1.0
N4_M20,4,20,ppo,,2,9,4,26,"[17, 21, 19, 14]",1.1831,1.123,1.0743,1.0339,1.0,0.9792,0.9905,0.9965,0.9993,1.0
N4_M20,4,20,ppo,,2,10,0,68,"[25, 25, 47, 51]",1.3784,1.2346,1.1333,1.0581,1.0,0.9036,0.9606,0.9869,0.9975,1.0
N4_M20,4,20,ppo,,2,10,1,102,"[49, 57, 51, 66]",1.1839,1.1142,1.065,1.0283,1.0,0.9861,0.9946,0.9982,0.9997,1.0
N4_M20,4,20,ppo,,2,10,2,146,"[92, 57, 83, 79]",1.1833,1.1127,1.0637,1.0276,1.0,0.9733,0.9897,0.9967,0.9994,1.0
N4_M20,4,20,ppo,,2,10,3,59,"[31, 28, 39, 40]",1.1594,1.1015,1.0588,1.026,1.0,0.9784,0.9911,0.997,0.9994,1.0
N4_M20,4,20,ppo,,2,10,4,41,"[21, 23, 24, 24]",1.0435,1.0273,1.0156,1.0068,1.0,0.9972,0.9989,0.9996,0.9999,1.0
N4_M20,4,20,ppo,,2,11,0,78,"[38, 46, 48, 48]",1.0667,1.0423,1.0244,1.0108,1.0,0.9917,0.9966,0.9989,0.9998,1.0
N4_M20,4,20,ppo,,2,11,1,32,"[22, 16, 21, 22]",1.0864,1.0566,1.0335,1.0151,1.0,0.9851,0.9936,0.9977,0.9995,1.0
N4_M20,4,20,ppo,,2,11,2,30,"[16, 23, 23, 17]",1.1646,1.1092,1.0653,1.0296,1.0,0.9733,0.9881,0.9957,0.9991,1.0
N4_M20,4,20,ppo,,2,11,3,15,"[4, 9, 11, 11]",1.2571,1.1636,1.0947,1.0419,1.0,0.9034,0.9585,0.9857,0.9972,1.0
N4_M20,4,20,ppo,,2,11,4,22,"[9, 16, 17, 19]",1.2459,1.1661,1.1007,1.0462,1.0,0.9425,0.9729,0.9899,0.9979,1.0
N4_M20,4,20,ppo,,2,12,0,88,"[34, 42, 45, 55]",1.25,1.15,1.0833,1.0357,1.0,0.9716,0.9896,0.9968,0.9994,1.0
N4_M20,4,20,ppo,,2,12,1,47,"[30, 24, 30, 26]",1.0909,1.0579,1.0336,1.0148,1.0,0.9912,0.9964,0.9988,0.9998,1.0
N4_M20,4,20,ppo,,2,12,2,300,"[76, 70, 101, 91]",1.1953,1.0894,1.0429,1.0168,1.0,0.9795,0.9956,0.999,0.9998,1.0
N4_M20,4,20,ppo,,2,12,3,36,"[21, 16, 14, 21]",1.1667,1.1,1.0556,1.0238,1.0,0.9715,0.9896,0.9968,0.9994,1.0
N4_M20,4,20,ppo,,2,12,4,55,"[28, 30, 25, 29]",1.0714,1.0432,1.0241,1.0104,1.0,0.9956,0.9984,0.9995,0.9999,1.0
N4_M20,4,20,ppo,,2,13,0,38,"[25, 25, 21, 20]",1.0989,1.0635,1.037,1.0165,1.0,0.9901,0.9959,0.9986,0.9997,1.0
N4_M20,4,20,ppo,,2,13,1,90,"[50, 33, 50, 47]",1.1111,1.0667,1.037,1.0159,1.0,0.9761,0.9913,0.9973,0.9995,1.0
N4_M20,4,20,ppo,,2,13,2,101,"[41, 53, 63, 32]",1.3333,1.1946,1.1062,1.045,1.0,0.9417,0.9793,0.9938,0.9989,1.0
N4_M20,4,20,ppo,,2,13,3,116,"[40, 51, 57, 54]",1.1287,1.0729,1.039,1.0163,1.0,0.9841,0.9948,0.9985,0.9997,1.0
N4_M20,4,20,ppo,,2,13,4,34,"[23, 23, 18, 12]",1.2105,1.1319,1.0755,1.0331,1.0,0.9463,0.9782,0.9928,0.9986,1.0
N4_M20,4,20,ppo,,2,14,0,22,"[20, 19, 13, 10]",1.2903,1.1971,1.12,1.0552,1.0,0.933,0.968,0.9879,0.9974,1.0
N4_M20,4,20,ppo,,2,14,1,57,"[32, 36, 27, 35]",1.1077,1.068,1.0391,1.0172,1.0,0.9885,0.9954,0.9985,0.9997,1.0
N4_M20,4,20,ppo,,2,14,2,166,"[80, 62, 49, 63]",1.2598,1.1388,1.0719,1.0294,1.0,0.9708,0.9915,0.9977,0.9996,1.0
N4_M20,4,20,ppo,,2,14,3,30,"[19, 17, 18, 12]",1.1515,1.0943,1.0538,1.0235,1.0,0.9741,0.9898,0.9967,0.9994,1.0
N4_M20,4,20,ppo,,2,14,4,37,"[30, 19, 20, 18]",1.3793,1.2421,1.1404,1.0621,1.0,0.9533,0.9804,0.9933,0.9987,1.0
N4_M20,4,20,ppo,,2,15,0,48,"[27, 25, 22, 28]",1.098,1.0602,1.034,1.0147,1.0,0.992,0.997,0.999,0.9998,1.0
N4_M20,4,20,ppo,,2,15,1,59,"[45, 41, 27, 28]",1.2766,1.1775,1.1034,1.0459,1.0,0.9523,0.9798,0.993,0.9986,1.0
N4_M20,4,20,ppo,,2,15,2,46,"[24, 21, 35, 25]",1.3333,1.2104,1.1211,1.0533,1.0,0.9614,0.9842,0.9947,0.999,1.0
N4_M20,4,20,ppo,,2,15,3,61,"[35, 34, 36, 35]",1.0286,1.0181,1.0104,1.0046,1.0,0.9996,0.9998,0.9999,1.0,1.0
N4_M20,4,20,ppo,,2,15,4,66,"[33, 41, 31, 31]",1.2059,1.125,1.07,1.0302,1.0,0.9855,0.9946,0.9983,0.9997,1.0
N4_M20,4,20,ppo,,2,16,0,13,"[2, 10, 11, 7]",1.4667,1.2958,1.1707,1.0753,1.0,0.8212,0.9196,0.9717,0.9944,1.0
N4_M20,4,20,ppo,,2,16,1,30,"[16, 22, 15, 13]",1.3333,1.2075,1.1183,1.0516,1.0,0.9603,0.9842,0.9948,0.999,1.0
N4_M20,4,20,ppo,,2,16,2,17,"[6, 11, 13, 13]",1.2093,1.1371,1.0811,1.0364,1.0,0.9338,0.9705,0.9895,0.9979,1.0
N4_M20,4,20,ppo,,2,16,3,29,"[13, 22, 26, 9]",1.4857,1.3129,1.1828,1.0813,1.0,0.8688,0.941,0.9791,0.9958,1.0
N4_M20,4,20,ppo,,2,16,4,14,"[7, 11, 10, 10]",1.1579,1.1059,1.0638,1.0291,1.0,0.9757,0.9889,0.9959,0.9992,1.0
N4_M20,4,20,ppo,,2,17,0,300,"[152, 146, 42, 196]",1.4627,1.265,1.1429,1.06,1.0,0.849,0.9449,0.9833,0.997,1.0
N4_M20,4,20,ppo,,2,17,1,300,"[116, 150, 118, 149]",1.1257,1.0718,1.0387,1.0162,1.0,0.9853,0.9952,0.9986,0.9998,1.0
N4_M20,4,20,ppo,,2,17,2,300,"[147, 177, 38, 189]",1.3721,1.2156,1.1171,1.0494,1.0,0.8424,0.9409,0.9818,0.9967,1.0
N4_M20,4,20,ppo,,2,17,3,300,"[162, 163, 42, 178]",1.3064,1.1767,1.0957,1.0403,1.0,0.8608,0.949,0.9845,0.9972,1.0
N4_M20,4,20,ppo,,2,17,4,300,"[143, 141, 46, 193]",1.4761,1.2698,1.1445,1.0604,1.0,0.858,0.9496,0.985,0.9973,1.0
N4_M20,4,20,ppo,,2,18,0,17,"[10, 12, 16, 14]",1.2308,1.1607,1.1,1.0469,1.0,0.9713,0.9859,0.9945,0.9988,1.0
N4_M20,4,20,ppo,,2,18,1,28,"[18, 20, 15, 18]",1.1268,1.0831,1.0492,1.0221,1.0,0.99,0.9957,0.9985,0.9997,1.0
N4_M20,4,20,ppo,,2,18,2,75,"[35, 39, 20, 44]",1.2754,1.1597,1.0868,1.0366,1.0,0.9368,0.9778,0.9934,0.9988,1.0
N4_M20,4,20,ppo,,2,18,3,25,"[12, 16, 18, 18]",1.125,1.0822,1.0488,1.022,1.0,0.9771,0.99,0.9964,0.9993,1.0
N4_M20,4,20,ppo,,2,18,4,52,"[35, 45, 41, 31]",1.1842,1.1265,1.0778,1.0361,1.0,0.9803,0.9906,0.9964,0.9992,1.0
N4_M20,4,20,ppo,,2,19,0,85,"[34, 38, 32, 46]",1.2267,1.1291,1.0694,1.0291,1.0,0.98,0.9934,0.9981,0.9997,1.0
N4_M20,4,20,ppo,,2,19,1,126,"[55, 55, 62, 50]",1.1171,1.0667,1.0358,1.015,1.0,0.9941,0.9981,0.9994,0.9999,1.0
N4_M20,4,20,ppo,,2,19,2,139,"[58, 62, 64, 67]",1.0677,1.039,1.0211,1.0089,1.0,0.9973,0.9991,0.9997,1.0,1.0
N4_M20,4,20,ppo,,2,19,3,300,"[101, 84, 115, 112]",1.1165,1.0591,1.0298,1.012,1.0,0.9863,0.9964,0.9991,0.9999,1.0
N4_M20,4,20,ppo,,2,19,4,137,"[64, 60, 51, 69]",1.1311,1.075,1.0404,1.0169,1.0,0.9884,0.9962,0.9989,0.9998,1.0
N4_M20,4,20,astar,bbox,-1,0,0,33,"[7, 9, 10, 6]",1.25,1.1053,1.0488,1.0187,1.0,0.9624,0.9931,0.9985,0.9998,1.0
N4_M20,4,20,astar,bbox,-1,1,0,12,"[8, 8, 7, 12]",1.3714,1.2549,1.1566,1.0726,1.0,0.954,0.9778,0.9915,0.9982,1.0
N4_M20,4,20,astar,bbox,-1,2,0,38,"[4, 5, 10, 12]",1.5484,1.2082,1.0929,1.0349,1.0,0.843,0.9739,0.9947,0.9992,1.0
N4_M20,4,20,astar,bbox,-1,3,0,92,"[13, 20, 14, 15]",1.2903,1.0975,1.0419,1.0154,1.0,0.9707,0.9966,0.9994,0.9999,1.0
N4_M20,4,20,astar,bbox,-1,4,0,32,"[12, 10, 12, 16]",1.28,1.1511,1.0787,1.0323,1.0,0.9705,0.9912,0.9976,0.9996,1.0
N4_M20,4,20,astar,bbox,-1,5,0,16,"[6, 9, 13, 10]",1.3684,1.236,1.1373,1.0609,1.0,0.9352,0.9724,0.9905,0.9981,1.0
N4_M20,4,20,astar,bbox,-1,6,0,17,"[12, 15, 10, 17]",1.2593,1.1826,1.1148,1.0543,1.0,0.9617,0.9806,0.9923,0.9983,1.0
N4_M20,4,20,astar,bbox,-1,7,0,69,"[9, 13, 13, 8]",1.2093,1.0667,1.0282,1.0103,1.0,0.957,0.9955,0.9992,0.9999,1.0
N4_M20,4,20,astar,bbox,-1,8,0,12,"[5, 9, 9, 5]",1.2857,1.1818,1.1053,1.0465,1.0,0.9245,0.968,0.989,0.9978,1.0
N4_M20,4,20,astar,bbox,-1,9,0,8,"[4, 8, 8, 6]",1.2308,1.1636,1.1034,1.0492,1.0,0.9389,0.9683,0.9871,0.9971,1.0
N4_M20,4,20,astar,bbox,-1,10,0,12,"[2, 7, 12, 9]",1.6,1.3913,1.2308,1.1034,1.0,0.8094,0.9089,0.9663,0.993,1.0
N4_M20,4,20,astar,bbox,-1,11,0,205,"[4, 11, 41, 38]",1.7447,1.1906,1.0766,1.0274,1.0,0.6772,0.9697,0.995,0.9994,1.0
N4_M20,4,20,astar,bbox,-1,12,0,104,"[18, 10, 12, 16]",1.2857,1.0822,1.0339,1.0123,1.0,0.9515,0.9958,0.9993,0.9999,1.0
N4_M20,4,20,astar,bbox,-1,13,0,190,"[23, 18, 11, 30]",1.4634,1.1133,1.0451,1.0161,1.0,0.897,0.9932,0.9989,0.9999,1.0
N4_M20,4,20,astar,bbox,-1,14,0,24,"[11, 11, 11, 11]",1.0,1.0,1.0,1.0,1.0,1.0,1.0,1.0,1.0,1.0
N4_M20,4,20,astar,bbox,-1,15,0,16,"[9, 16, 12, 15]",1.2308,1.1636,1.1034,1.0492,1.0,0.9575,0.9782,0.9912,0.998,1.0
N4_M20,4,20,astar,bbox,-1,16,0,4,"[4, 2, 4, 4]",1.1429,1.1034,1.0667,1.0323,1.0,0.9423,0.9689,0.9868,0.9969,1.0
N4_M20,4,20,astar,bbox,-1,17,0,13,"[11, 9, 13, 13]",1.1304,1.0947,1.0612,1.0297,1.0,0.9796,0.9891,0.9954,0.9989,1.0
N4_M20,4,20,astar,bbox,-1,18,0,135,"[13, 15, 21, 15]",1.3125,1.082,1.0331,1.0119,1.0,0.966,0.9976,0.9996,0.9999,1.0
N4_M20,4,20,astar,bbox,-1,19,0,47,"[14, 17, 17, 16]",1.0625,1.0316,1.0159,1.0064,1.0,0.9942,0.9985,0.9996,0.9999,1.0
N4_M20,4,20,astar,median,-1,0,0,91,"[8, 8, 25, 10]",1.9608,1.2843,1.1181,1.0429,1.0,0.7623,0.9734,0.9953,0.9994,1.0
N4_M20,4,20,astar,median,-1,1,0,20,"[1, 1, 16, 20]",2.1053,1.6495,1.3559,1.1511,1.0,0.5486,0.7788,0.9214,0.9849,1.0
N4_M20,4,20,astar,median,-1,2,0,14,"[2, 2, 1, 12]",2.8235,1.8692,1.4247,1.1676,1.0,0.4722,0.7975,0.9429,0.9907,1.0
N4_M20,4,20,astar,median,-1,3,0,18,"[2, 12, 10, 11]",1.3714,1.2203,1.1215,1.0518,1.0,0.8299,0.9327,0.9785,0.996,1.0
N4_M20,4,20,astar,median,-1,4,0,69,"[10, 12, 5, 17]",1.5455,1.1765,1.075,1.0275,1.0,0.8674,0.9842,0.9971,0.9996,1.0
N4_M20,4,20,astar,median,-1,5,0,15,"[4, 5, 12, 11]",1.5,1.3077,1.1739,1.0755,1.0,0.8366,0.9311,0.9769,0.9956,1.0
N4_M20,4,20,astar,median,-1,6,0,19,"[10, 11, 12, 13]",1.1304,1.0841,1.0492,1.0219,1.0,0.9906,0.9961,0.9987,0.9997,1.0
N4_M20,4,20,astar,median,-1,7,0,42,"[12, 5, 8, 2]",1.7778,1.253,1.1077,1.0395,1.0,0.769,0.9692,0.9943,0.9992,1.0
N4_M20,4,20,astar,median,-1,8,0,55,"[2, 12, 13, 2]",1.7931,1.2248,1.0924,1.0334,1.0,0.655,0.9594,0.9929,0.9991,1.0
N4_M20,4,20,astar,median,-1,9,0,30,"[3, 9, 7, 7]",1.3846,1.1515,1.0685,1.0259,1.0,0.8989,0.9829,0.9964,0.9995,1.0
N4_M20,4,20,astar,median,-1,10,0,6,"[0, 6, 6, 6]",1.3333,1.2308,1.1429,1.0667,1.0,0.75,0.8622,0.9423,0.9868,1.0
N4_M20,4,20,astar,median,-1,11,0,11,"[0, 11, 5, 7]",1.913,1.5575,1.3134,1.1355,1.0,0.6782,0.8497,0.947,0.9897,1.0
N4_M20,4,20,astar,median,-1,12,0,34,"[11, 6, 12, 5]",1.4118,1.1765,1.0824,1.0317,1.0,0.8865,0.977,0.9949,0.9992,1.0
N4_M20,4,20,astar,median,-1,13,0,300,"[37, 9, 9, 66]",2.1818,1.2745,1.1083,1.0384,1.0,0.6218,0.9682,0.9949,0.9994,1.0
N4_M20,4,20,astar,median,-1,14,0,12,"[9, 10, 5, 10]",1.1765,1.12,1.0732,1.0337,1.0,0.9444,0.9735,0.99,0.9979,1.0
N4_M20,4,20,astar,median,-1,15,0,16,"[1, 6, 12, 12]",1.5484,1.3248,1.1789,1.0762,1.0,0.7392,0.8899,0.9638,0.9932,1.0
N4_M20,4,20,astar,median,-1,16,0,4,"[4, 2, 4, 4]",1.1429,1.1034,1.0667,1.0323,1.0,0.9423,0.9689,0.9868,0.9969,1.0
N4_M20,4,20,astar,median,-1,17,0,38,"[1, 7, 32, 3]",2.9767,1.9075,1.4359,1.1703,1.0,0.4268,0.7794,0.9387,0.9901,1.0
N4_M20,4,20,astar,median,-1,18,0,45,"[6, 15, 9, 2]",1.875,1.3043,1.1321,1.049,1.0,0.7399,0.9592,0.9921,0.9989,1.0
N4_M20,4,20,astar,median,-1,19,0,67,"[13, 15, 17, 13]",1.1724,1.0679,1.0307,1.0116,1.0,0.9871,0.998,0.9996,0.9999,1.0
N4_M20,4,20,astar,minimax,-1,0,0,63,"[8, 8, 10, 8]",1.1765,1.0508,1.021,1.0076,1.0,0.9897,0.9991,0.9999,1.0,1.0
N4_M20,4,20,astar,minimax,-1,1,0,63,"[12, 12, 10, 13]",1.1064,1.0382,1.0167,1.0062,1.0,0.9915,0.9989,0.9998,1.0,1.0
N4_M20,4,20,astar,minimax,-1,2,0,14,"[5, 4, 3, 11]",1.913,1.504,1.2658,1.1099,1.0,0.7734,0.918,0.9758,0.9958,1.0
N4_M20,4,20,astar,minimax,-1,3,0,62,"[7, 15, 15, 14]",1.1765,1.0673,1.0301,1.0113,1.0,0.9356,0.9901,0.998,0.9997,1.0
N4_M20,4,20,astar,minimax,-1,4,0,52,"[11, 7, 6, 12]",1.3333,1.1139,1.0492,1.0182,1.0,0.9257,0.9907,0.9983,0.9998,1.0
N4_M20,4,20,astar,minimax,-1,5,0,16,"[5, 4, 13, 10]",1.625,1.375,1.2083,1.0893,1.0,0.8258,0.9294,0.9771,0.9957,1.0
N4_M20,4,20,astar,minimax,-1,6,0,17,"[10, 13, 10, 15]",1.25,1.1698,1.1034,1.0476,1.0,0.9697,0.9858,0.9947,0.9989,1.0
N4_M20,4,20,astar,minimax,-1,7,0,134,"[12, 10, 11, 9]",1.1429,1.0272,1.0104,1.0036,1.0,0.9888,0.9996,0.9999,1.0,1.0
N4_M20,4,20,astar,minimax,-1,8,0,24,"[2, 11, 11, 3]",1.6296,1.2881,1.1382,1.054,1.0,0.7147,0.9229,0.9811,0.9971,1.0
N4_M20,4,20,astar,minimax,-1,9,0,8,"[4, 6, 8, 4]",1.4545,1.3061,1.1852,1.0847,1.0,0.9167,0.9604,0.9851,0.9968,1.0
N4_M20,4,20,astar,minimax,-1,10,0,6,"[1, 6, 6, 6]",1.2632,1.1852,1.1163,1.0549,1.0,0.828,0.9067,0.961,0.991,1.0
N4_M20,4,20,astar,minimax,-1,11,0,61,"[8, 11, 9, 6]",1.2941,1.0867,1.036,1.0131,1.0,0.957,0.9961,0.9993,0.9999,1.0
N4_M20,4,20,astar,minimax,-1,12,0,17,"[10, 6, 11, 7]",1.2941,1.1765,1.098,1.042,1.0,0.9444,0.9793,0.9935,0.9988,1.0
N4_M20,4,20,astar,minimax,-1,13,0,300,"[46, 9, 7, 55]",1.8803,1.1992,1.0782,1.0277,1.0,0.6493,0.9731,0.9958,0.9995,1.0
N4_M20,4,20,astar,minimax,-1,14,0,12,"[9, 12, 5, 12]",1.2632,1.1852,1.1163,1.0549,1.0,0.9162,0.9567,0.9825,0.996,1.0
N4_M20,4,20,astar,minimax,-1,15,0,14,"[5, 10, 10, 11]",1.2222,1.1463,1.087,1.0392,1.0,0.9364,0.9714,0.9897,0.9979,1.0
N4_M20,4,20,astar,minimax,-1,16,0,5,"[3, 3, 5, 4]",1.3333,1.2308,1.1429,1.0667,1.0,0.9534,0.9771,0.9911,0.998,1.0
N4_M20,4,20,astar,minimax,-1,17,0,152,"[17, 23, 21, 13]",1.2432,1.0651,1.0264,1.0095,1.0,0.9587,0.9969,0.9995,0.9999,1.0
N4_M20,4,20,astar,minimax,-1,18,0,73,"[7, 13, 8, 8]",1.4444,1.12,1.0488,1.0175,1.0,0.9364,0.9951,0.9992,0.9999,1.0
N4_M20,4,20,astar,minimax,-1,19,0,65,"[13, 13, 15, 11]",1.1538,1.0577,1.0256,1.0096,1.0,0.9883,0.9983,0.9997,1.0,1.0
N5_M20,5,20,ppo,,0,0,0,77,"[48, 55, 44, 37, 57]",1.1826,1.1191,1.0703,1.0315,1.0,0.9775,0.9903,0.9966,0.9993,1.0
N5_M20,5,20,ppo,,0,0,1,19,"[15, 13, 12, 12, 17]",1.2319,1.1589,1.0976,1.0452,1.0,0.9806,0.9908,0.9965,0.9993,1.0
N5_M20,5,20,ppo,,0,0,2,44,"[32, 29, 25, 29, 32]",1.0884,1.059,1.0354,1.0161,1.0,0.9924,0.9966,0.9988,0.9997,1.0
N5_M20,5,20,ppo,,0,0,3,36,"[31, 27, 31, 28, 22]",1.1151,1.0804,1.0502,1.0236,1.0,0.986,0.9931,0.9973,0.9994,1.0
N5_M20,5,20,ppo,,0,0,4,37,"[26, 26, 13, 25, 23]",1.1504,1.0973,1.057,1.0254,1.0,0.9547,0.9805,0.9932,0.9986,1.0
N5_M20,5,20,ppo,,0,1,0,68,"[39, 31, 40, 36, 42]",1.117,1.073,1.0417,1.0182,1.0,0.9898,0.996,0.9987,0.9997,1.0
N5_M20,5,20,ppo,,0,1,1,57,"[35, 37, 35, 37, 31]",1.0571,1.037,1.0217,1.0097,1.0,0.9961,0.9984,0.9994,0.9999,1.0
N5_M20,5,20,ppo,,0,1,2,26,"[16, 17, 19, 19, 18]",1.0674,1.0453,1.0274,1.0125,1.0,0.9957,0.9981,0.9993,0.9999,1.0
N5_M20,5,20,ppo,,0,1,3,32,"[22, 27, 17, 26, 17]",1.2385,1.1602,1.0967,1.0441,1.0,0.9632,0.9831,0.9938,0.9987,1.0
N5_M20,5,20,ppo,,0,1,4,45,"[35, 37, 29, 31, 24]",1.1859,1.1255,1.0761,1.0349,1.0,0.9789,0.9903,0.9964,0.9992,1.0
N5_M20,5,20,ppo,,0,2,0,191,"[82, 104, 95, 82, 96]",1.1329,1.0785,1.0431,1.0184,1.0,0.9913,0.997,0.9991,0.9998,1.0
N5_M20,5,20,ppo,,0,2,1,300,"[105, 157, 121, 147, 160]",1.1594,1.0924,1.0502,1.0212,1.0,0.9764,0.9919,0.9976,0.9996,1.0
N5_M20,5,20,ppo,,0,2,2,300,"[49, 70, 81, 58, 98]",1.3764,1.1565,1.0722,1.0276,1.0,0.9447,0.99,0.9979,0.9997,1.0
N5_M20,5,20,ppo,,0,2,3,83,"[24, 48, 41, 32, 53]",1.3384,1.1992,1.1093,1.0464,1.0,0.9341,0.9761,0.9927,0.9987,1.0
N5_M20,5,20,ppo,,0,2,4,300,"[137, 115, 128, 121, 138]",1.0798,1.0448,1.0238,1.0099,1.0,0.9951,0.9985,0.9996,0.9999,1.0
N5_M20,5,20,ppo,,0,3,0,88,"[57, 59, 62, 52, 53]",1.0954,1.0628,1.0373,1.0168,1.0,0.9957,0.9981,0.9993,0.9999,1.0
N5_M20,5,20,ppo,,0,3,1,33,"[22, 22, 21, 22, 23]",1.0455,1.0303,1.0182,1.0083,1.0,0.9992,0.9996,0.9999,1.0,1.0
N5_M20,5,20,ppo,,0,3,2,32,"[28, 23, 23, 18, 23]",1.2174,1.1485,1.0909,1.042,1.0,0.9814,0.9913,0.9967,0.9993,1.0
N5_M20,5,20,ppo,,0,3,3,98,"[53, 62, 46, 46, 42]",1.245,1.1479,1.0825,1.0355,1.0,0.9803,0.9927,0.9977,0.9996,1.0
N5_M20,5,20,ppo,,0,3,4,197,"[107, 107, 58, 115, 91]",1.2029,1.1203,1.0663,1.0283,1.0,0.9566,0.9843,0.9952,0.9991,1.0
N5_M20,5,20,ppo,,0,4,0,104,"[60, 73, 61, 38, 57]",1.263,1.1644,1.0939,1.0411,1.0,0.9632,0.9853,0.9951,0.9991,1.0
N5_M20,5,20,ppo,,0,4,1,93,"[61, 65, 62, 35, 50]",1.1905,1.1215,1.0705,1.0312,1.0,0.9607,0.9836,0.9944,0.9989,1.0
N5_M20,5,20,ppo,,0,4,2,35,"[21, 26, 18, 23, 22]",1.1818,1.1188,1.0702,1.0315,1.0,0.9861,0.994,0.9979,0.9996,1.0
N5_M20,5,20,ppo,,0,4,3,98,"[66, 60, 52, 33, 60]",1.2177,1.1358,1.0775,1.0339,1.0,0.9569,0.9828,0.9943,0.9989,1.0
N5_M20,5,20,ppo,,0,4,4,41,"[28, 27, 21, 28, 20]",1.129,1.0832,1.0486,1.0217,1.0,0.98,0.9916,0.9971,0.9994,1.0
N5_M20,5,20,ppo,,0,5,0,25,"[20, 17, 14, 17, 14]",1.2195,1.1456,1.087,1.0394,1.0,0.9816,0.9918,0.9971,0.9994,1.0
N5_M20,5,20,ppo,,0,5,1,300,"[145, 139, 103, 125, 124]",1.1399,1.0783,1.0417,1.0173,1.0,0.9871,0.9959,0.9988,0.9998,1.0
N5_M20,5,20,ppo,,0,5,2,21,"[18, 16, 15, 16, 12]",1.1688,1.1161,1.0714,1.0332,1.0,0.9841,0.9924,0.9971,0.9994,1.0
N5_M20,5,20,ppo,,0,5,3,27,"[24, 18, 14, 13, 22]",1.3187,1.2132,1.1283,1.0585,1.0,0.9469,0.9755,0.991,0.9981,1.0
N5_M20,5,20,ppo,,0,5,4,86,"[53, 55, 47, 53, 46]",1.0827,1.0529,1.0307,1.0136,1.0,0.995,0.998,0.9993,0.9999,1.0
N5_M20,5,20,ppo,,0,6,0,44,"[32, 27, 31, 29, 28]",1.0884,1.059,1.0354,1.0161,1.0,0.996,0.9982,0.9994,0.9999,1.0
N5_M20,5,20,ppo,,0,6,1,46,"[34, 29, 31, 27, 31]",1.1184,1.0787,1.0471,1.0214,1.0,0.9941,0.9974,0.9991,0.9998,1.0
N5_M20,5,20,ppo,,0,6,2,100,"[53, 61, 48, 59, 46]",1.1423,1.0876,1.0495,1.0215,1.0,0.988,0.9954,0.9985,0.9997,1.0
N5_M20,5,20,ppo,,0,6,3,67,"[51, 40, 35, 36, 41]",1.2562,1.1653,1.0967,1.043,1.0,0.9808,0.9919,0.9972,0.9994,1.0
N5_M20,5,20,ppo,,0,6,4,39,"[31, 29, 27, 25, 28]",1.1071,1.0732,1.0448,1.0207,1.0,0.9949,0.9976,0.9991,0.9998,1.0
N5_M20,5,20,ppo,,0,7,0,103,"[43, 52, 43, 39, 51]",1.1404,1.0801,1.0431,1.018,1.0,0.9879,0.996,0.9988,0.9998,1.0
N5_M20,5,20,ppo,,0,7,1,54,"[32, 37, 34, 25, 37]",1.1212,1.0784,1.046,1.0205,1.0,0.9823,0.9925,0.9974,0.9995,1.0
N5_M20,5,20,ppo,,0,7,2,72,"[18, 54, 36, 38, 51]",1.3706,1.2303,1.1311,1.0572,1.0,0.9045,0.9608,0.987,0.9975,1.0
N5_M20,5,20,ppo,,0,7,3,65,"[17, 45, 38, 39, 40]",1.257,1.1601,1.0913,1.0399,1.0,0.9316,0.9723,0.9908,0.9982,1.0
N5_M20,5,20,ppo,,0,7,4,48,"[13, 31, 27, 31, 33]",1.2222,1.1395,1.08,1.0351,1.0,0.9325,0.9722,0.9907,0.9982,1.0
N5_M20,5,20,ppo,,0,8,0,53,"[29, 35, 31, 28, 29]",1.1513,1.0957,1.0552,1.0243,1.0,0.9933,0.9973,0.9991,0.9998,1.0
N5_M20,5,20,ppo,,0,8,1,29,"[16, 12, 18, 14, 18]",1.1538,1.095,1.0538,1.0234,1.0,0.9781,0.9916,0.9973,0.9995,1.0
N5_M20,5,20,ppo,,0,8,2,54,"[28, 24, 28, 30, 32]",1.1268,1.0776,1.0437,1.0189,1.0,0.9913,0.9967,0.999,0.9998,1.0
N5_M20,5,20,ppo,,0,8,3,44,"[25, 24, 24, 25, 22]",1.0417,1.0259,1.0147,1.0064,1.0,0.9979,0.9992,0.9997,1.0,1.0
N5_M20,5,20,ppo,,0,8,4,89,"[43, 44, 46, 49, 41]",1.0987,1.0592,1.0329,1.0141,1.0,0.9963,0.9987,0.9996,0.9999,1.0
N5_M20,5,20,ppo,,0,9,0,290,"[216, 193, 51, 179, 164]",1.345,1.2153,1.1229,1.0538,1.0,0.8867,0.9526,0.984,0.9969,1.0
N5_M20,5,20,ppo,,0,9,1,300,"[225, 186, 39, 174, 179]",1.401,1.2471,1.1398,1.0607,1.0,0.8652,0.9441,0.9814,0.9964,1.0
N5_M20,5,20,ppo,,0,9,2,63,"[41, 46, 20, 37, 41]",1.2432,1.1552,1.09,1.0398,1.0,0.9445,0.9767,0.992,0.9984,1.0
N5_M20,5,20,ppo,,0,9,3,82,"[53, 58, 26, 55, 38]",1.2609,1.1636,1.0938,1.0411,1.0,0.9348,0.9733,0.9911,0.9983,1.0
N5_M20,5,20,ppo,,0,9,4,102,"[73, 71, 30, 65, 59]",1.2248,1.1432,1.0829,1.0367,1.0,0.936,0.973,0.9908,0.9982,1.0
N5_M20,5,20,ppo,,0,10,0,114,"[63, 61, 58, 42, 65]",1.1246,1.0752,1.0419,1.018,1.0,0.9801,0.9927,0.9977,0.9996,1.0
N5_M20,5,20,ppo,,0,10,1,205,"[96, 99, 95, 102, 96]",1.0451,1.0265,1.0145,1.0062,1.0,0.9993,0.9998,0.9999,1.0,1.0
N5_M20,5,20,ppo,,0,10,2,103,"[72, 62, 58, 52, 51]",1.2203,1.1393,1.0802,1.0353,1.0,0.9835,0.9933,0.9978,0.9996,1.0
N5_M20,5,20,ppo,,0,10,3,201,"[54, 139, 99, 101, 130]",1.3289,1.2005,1.1126,1.0486,1.0,0.925,0.9708,0.9906,0.9982,1.0
N5_M20,5,20,ppo,,0,10,4,201,"[107, 128, 88, 40, 119]",1.3278,1.1934,1.1063,1.0452,1.0,0.9051,0.9648,0.9891,0.998,1.0
N5_M20,5,20,ppo,,0,11,0,86,"[56, 44, 59, 67, 62]",1.1632,1.109,1.0655,1.0298,1.0,0.9824,0.9921,0.9971,0.9994,1.0
N5_M20,5,20,ppo,,0,11,1,29,"[18, 19, 18, 17, 18]",1.0556,1.0361,1.0213,1.0095,1.0,0.9988,0.9995,0.9998,1.0,1.0
N5_M20,5,20,ppo,,0,11,2,82,"[49, 49, 54, 51, 56]",1.0811,1.0531,1.0314,1.0141,1.0,0.9971,0.9988,0.9996,0.9999,1.0
N5_M20,5,20,ppo,,0,11,3,108,"[81, 67, 59, 71, 70]",1.1638,1.108,1.0642,1.029,1.0,0.9897,0.9955,0.9984,0.9997,1.0
N5_M20,5,20,ppo,,0,11,4,48,"[30, 18, 26, 40, 35]",1.3423,1.2227,1.1311,1.0587,1.0,0.9397,0.9736,0.9907,0.9981,1.0
N5_M20,5,20,ppo,,0,12,0,59,"[37, 19, 39, 42, 44]",1.2155,1.1396,1.0819,1.0366,1.0,0.9426,0.9751,0.9913,0.9982,1.0
N5_M20,5,20,ppo,,0,12,1,36,"[25, 26, 16, 26, 22]",1.1304,1.0857,1.0508,1.0229,1.0,0.9735,0.9884,0.9959,0.9992,1.0
N5_M20,5,20,ppo,,0,12,2,42,"[22, 28, 25, 18, 21]",1.2281,1.1413,1.0802,1.0349,1.0,0.9779,0.9914,0.9972,0.9995,1.0
N5_M20,5,20,ppo,,0,12,3,35,"[17, 20, 17, 22, 23]",1.1616,1.1017,1.0584,1.0256,1.0,0.9845,0.9938,0.998,0.9996,1.0
N5_M20,5,20,ppo,,0,12,4,162,"[84, 98, 76, 95, 45]",1.2312,1.1377,1.0762,1.0325,1.0,0.9461,0.9802,0.9939,0.9989,1.0
N5_M20,5,20,ppo,,0,13,0,257,"[142, 139, 127, 89, 74]",1.2434,1.1391,1.0749,1.0314,1.0,0.9449,0.9813,0.9945,0.999,1.0
N5_M20,5,20,ppo,,0,13,1,127,"[52, 75, 64, 68, 45]",1.2336,1.1377,1.0756,1.0321,1.0,0.969,0.989,0.9967,0.9994,1.0
N5_M20,5,20,ppo,,0,13,2,49,"[39, 34, 33, 26, 23]",1.2581,1.169,1.1,1.0449,1.0,0.9666,0.9854,0.9948,0.999,1.0
N5_M20,5,20,ppo,,0,13,3,56,"[40, 35, 34, 27, 13]",1.3423,1.2105,1.1189,1.0516,1.0,0.9101,0.964,0.9882,0.9978,1.0
N5_M20,5,20,ppo,,0,13,4,289,"[119, 106, 80, 113, 110]",1.1269,1.0664,1.034,1.0138,1.0,0.984,0.9956,0.9988,0.9998,1.0
N5_M20,5,20,ppo,,0,14,0,25,"[21, 20, 11, 7, 21]",1.3125,1.2055,1.122,1.0549,1.0,0.8815,0.9451,0.9799,0.9959,1.0
N5_M20,5,20,ppo,,0,14,1,49,"[33, 38, 29, 23, 39]",1.2037,1.1354,1.0811,1.0368,1.0,0.9677,0.9855,0.9947,0.9989,1.0
N5_M20,5,20,ppo,,0,14,2,46,"[31, 26, 21, 21, 30]",1.2016,1.1264,1.0724,1.0317,1.0,0.9734,0.9894,0.9965,0.9993,1.0
N5_M20,5,20,ppo,,0,14,3,29,"[24, 23, 19, 11, 20]",1.2371,1.1583,1.095,1.0432,1.0,0.9471,0.9757,0.9911,0.9981,1.0
N5_M20,5,20,ppo,,0,14,4,27,"[17, 17, 15, 13, 19]",1.1728,1.1111,1.0648,1.0288,1.0,0.9844,0.9935,0.9978,0.9996,1.0
N5_M20,5,20,ppo,,0,15,0,83,"[39, 56, 36, 37, 48]",1.2963,1.1806,1.1014,1.0438,1.0,0.9694,0.9884,0.9963,0.9993,1.0
N5_M20,5,20,ppo,,0,15,1,165,"[87, 82, 81, 101, 79]",1.1744,1.1064,1.0598,1.0258,1.0,0.9915,0.9968,0.999,0.9998,1.0
N5_M20,5,20,ppo,,0,15,2,44,"[30, 35, 26, 30, 31]",1.1513,1.1021,1.0618,1.0283,1.0,0.9912,0.996,0.9985,0.9997,1.0
N5_M20,5,20,ppo,,0,15,3,66,"[46, 42, 35, 38, 41]",1.1386,1.0897,1.0526,1.0235,1.0,0.9916,0.9965,0.9988,0.9998,1.0
N5_M20,5,20,ppo,,0,15,4,84,"[49, 59, 48, 53, 45]",1.1614,1.1041,1.0608,1.0271,1.0,0.991,0.9963,0.9987,0.9997,1.0
N5_M20,5,20,ppo,,0,16,0,28,"[24, 22, 15, 18, 19]",1.2245,1.1521,1.0924,1.0425,1.0,0.975,0.9884,0.9957,0.9991,1.0
N5_M20,5,20,ppo,,0,16,1,30,"[16, 22, 18, 12, 18]",1.2791,1.1765,1.1017,1.0448,1.0,0.9655,0.9859,0.9953,0.9991,1.0
N5_M20,5,20,ppo,,0,16,2,24,"[16, 15, 15, 12, 15]",1.0959,1.0619,1.0363,1.0162,1.0,0.9914,0.9964,0.9988,0.9998,1.0
N5_M20,5,20,ppo,,0,16,3,25,"[14, 18, 17, 18, 20]",1.1494,1.101,1.0613,1.0281,1.0,0.9875,0.9942,0.9979,0.9996,1.0
N5_M20,5,20,ppo,,0,16,4,185,"[84, 99, 83, 109, 92]",1.167,1.1006,1.056,1.0241,1.0,0.9893,0.9961,0.9988,0.9998,1.0
N5_M20,5,20,ppo,,0,17,0,300,"[178, 156, 179, 173, 45]",1.2244,1.1332,1.0735,1.0314,1.0,0.8905,0.9584,0.987,0.9976,1.0
N5_M20,5,20,ppo,,0,17,1,300,"[153, 84, 134, 169, 173]",1.2132,1.1253,1.0687,1.0292,1.0,0.951,0.9825,0.9947,0.999,1.0
N5_M20,5,20,ppo,,0,17,2,300,"[158, 142, 138, 148, 119]",1.1206,1.0705,1.0385,1.0163,1.0,0.9917,0.9971,0.9991,0.9998,1.0
N5_M20,5,20,ppo,,0,17,3,300,"[163, 89, 131, 154, 107]",1.2655,1.1495,1.0798,1.0332,1.0,0.9554,0.9854,0.9958,0.9993,1.0
N5_M20,5,20,ppo,,0,17,4,300,"[153, 201, 188, 166, 46]",1.3329,1.2002,1.1114,1.0478,1.0,0.8826,0.9541,0.9853,0.9973,1.0
N5_M20,5,20,ppo,,0,18,0,24,"[14, 20, 13, 23, 14]",1.369,1.25,1.152,1.0698,1.0,0.9471,0.975,0.9906,0.998,1.0
N5_M20,5,20,ppo,,0,18,1,30,"[23, 14, 21, 20, 23]",1.1386,1.0927,1.0558,1.0254,1.0,0.9738,0.9881,0.9957,0.9991,1.0
N5_M20,5,20,ppo,,0,18,2,22,"[17, 12, 12, 15, 10]",1.2879,1.1851,1.108,1.048,1.0,0.9659,0.9856,0.9951,0.999,1.0
N5_M20,5,20,ppo,,0,18,3,40,"[23, 29, 22, 27, 32]",1.203,1.1352,1.0811,1.0368,1.0,0.9808,0.9914,0.9969,0.9994,1.0
N5_M20,5,20,ppo,,0,18,4,39,"[25, 26, 26, 30, 26]",1.1278,1.0859,1.0518,1.0237,1.0,0.9957,0.9981,0.9993,0.9999,1.0
N5_M20,5,20,ppo,,0,19,0,153,"[76, 79, 93, 82, 87]",1.1151,1.0714,1.0406,1.0177,1.0,0.9948,0.998,0.9994,0.9999,1.0
N5_M20,5,20,ppo,,0,19,1,48,"[30, 22, 25, 30, 29]",1.1029,1.0648,1.0372,1.0164,1.0,0.9865,0.9946,0.9982,0.9997,1.0
N5_M20,5,20,ppo,,0,19,2,127,"[62, 73, 83, 81, 25]",1.2809,1.1699,1.0949,1.0408,1.0,0.9031,0.9622,0.9879,0.9977,1.0
N5_M20,5,20,ppo,,0,19,3,98,"[48, 49, 57, 36, 52]",1.1777,1.1061,1.0587,1.0251,1.0,0.9798,0.9927,0.9978,0.9996,1.0
N5_M20,5,20,ppo,,0,19,4,46,"[27, 32, 22, 33, 27]",1.1702,1.1103,1.0647,1.0289,1.0,0.9806,0.9918,0.9971,0.9994,1.0
N5_M20,5,20,ppo,,1,0,0,65,"[38, 42, 42, 39, 43]",1.0539,1.0352,1.0208,1.0093,1.0,0.9977,0.999,0.9997,0.9999,1.0
N5_M20,5,20,ppo,,1,0,1,39,"[26, 22, 26, 33, 26]",1.2406,1.1616,1.0976,1.0446,1.0,0.9824,0.992,0.9971,0.9994,1.0
N5_M20,5,20,ppo,,1,0,2,24,"[18, 17, 15, 11, 20]",1.2346,1.157,1.0945,1.0431,1.0,0.9656,0.9843,0.9942,0.9988,1.0
N5_M20,5,20,ppo,,1,0,3,38,"[28, 30, 27, 27, 24]",1.1029,1.0702,1.0429,1.0198,1.0,0.9949,0.9976,0.9991,0.9998,1.0
N5_M20,5,20,ppo,,1,0,4,39,"[21, 26, 12, 23, 27]",1.2385,1.1494,1.0855,1.0375,1.0,0.9433,0.977,0.9923,0.9985,1.0
N5_M20,5,20,ppo,,1,1,0,244,"[91, 101, 104, 115, 108]",1.1079,1.0605,1.0322,1.0134,1.0,0.9942,0.9982,0.9995,0.9999,1.0
N5_M20,5,20,ppo,,1,1,1,69,"[42, 35, 39, 40, 35]",1.0995,1.0621,1.0354,1.0155,1.0,0.9947,0.9979,0.9993,0.9999,1.0
N5_M20,5,20,ppo,,1,1,2,300,"[119, 117, 103, 121, 120]",1.0431,1.0231,1.012,1.0049,1.0,0.9967,0.9991,0.9997,1.0,1.0
N5_M20,5,20,ppo,,1,1,3,76,"[43, 47, 40, 43, 39]",1.1085,1.0679,1.0389,1.017,1.0,0.9957,0.9983,0.9994,0.9999,1.0
N5_M20,5,20,ppo,,1,1,4,25,"[19, 17, 17, 17, 16]",1.1047,1.0705,1.0427,1.0195,1.0,0.9968,0.9985,0.9995,0.9999,1.0
N5_M20,5,20,ppo,,1,2,0,46,"[17, 30, 25, 20, 27]",1.2605,1.1584,1.0888,1.0383,1.0,0.9624,0.9857,0.9955,0.9992,1.0
N5_M20,5,20,ppo,,1,2,1,160,"[66, 74, 68, 57, 92]",1.2885,1.1652,1.089,1.0374,1.0,0.974,0.9913,0.9975,0.9996,1.0
N5_M20,5,20,ppo,,1,2,2,274,"[49, 122, 95, 121, 121]",1.2008,1.1057,1.0543,1.0221,1.0,0.9284,0.9791,0.9944,0.9991,1.0
N5_M20,5,20,ppo,,1,2,3,117,"[21, 53, 27, 32, 67]",1.675,1.3418,1.172,1.0691,1.0,0.8428,0.9544,0.988,0.9981,1.0
N5_M20,5,20,ppo,,1,2,4,222,"[74, 76, 95, 71, 86]",1.1816,1.0946,1.0483,1.0196,1.0,0.988,0.9967,0.9991,0.9999,1.0
N5_M20,5,20,ppo,,1,3,0,154,"[50, 87, 91, 87, 88]",1.129,1.0788,1.0443,1.0192,1.0,0.9649,0.9866,0.9957,0.9992,1.0
N5_M20,5,20,ppo,,1,3,1,33,"[21, 24, 23, 19, 24]",1.0811,1.0542,1.0326,1.0149,1.0,0.9924,0.9966,0.9988,0.9997,1.0
N5_M20,5,20,ppo,,1,3,2,53,"[43, 30, 39, 40, 32]",1.1685,1.1138,1.069,1.0317,1.0,0.9822,0.9918,0.997,0.9994,1.0
N5_M20,5,20,ppo,,1,3,3,107,"[48, 52, 39, 47, 40]",1.1504,1.0841,1.0447,1.0186,1.0,0.9881,0.9963,0.9989,0.9998,1.0
N5_M20,5,20,ppo,,1,3,4,126,"[50, 67, 60, 68, 49]",1.1565,1.0913,1.0498,1.0211,1.0,0.9814,0.9936,0.9981,0.9997,1.0
N5_M20,5,20,ppo,,1,4,0,90,"[58, 59, 52, 25, 49]",1.214,1.1323,1.075,1.0326,1.0,0.9391,0.9758,0.9921,0.9985,1.0
N5_M20,5,20,ppo,,1,4,1,133,"[84, 79, 90, 35, 69]",1.2605,1.1607,1.091,1.0395,1.0,0.9309,0.9725,0.991,0.9983,1.0
N5_M20,5,20,ppo,,1,4,2,148,"[96, 82, 96, 25, 82]",1.2598,1.1577,1.0883,1.0381,1.0,0.8932,0.9578,0.9864,0.9974,1.0
N5_M20,5,20,ppo,,1,4,3,122,"[55, 66, 74, 70, 62]",1.1315,1.0811,1.0459,1.0199,1.0,0.99,0.9962,0.9988,0.9998,1.0
N5_M20,5,20,ppo,,1,4,4,36,"[27, 25, 26, 23, 25]",1.0714,1.0484,1.0294,1.0135,1.0,0.9972,0.9987,0.9995,0.9999,1.0
N5_M20,5,20,ppo,,1,5,0,151,"[67, 53, 81, 77, 80]",1.1313,1.0771,1.0422,1.0179,1.0,0.9788,0.9926,0.9978,0.9996,1.0
N5_M20,5,20,ppo,,1,5,1,48,"[28, 19, 29, 30, 26]",1.1364,1.0849,1.0484,1.0211,1.0,0.9783,0.9915,0.9972,0.9995,1.0
N5_M20,5,20,ppo,,1,5,2,65,"[38, 28, 45, 44, 40]",1.1538,1.0989,1.0577,1.0256,1.0,0.9764,0.9901,0.9966,0.9993,1.0
N5_M20,5,20,ppo,,1,5,3,223,"[86, 55, 55, 101, 92]",1.2982,1.1525,1.0771,1.0311,1.0,0.9425,0.9843,0.9959,0.9993,1.0
N5_M20,5,20,ppo,,1,5,4,81,"[45, 35, 30, 38, 53]",1.3184,1.1905,1.1056,1.0452,1.0,0.9616,0.9859,0.9956,0.9992,1.0
N5_M20,5,20,ppo,,1,6,0,25,"[20, 14, 18, 22, 17]",1.2088,1.1432,1.088,1.0408,1.0,0.9783,0.9897,0.9961,0.9992,1.0
N5_M20,5,20,ppo,,1,6,1,38,"[29, 17, 23, 27, 26]",1.1885,1.1241,1.0737,1.0332,1.0,0.9715,0.9875,0.9955,0.9991,1.0
N5_M20,5,20,ppo,,1,6,2,46,"[39, 32, 31, 35, 29]",1.1747,1.1195,1.0732,1.0339,1.0,0.9891,0.9949,0.9981,0.9996,1.0
N5_M20,5,20,ppo,,1,6,3,300,"[150, 134, 148, 123, 175]",1.1986,1.1179,1.065,1.0277,1.0,0.9858,0.995,0.9985,0.9997,1.0
N5_M20,5,20,ppo,,1,6,4,34,"[28, 26, 24, 27, 22]",1.1024,1.0708,1.0438,1.0204,1.0,0.9929,0.9966,0.9987,0.9997,1.0
N5_M20,5,20,ppo,,1,7,0,37,"[27, 19, 17, 27, 17]",1.2617,1.166,1.0959,1.0423,1.0,0.9553,0.9815,0.9938,0.9988,1.0
N5_M20,5,20,ppo,,1,7,1,59,"[40, 24, 38, 19, 34]",1.2903,1.1776,1.1,1.0433,1.0,0.9354,0.9748,0.9919,0.9985,1.0
N5_M20,5,20,ppo,,1,7,2,47,"[26, 20, 28, 27, 27]",1.0938,1.0582,1.0331,1.0144,1.0,0.9876,0.9952,0.9984,0.9997,1.0
N5_M20,5,20,ppo,,1,7,3,41,"[27, 24, 27, 24, 21]",1.0976,1.0627,1.0366,1.0163,1.0,0.9917,0.9966,0.9988,0.9998,1.0
N5_M20,5,20,ppo,,1,7,4,47,"[18, 28, 32, 34, 29]",1.2057,1.1322,1.0771,1.0343,1.0,0.963,0.9844,0.9946,0.9989,1.0
N5_M20,5,20,ppo,,1,8,0,39,"[21, 22, 23, 21, 27]",1.1842,1.1173,1.068,1.03,1.0,0.9905,0.9961,0.9987,0.9997,1.0
N5_M20,5,20,ppo,,1,8,1,25,"[15, 7, 18, 14, 15]",1.3043,1.1898,1.1082,1.0473,1.0,0.9344,0.9735,0.9912,0.9983,1.0
N5_M20,5,20,ppo,,1,8,2,48,"[30, 17, 21, 26, 24]",1.2712,1.1616,1.0894,1.0382,1.0,0.9663,0.9878,0.9962,0.9993,1.0
N5_M20,5,20,ppo,,1,8,3,56,"[37, 22, 32, 36, 36]",1.135,1.0858,1.0497,1.0219,1.0,0.9716,0.9883,0.9961,0.9992,1.0
N5_M20,5,20,ppo,,1,8,4,37,"[22, 18, 27, 22, 20]",1.2385,1.1523,1.0884,1.0392,1.0,0.9815,0.9924,0.9974,0.9995,1.0
N5_M20,5,20,ppo,,1,9,0,251,"[157, 171, 81, 153, 155]",1.1925,1.1216,1.07,1.0308,1.0,0.953,0.9807,0.9935,0.9987,1.0
N5_M20,5,20,ppo,,1,9,1,163,"[93, 108, 53, 102, 94]",1.2,1.1247,1.0711,1.0311,1.0,0.956,0.9824,0.9942,0.9989,1.0
N5_M20,5,20,ppo,,1,9,2,65,"[39, 47, 30, 40, 39]",1.2051,1.1319,1.0769,1.0342,1.0,0.9812,0.9921,0.9973,0.9995,1.0
N5_M20,5,20,ppo,,1,9,3,91,"[40, 54, 28, 56, 43]",1.267,1.1583,1.0873,1.0372,1.0,0.9498,0.9817,0.9944,0.999,1.0
N5_M20,5,20,ppo,,1,9,4,293,"[174, 173, 74, 180, 197]",1.2343,1.1454,1.0826,1.036,1.0,0.9304,0.972,0.9908,0.9982,1.0
N5_M20,5,20,ppo,,1,10,0,121,"[43, 78, 68, 73, 79]",1.1584,1.0995,1.0571,1.025,1.0,0.9639,0.9854,0.9952,0.9991,1.0
N5_M20,5,20,ppo,,1,10,1,46,"[30, 24, 19, 23, 31]",1.2205,1.1375,1.0784,1.0343,1.0,0.9696,0.9879,0.996,0.9992,1.0
N5_M20,5,20,ppo,,1,10,2,86,"[61, 63, 42, 56, 41]",1.1977,1.128,1.075,1.0335,1.0,0.9694,0.9869,0.9955,0.9991,1.0
N5_M20,5,20,ppo,,1,10,3,95,"[44, 49, 29, 46, 49]",1.129,1.0746,1.0405,1.0171,1.0,0.9714,0.9903,0.9971,0.9995,1.0
N5_M20,5,20,ppo,,1,10,4,132,"[56, 74, 67, 61, 75]",1.1261,1.0759,1.0423,1.0182,1.0,0.988,0.9956,0.9986,0.9997,1.0
N5_M20,5,20,ppo,,1,11,0,48,"[36, 31, 29, 33, 37]",1.1145,1.0772,1.0468,1.0214,1.0,0.9919,0.9963,0.9986,0.9997,1.0
N5_M20,5,20,ppo,,1,11,1,49,"[32, 31, 30, 30, 33]",1.0577,1.0379,1.0224,1.0101,1.0,0.9986,0.9994,0.9998,1.0,1.0
N5_M20,5,20,ppo,,1,11,2,92,"[50, 65, 51, 56, 53]",1.1818,1.1167,1.068,1.0302,1.0,0.9904,0.996,0.9987,0.9997,1.0
N5_M20,5,20,ppo,,1,11,3,40,"[22, 29, 25, 27, 27]",1.1154,1.0763,1.0455,1.0205,1.0,0.9918,0.9964,0.9987,0.9997,1.0
N5_M20,5,20,ppo,,1,11,4,27,"[19, 17, 15, 23, 19]",1.2366,1.1594,1.0965,1.0442,1.0,0.9801,0.9908,0.9966,0.9993,1.0
N5_M20,5,20,ppo,,1,12,0,300,"[149, 111, 129, 187, 153]",1.2826,1.1676,1.0924,1.0394,1.0,0.9703,0.9893,0.9967,0.9994,1.0
N5_M20,5,20,ppo,,1,12,1,37,"[21, 31, 21, 23, 25]",1.281,1.1861,1.1111,1.0503,1.0,0.977,0.9898,0.9963,0.9992,1.0
N5_M20,5,20,ppo,,1,12,2,54,"[27, 39, 29, 29, 22]",1.3356,1.2076,1.1178,1.0513,1.0,0.9654,0.9865,0.9956,0.9992,1.0
N5_M20,5,20,ppo,,1,12,3,68,"[24, 25, 27, 29, 33]",1.1957,1.1074,1.0565,1.0233,1.0,0.9867,0.996,0.9989,0.9998,1.0
N5_M20,5,20,ppo,,1,12,4,176,"[95, 101, 80, 102, 51]",1.1888,1.1121,1.0619,1.0264,1.0,0.9528,0.9828,0.9947,0.999,1.0
N5_M20,5,20,ppo,,1,13,0,74,"[45, 49, 38, 37, 32]",1.2189,1.1357,1.0771,1.0336,1.0,0.9779,0.9914,0.9972,0.9995,1.0
N5_M20,5,20,ppo,,1,13,1,240,"[116, 122, 136, 89, 78]",1.2569,1.1477,1.0798,1.0336,1.0,0.9621,0.9872,0.9962,0.9993,1.0
N5_M20,5,20,ppo,,1,13,2,61,"[48, 47, 39, 37, 32]",1.1823,1.1214,1.0728,1.0331,1.0,0.978,0.9901,0.9964,0.9993,1.0
N5_M20,5,20,ppo,,1,13,3,300,"[140, 124, 150, 115, 74]",1.2438,1.1333,1.0699,1.0288,1.0,0.9546,0.986,0.9961,0.9993,1.0
N5_M20,5,20,ppo,,1,13,4,175,"[87, 108, 105, 40, 92]",1.25,1.1492,1.0826,1.0353,1.0,0.9257,0.9722,0.9913,0.9984,1.0
N5_M20,5,20,ppo,,1,14,0,51,"[32, 34, 22, 22, 39]",1.3087,1.1966,1.1139,1.0503,1.0,0.951,0.9795,0.993,0.9986,1.0
N5_M20,5,20,ppo,,1,14,1,55,"[35, 32, 31, 29, 33]",1.0938,1.0596,1.0345,1.0152,1.0,0.9961,0.9984,0.9995,0.9999,1.0
N5_M20,5,20,ppo,,1,14,2,45,"[29, 24, 21, 29, 32]",1.1852,1.119,1.0694,1.0309,1.0,0.979,0.9912,0.997,0.9994,1.0
N5_M20,5,20,ppo,,1,14,3,39,"[27, 25, 23, 19, 24]",1.1441,1.0929,1.0543,1.0242,1.0,0.9875,0.9948,0.9982,0.9996,1.0
N5_M20,5,20,ppo,,1,14,4,58,"[31, 37, 34, 34, 36]",1.0756,1.0484,1.0281,1.0125,1.0,0.9964,0.9985,0.9995,0.9999,1.0
N5_M20,5,20,ppo,,1,15,0,70,"[28, 35, 37, 40, 44]",1.1957,1.1197,1.0674,1.0292,1.0,0.9793,0.9922,0.9975,0.9995,1.0
N5_M20,5,20,ppo,,1,15,1,66,"[38, 50, 36, 40, 26]",1.3158,1.2,1.1154,1.0508,1.0,0.9606,0.9838,0.9946,0.9989,1.0
N5_M20,5,20,ppo,,1,15,2,140,"[77, 86, 59, 83, 82]",1.1111,1.0693,1.0396,1.0173,1.0,0.9847,0.994,0.998,0.9996,1.0
N5_M20,5,20,ppo,,1,15,3,38,"[26, 22, 27, 28, 21]",1.129,1.0854,1.051,1.0231,1.0,0.9875,0.9945,0.998,0.9996,1.0
N5_M20,5,20,ppo,,1,15,4,175,"[70, 93, 100, 110, 85]",1.2009,1.1227,1.069,1.0298,1.0,0.9785,0.9919,0.9974,0.9995,1.0
N5_M20,5,20,ppo,,1,16,0,51,"[31, 35, 30, 39, 32]",1.1677,1.1111,1.0664,1.03,1.0,0.9906,0.9958,0.9985,0.9997,1.0
N5_M20,5,20,ppo,,1,16,1,53,"[27, 18, 35, 33, 38]",1.2583,1.163,1.0938,1.0412,1.0,0.9479,0.9786,0.9928,0.9986,1.0
N5_M20,5,20,ppo,,1,16,2,24,"[17, 15, 18, 14, 15]",1.1392,1.0924,1.0553,1.0251,1.0,0.9914,0.9962,0.9986,0.9997,1.0
N5_M20,5,20,ppo,,1,16,3,44,"[29, 28, 27, 30, 36]",1.2,1.1343,1.0811,1.037,1.0,0.989,0.995,0.9982,0.9996,1.0
N5_M20,5,20,ppo,,1,16,4,16,"[9, 13, 9, 11, 9]",1.2745,1.1803,1.1069,1.0481,1.0,0.976,0.9895,0.9963,0.9992,1.0
N5_M20,5,20,ppo,,1,17,0,300,"[155, 143, 129, 155, 41]",1.244,1.1354,1.0716,1.0297,1.0,0.8941,0.9648,0.9899,0.9983,1.0
N5_M20,5,20,ppo,,1,17,1,300,"[154, 22, 127, 155, 137]",1.3025,1.1644,1.0859,1.0353,1.0,0.8518,0.9511,0.9862,0.9976,1.0
N5_M20,5,20,ppo,,1,17,2,300,"[148, 150, 115, 166, 47]",1.3259,1.1812,1.096,1.0398,1.0,0.8968,0.9657,0.9901,0.9983,1.0
N5_M20,5,20,ppo,,1,17,3,300,"[155, 58, 152, 153, 140]",1.1778,1.101,1.0542,1.0227,1.0,0.9261,0.9749,0.9926,0.9987,1.0
N5_M20,5,20,ppo,,1,17,4,300,"[147, 179, 134, 144, 59]",1.3499,1.1995,1.1073,1.0449,1.0,0.9175,0.9716,0.9916,0.9985,1.0
N5_M20,5,20,ppo,,1,18,0,63,"[48, 45, 38, 17, 44]",1.25,1.1616,1.0947,1.0422,1.0,0.9218,0.9658,0.988,0.9976,1.0
N5_M20,5,20,ppo,,1,18,1,53,"[36, 27, 37, 15, 44]",1.3836,1.2466,1.1439,1.0639,1.0,0.9102,0.9608,0.9863,0.9973,1.0
N5_M20,5,20,ppo,,1,18,2,32,"[24, 19, 20, 14, 17]",1.2766,1.1765,1.1024,1.0453,1.0,0.9699,0.9875,0.9958,0.9992,1.0
N5_M20,5,20,ppo,,1,18,3,44,"[36, 30, 23, 23, 29]",1.2766,1.182,1.108,1.0487,1.0,0.971,0.9872,0.9955,0.9991,1.0
N5_M20,5,20,ppo,,1,18,4,25,"[20, 19, 23, 19, 18]",1.1616,1.1137,1.0714,1.0338,1.0,0.9925,0.9963,0.9985,0.9997,1.0
N5_M20,5,20,ppo,,1,19,0,57,"[35, 31, 38, 35, 22]",1.1801,1.1133,1.065,1.0285,1.0,0.971,0.9883,0.9961,0.9993,1.0
N5_M20,5,20,ppo,,1,19,1,152,"[95, 75, 81, 96, 63]",1.1707,1.1055,1.0598,1.026,1.0,0.9774,0.9913,0.9972,0.9995,1.0
N5_M20,5,20,ppo,,1,19,2,272,"[110, 130, 119, 121, 120]",1.0833,1.0475,1.0255,1.0107,1.0,0.9972,0.9991,0.9997,1.0,1.0
N5_M20,5,20,ppo,,1,19,3,298,"[88, 107, 121, 97, 122]",1.1402,1.0727,1.037,1.015,1.0,0.9848,0.9959,0.9989,0.9998,1.0
N5_M20,5,20,ppo,,1,19,4,165,"[81, 87, 80, 102, 95]",1.1461,1.0903,1.0512,1.0223,1.0,0.9911,0.9966,0.9989,0.9998,1.0
N5_M20,5,20,ppo,,2,0,0,89,"[52, 56, 48, 56, 59]",1.0886,1.0572,1.0335,1.0149,1.0,0.9951,0.9979,0.9993,0.9999,1.0
N5_M20,5,20,ppo,,2,0,1,43,"[30, 30, 23, 32, 26]",1.1348,1.0893,1.0534,1.0242,1.0,0.9869,0.9942,0.9979,0.9996,1.0
N5_M20,5,20,ppo,,2,0,2,114,"[49, 74, 55, 58, 59]",1.2542,1.1546,1.0867,1.0374,1.0,0.9807,0.9928,0.9977,0.9996,1.0
N5_M20,5,20,ppo,,2,0,3,100,"[71, 62, 60, 75, 75]",1.0933,1.0628,1.038,1.0174,1.0,0.9914,0.9961,0.9986,0.9997,1.0
N5_M20,5,20,ppo,,2,0,4,60,"[35, 39, 15, 38, 42]",1.2426,1.1524,1.0874,1.0384,1.0,0.9245,0.9688,0.9895,0.998,1.0
N5_M20,5,20,ppo,,2,1,0,97,"[43, 43, 51, 45, 45]",1.1233,1.072,1.0393,1.0166,1.0,0.9958,0.9986,0.9996,0.9999,1.0
N5_M20,5,20,ppo,,2,1,1,49,"[28, 22, 24, 32, 27]",1.203,1.1258,1.0714,1.0311,1.0,0.9835,0.9936,0.9979,0.9996,1.0
N5_M20,5,20,ppo,,2,1,2,95,"[56, 59, 48, 60, 55]",1.0791,1.0504,1.0292,1.0129,1.0,0.9943,0.9977,0.9992,0.9998,1.0
N5_M20,5,20,ppo,,2,1,3,50,"[33, 28, 32, 35, 24]",1.1513,1.0977,1.0572,1.0255,1.0,0.9836,0.9931,0.9976,0.9995,1.0
N5_M20,5,20,ppo,,2,1,4,47,"[36, 36, 30, 36, 23]",1.118,1.0794,1.048,1.0219,1.0,0.975,0.9885,0.9958,0.9991,1.0
N5_M20,5,20,ppo,,2,2,0,300,"[45, 121, 115, 57, 54]",1.5434,1.2388,1.1126,1.0435,1.0,0.8524,0.9676,0.9926,0.9989,1.0
N5_M20,5,20,ppo,,2,2,1,279,"[100, 119, 120, 79, 84]",1.1952,1.1013,1.0517,1.0209,1.0,0.9719,0.9923,0.998,0.9997,1.0
N5_M20,5,20,ppo,,2,2,2,300,"[68, 137, 98, 84, 76]",1.4795,1.2305,1.1131,1.0447,1.0,0.9355,0.9843,0.9962,0.9994,1.0
N5_M20,5,20,ppo,,2,2,3,230,"[115, 68, 58, 75, 56]",1.5457,1.2688,1.1334,1.0531,1.0,0.9234,0.9803,0.9951,0.9992,1.0
N5_M20,5,20,ppo,,2,2,4,159,"[71, 66, 87, 66, 49]",1.2832,1.1589,1.0847,1.0352,1.0,0.9689,0.99,0.9971,0.9995,1.0
N5_M20,5,20,ppo,,2,3,0,113,"[29, 66, 68, 60, 68]",1.1684,1.1022,1.0572,1.0247,1.0,0.9386,0.9764,0.9925,0.9986,1.0
N5_M20,5,20,ppo,,2,3,1,39,"[28, 24, 30, 24, 28]",1.1194,1.0804,1.0486,1.0223,1.0,0.992,0.9964,0.9987,0.9997,1.0
N5_M20,5,20,ppo,,2,3,2,30,"[24, 21, 24, 19, 15]",1.165,1.1111,1.0672,1.0307,1.0,0.9737,0.9879,0.9956,0.9991,1.0
N5_M20,5,20,ppo,,2,3,3,52,"[25, 38, 31, 36, 30]",1.1875,1.1216,1.0714,1.0319,1.0,0.9797,0.9914,0.997,0.9994,1.0
N5_M20,5,20,ppo,,2,3,4,97,"[42, 40, 52, 47, 42]",1.1659,1.0962,1.0523,1.0221,1.0,0.9905,0.9968,0.9991,0.9998,1.0
N5_M20,5,20,ppo,,2,4,0,300,"[189, 19, 183, 150, 175]",1.3198,1.1883,1.1033,1.0439,1.0,0.8357,0.9362,0.9799,0.9963,1.0
N5_M20,5,20,ppo,,2,4,1,90,"[56, 42, 50, 30, 62]",1.2917,1.1795,1.1014,1.044,1.0,0.9486,0.9799,0.9935,0.9988,1.0
N5_M20,5,20,ppo,,2,4,2,23,"[17, 20, 14, 14, 15]",1.25,1.169,1.1026,1.0471,1.0,0.9801,0.9908,0.9966,0.9993,1.0
N5_M20,5,20,ppo,,2,4,3,47,"[31, 29, 31, 27, 27]",1.069,1.0448,1.0263,1.0118,1.0,0.9962,0.9984,0.9994,0.9999,1.0
N5_M20,5,20,ppo,,2,4,4,100,"[57, 69, 54, 38, 52]",1.2778,1.1718,1.0974,1.0424,1.0,0.9672,0.9872,0.9959,0.9992,1.0
N5_M20,5,20,ppo,,2,5,0,40,"[29, 27, 24, 27, 17]",1.1694,1.1101,1.0648,1.029,1.0,0.9719,0.9879,0.9958,0.9992,1.0
N5_M20,5,20,ppo,,2,5,1,119,"[84, 44, 53, 68, 52]",1.3953,1.2383,1.1328,1.057,1.0,0.9473,0.9802,0.9938,0.9988,1.0
N5_M20,5,20,ppo,,2,5,2,43,"[29, 28, 29, 31, 28]",1.069,1.0462,1.0278,1.0127,1.0,0.9986,0.9994,0.9998,1.0,1.0
N5_M20,5,20,ppo,,2,5,3,40,"[30, 25, 22, 24, 29]",1.1538,1.1017,1.0606,1.0274,1.0,0.9866,0.9941,0.9979,0.9996,1.0
N5_M20,5,20,ppo,,2,5,4,22,"[18, 15, 16, 17, 16]",1.0976,1.0674,1.0417,1.0194,1.0,0.9961,0.9982,0.9993,0.9998,1.0
N5_M20,5,20,ppo,,2,6,0,26,"[22, 14, 20, 22, 21]",1.1111,1.0773,1.048,1.0225,1.0,0.9777,0.9891,0.9957,0.9991,1.0
N5_M20,5,20,ppo,,2,6,1,34,"[28, 14, 23, 23, 28]",1.2069,1.139,1.0839,1.0383,1.0,0.9536,0.9785,0.9921,0.9983,1.0
N5_M20,5,20,ppo,,2,6,2,42,"[34, 26, 28, 32, 28]",1.1486,1.1009,1.0615,1.0283,1.0,0.9902,0.9955,0.9983,0.9996,1.0
N5_M20,5,20,ppo,,2,6,3,148,"[101, 89, 93, 91, 85]",1.1002,1.0652,1.0384,1.0172,1.0,0.9967,0.9986,0.9995,0.9999,1.0
N5_M20,5,20,ppo,,2,6,4,52,"[43, 35, 43, 40, 39]",1.075,1.0523,1.0326,1.0153,1.0,0.9945,0.9973,0.999,0.9998,1.0
N5_M20,5,20,ppo,,2,7,0,39,"[26, 22, 19, 25, 19]",1.1712,1.108,1.0621,1.0273,1.0,0.9829,0.9931,0.9977,0.9996,1.0
N5_M20,5,20,ppo,,2,7,1,64,"[32, 39, 40, 44, 39]",1.134,1.0865,1.0506,1.0225,1.0,0.9902,0.9959,0.9986,0.9997,1.0
N5_M20,5,20,ppo,,2,7,2,43,"[22, 27, 26, 32, 26]",1.203,1.1319,1.0776,1.0347,1.0,0.9857,0.9939,0.9979,0.9996,1.0
N5_M20,5,20,ppo,,2,7,3,28,"[16, 14, 18, 19, 14]",1.1728,1.1097,1.0633,1.0279,1.0,0.9844,0.9937,0.9979,0.9996,1.0
N5_M20,5,20,ppo,,2,7,4,90,"[38, 49, 56, 64, 48]",1.2549,1.1605,1.0922,1.0405,1.0,0.9719,0.9887,0.9962,0.9993,1.0
N5_M20,5,20,ppo,,2,8,0,41,"[24, 33, 30, 18, 28]",1.2406,1.1589,1.0947,1.0428,1.0,0.9632,0.9836,0.9941,0.9988,1.0
N5_M20,5,20,ppo,,2,8,1,25,"[14, 11, 19, 14, 14]",1.3194,1.2023,1.1168,1.0515,1.0,0.969,0.9873,0.9957,0.9992,1.0
N5_M20,5,20,ppo,,2,8,2,41,"[26, 15, 25, 29, 22]",1.2393,1.1511,1.087,1.0383,1.0,0.9603,0.9838,0.9946,0.9989,1.0
N5_M20,5,20,ppo,,2,8,3,27,"[19, 12, 22, 16, 9]",1.4103,1.2602,1.1502,1.0663,1.0,0.9176,0.9652,0.9881,0.9977,1.0
N5_M20,5,20,ppo,,2,8,4,71,"[40, 34, 43, 41, 38]",1.0969,1.0604,1.0345,1.0151,1.0,0.9939,0.9976,0.9992,0.9999,1.0
N5_M20,5,20,ppo,,2,9,0,156,"[101, 106, 61, 111, 93]",1.1758,1.1134,1.0663,1.0295,1.0,0.9659,0.9856,0.995,0.999,1.0
N5_M20,5,20,ppo,,2,9,1,201,"[117, 114, 62, 141, 110]",1.296,1.1832,1.1039,1.0452,1.0,0.9468,0.9789,0.9931,0.9987,1.0
N5_M20,5,20,ppo,,2,9,2,68,"[50, 52, 33, 50, 49]",1.1111,1.0749,1.0453,1.0207,1.0,0.9783,0.99,0.9963,0.9992,1.0
N5_M20,5,20,ppo,,2,9,3,92,"[47, 68, 38, 61, 53]",1.2734,1.1737,1.1004,1.0443,1.0,0.9629,0.9847,0.9948,0.999,1.0
N5_M20,5,20,ppo,,2,9,4,166,"[84, 90, 59, 111, 95]",1.2642,1.1621,1.0914,1.0396,1.0,0.964,0.9861,0.9956,0.9992,1.0
N5_M20,5,20,ppo,,2,10,0,51,"[34, 35, 36, 32, 31]",1.0714,1.0474,1.0284,1.0129,1.0,0.997,0.9987,0.9995,0.9999,1.0
N5_M20,5,20,ppo,,2,10,1,201,"[93, 103, 118, 93, 107]",1.1479,1.0895,1.05,1.0215,1.0,0.9917,0.997,0.999,0.9998,1.0
N5_M20,5,20,ppo,,2,10,2,200,"[69, 101, 114, 109, 102]",1.1515,1.0905,1.0502,1.0215,1.0,0.9754,0.9911,0.9972,0.9995,1.0
N5_M20,5,20,ppo,,2,10,3,108,"[75, 65, 66, 66, 39]",1.2058,1.1303,1.0752,1.0331,1.0,0.9632,0.9849,0.9949,0.999,1.0
N5_M20,5,20,ppo,,2,10,4,32,"[25, 21, 16, 19, 18]",1.2626,1.1707,1.1004,1.0449,1.0,0.9767,0.99,0.9965,0.9993,1.0
N5_M20,5,20,ppo,,2,11,0,62,"[33, 36, 44, 37, 38]",1.1702,1.1098,1.0643,1.0286,1.0,0.9909,0.9962,0.9987,0.9997,1.0
N5_M20,5,20,ppo,,2,11,1,84,"[52, 58, 38, 54, 61]",1.1597,1.1042,1.0615,1.0276,1.0,0.9777,0.9904,0.9966,0.9993,1.0
N5_M20,5,20,ppo,,2,11,2,65,"[35, 38, 41, 38, 33]",1.1081,1.0682,1.0392,1.0172,1.0,0.9945,0.9978,0.9993,0.9999,1.0
N5_M20,5,20,ppo,,2,11,3,107,"[48, 76, 62, 61, 62]",1.2298,1.1457,1.0841,1.0371,1.0,0.9798,0.9918,0.9973,0.9995,1.0
N5_M20,5,20,ppo,,2,11,4,37,"[24, 20, 26, 28, 19]",1.1966,1.1287,1.0762,1.0342,1.0,0.9788,0.9908,0.9968,0.9993,1.0
N5_M20,5,20,ppo,,2,12,0,115,"[81, 48, 74, 79, 71]",1.1473,1.0955,1.056,1.025,1.0,0.9726,0.9883,0.9959,0.9992,1.0
N5_M20,5,20,ppo,,2,12,1,31,"[16, 26, 17, 24, 18]",1.2871,1.19,1.1133,1.0512,1.0,0.9619,0.983,0.9939,0.9987,1.0
N5_M20,5,20,ppo,,2,12,2,24,"[15, 19, 16, 15, 13]",1.2179,1.1441,1.0859,1.0388,1.0,0.9845,0.9932,0.9976,0.9995,1.0
N5_M20,5,20,ppo,,2,12,3,33,"[16, 19, 24, 24, 20]",1.165,1.1076,1.0634,1.0284,1.0,0.9782,0.9906,0.9967,0.9993,1.0
N5_M20,5,20,ppo,,2,12,4,126,"[82, 43, 69, 71, 45]",1.3226,1.1923,1.1064,1.0455,1.0,0.9422,0.9786,0.9934,0.9988,1.0
N5_M20,5,20,ppo,,2,13,0,168,"[52, 94, 66, 81, 56]",1.3467,1.1924,1.1018,1.0422,1.0,0.9518,0.9847,0.9957,0.9993,1.0
N5_M20,5,20,ppo,,2,13,1,110,"[53, 60, 64, 68, 28]",1.2454,1.1468,1.0814,1.0348,1.0,0.9367,0.9764,0.9926,0.9986,1.0
N5_M20,5,20,ppo,,2,13,2,213,"[101, 92, 111, 59, 83]",1.2444,1.1361,1.0721,1.0299,1.0,0.962,0.9879,0.9966,0.9994,1.0
N5_M20,5,20,ppo,,2,13,3,300,"[139, 121, 140, 148, 79]",1.1802,1.1003,1.0531,1.022,1.0,0.9623,0.988,0.9966,0.9994,1.0
N5_M20,5,20,ppo,,2,13,4,135,"[61, 52, 67, 70, 49]",1.1706,1.0973,1.0524,1.0219,1.0,0.9816,0.9939,0.9982,0.9997,1.0
N5_M20,5,20,ppo,,2,14,0,25,"[19, 21, 22, 13, 18]",1.1828,1.1262,1.078,1.0363,1.0,0.9723,0.9866,0.9949,0.9989,1.0
N5_M20,5,20,ppo,,2,14,1,46,"[31, 31, 35, 29, 28]",1.1364,1.091,1.0547,1.0249,1.0,0.994,0.9973,0.999,0.9998,1.0
N5_M20,5,20,ppo,,2,14,2,26,"[17, 16, 18, 16, 19]",1.1047,1.0696,1.0417,1.0189,1.0,0.9954,0.998,0.9993,0.9998,1.0
N5_M20,5,20,ppo,,2,14,3,41,"[27, 28, 33, 17, 23]",1.2891,1.1885,1.1111,1.0498,1.0,0.9581,0.9818,0.9936,0.9987,1.0
N5_M20,5,20,ppo,,2,14,4,23,"[14, 16, 19, 17, 12]",1.2179,1.1461,1.0881,1.0402,1.0,0.9766,0.9893,0.9961,0.9992,1.0
N5_M20,5,20,ppo,,2,15,0,70,"[43, 37, 37, 41, 43]",1.0697,1.0441,1.0254,1.0112,1.0,0.9955,0.9982,0.9994,0.9999,1.0
N5_M20,5,20,ppo,,2,15,1,198,"[106, 99, 95, 111, 67]",1.1611,1.0953,1.0525,1.0223,1.0,0.9749,0.9911,0.9973,0.9995,1.0
N5_M20,5,20,ppo,,2,15,2,147,"[87, 85, 89, 102, 34]",1.2846,1.176,1.0998,1.0434,1.0,0.9197,0.9677,0.9894,0.998,1.0
N5_M20,5,20,ppo,,2,15,3,50,"[31, 27, 37, 39, 30]",1.189,1.1253,1.0749,1.0339,1.0,0.9816,0.9918,0.9971,0.9994,1.0
N5_M20,5,20,ppo,,2,15,4,107,"[75, 61, 71, 75, 28]",1.2097,1.1331,1.0769,1.0339,1.0,0.9242,0.968,0.9891,0.9979,1.0
N5_M20,5,20,ppo,,2,16,0,29,"[21, 22, 23, 23, 24]",1.0619,1.0434,1.0271,1.0128,1.0,0.998,0.999,0.9996,0.9999,1.0
N5_M20,5,20,ppo,,2,16,1,30,"[15, 21, 20, 21, 26]",1.2621,1.1765,1.1067,1.0488,1.0,0.972,0.9871,0.9952,0.999,1.0
N5_M20,5,20,ppo,,2,16,2,24,"[18, 17, 18, 18, 15]",1.0465,1.0317,1.0194,1.009,1.0,0.9954,0.9979,0.9992,0.9998,1.0
N5_M20,5,20,ppo,,2,16,3,25,"[15, 19, 19, 18, 21]",1.1413,1.0973,1.0599,1.0278,1.0,0.9888,0.9947,0.998,0.9996,1.0
N5_M20,5,20,ppo,,2,16,4,66,"[39, 27, 40, 32, 42]",1.1667,1.1034,1.0588,1.0256,1.0,0.9762,0.9907,0.997,0.9994,1.0
N5_M20,5,20,ppo,,2,17,0,51,"[35, 39, 31, 31, 21]",1.242,1.157,1.0922,1.0412,1.0,0.9649,0.9849,0.9947,0.9989,1.0
N5_M20,5,20,ppo,,2,17,1,71,"[41, 45, 45, 37, 38]",1.0922,1.0586,1.0339,1.0149,1.0,0.9934,0.9973,0.9991,0.9998,1.0
N5_M20,5,20,ppo,,2,17,2,300,"[159, 203, 151, 150, 63]",1.3981,1.2357,1.1298,1.0553,1.0,0.9106,0.9667,0.9897,0.9981,1.0
N5_M20,5,20,ppo,,2,17,3,274,"[172, 164, 159, 169, 77]",1.1606,1.0994,1.0564,1.0245,1.0,0.9446,0.9781,0.9928,0.9986,1.0
N5_M20,5,20,ppo,,2,17,4,60,"[33, 42, 46, 28, 31]",1.2778,1.1786,1.1042,1.0463,1.0,0.9651,0.9853,0.9949,0.999,1.0
N5_M20,5,20,ppo,,2,18,0,34,"[23, 25, 20, 28, 17]",1.2389,1.1591,1.0954,1.0433,1.0,0.9721,0.9874,0.9955,0.9991,1.0
N5_M20,5,20,ppo,,2,18,1,41,"[31, 19, 29, 20, 25]",1.25,1.1612,1.0942,1.0419,1.0,0.9646,0.985,0.9948,0.999,1.0
N5_M20,5,20,ppo,,2,18,2,28,"[21, 15, 15, 16, 11]",1.3462,1.2166,1.1239,1.0542,1.0,0.9596,0.9838,0.9946,0.999,1.0
N5_M20,5,20,ppo,,2,18,3,41,"[24, 25, 23, 24, 24]",1.0417,1.0265,1.0154,1.0068,1.0,0.9993,0.9997,0.9999,1.0,1.0
N5_M20,5,20,ppo,,2,18,4,25,"[16, 20, 17, 23, 14]",1.2778,1.1899,1.1163,1.0538,1.0,0.9701,0.9858,0.9946,0.9988,1.0
N5_M20,5,20,ppo,,2,19,0,96,"[59, 50, 53, 52, 54]",1.1007,1.0631,1.0361,1.0158,1.0,0.9969,0.9988,0.9996,0.9999,1.0
N5_M20,5,20,ppo,,2,19,1,47,"[31, 32, 36, 29, 32]",1.125,1.0839,1.0506,1.0231,1.0,0.9949,0.9977,0.9992,0.9998,1.0
N5_M20,5,20,ppo,,2,19,2,94,"[58, 56, 50, 48, 37]",1.1647,1.1011,1.057,1.0247,1.0,0.9785,0.9918,0.9974,0.9995,1.0
N5_M20,5,20,ppo,,2,19,3,222,"[97, 111, 100, 97, 103]",1.0925,1.0535,1.029,1.0122,1.0,0.9974,0.9991,0.9997,1.0,1.0
N5_M20,5,20,ppo,,2,19,4,60,"[40, 41, 38, 42, 33]",1.0825,1.0544,1.0324,1.0146,1.0,0.9933,0.9971,0.999,0.9998,1.0
N5_M20,5,20,astar,median,-1,0,0,13,"[3, 10, 8, 2, 12]",1.7143,1.4412,1.25,1.1087,1.0,0.7632,0.8942,0.9634,0.9929,1.0
N5_M20,5,20,astar,median,-1,1,0,12,"[8, 8, 2, 12, 8]",1.5789,1.3793,1.2245,1.1009,1.0,0.8494,0.9293,0.974,0.9946,1.0
N5_M20,5,20,astar,median,-1,2,0,87,"[13, 7, 4, 10, 6]",1.625,1.1351,1.0526,1.0186,1.0,0.8649,0.9927,0.9989,0.9999,1.0
N5_M20,5,20,astar,median,-1,3,0,27,"[15, 14, 7, 17, 6]",1.4407,1.25,1.134,1.056,1.0,0.8757,0.9563,0.987,0.9977,1.0
N5_M20,5,20,astar,median,-1,4,0,60,"[2, 10, 14, 12, 14]",1.3462,1.1184,1.0511,1.0189,1.0,0.845,0.979,0.996,0.9995,1.0
N5_M20,5,20,astar,median,-1,5,0,14,"[11, 10, 1, 1, 8]",1.7742,1.4417,1.2376,1.0996,1.0,0.6697,0.8617,0.9556,0.9919,1.0
N5_M20,5,20,astar,median,-1,6,0,18,"[12, 12, 11, 13, 5]",1.2264,1.1446,1.0839,1.0372,1.0,0.9317,0.971,0.99,0.998,1.0
N5_M20,5,20,astar,median,-1,7,0,61,"[11, 7, 4, 1, 3]",2.1154,1.2272,1.0876,1.0308,1.0,0.6898,0.9817,0.9972,0.9997,1.0
N5_M20,5,20,astar,median,-1,8,0,10,"[6, 6, 8, 10, 5]",1.4286,1.2903,1.1765,1.0811,1.0,0.9387,0.9709,0.989,0.9977,1.0
N5_M20,5,20,astar,median,-1,9,0,44,"[4, 6, 17, 11, 10]",1.7708,1.3049,1.1381,1.0523,1.0,0.8199,0.9668,0.993,0.999,1.0
N5_M20,5,20,astar,median,-1,10,0,64,"[10, 10, 8, 5, 14]",1.4894,1.1497,1.0627,1.0228,1.0,0.9109,0.9909,0.9984,0.9998,1.0
N5_M20,5,20,astar,median,-1,11,0,46,"[6, 11, 7, 16, 11]",1.5686,1.2272,1.1032,1.0391,1.0,0.8923,0.9811,0.996,0.9994,1.0
N5_M20,5,20,astar,median,-1,12,0,28,"[6, 20, 3, 2, 6]",2.7027,1.753,1.3559,1.1379,1.0,0.5645,0.8689,0.9674,0.995,1.0
N5_M20,5,20,astar,median,-1,13,0,88,"[10, 13, 11, 23, 8]",1.7692,1.2362,1.099,1.0361,1.0,0.8596,0.9848,0.9973,0.9996,1.0
N5_M20,5,20,astar,median,-1,14,0,22,"[15, 20, 1, 1, 6]",2.3256,1.7155,1.3725,1.1528,1.0,0.5578,0.8124,0.9411,0.9896,1.0
N5_M20,5,20,astar,median,-1,15,0,13,"[13, 0, 2, 4, 13]",2.0312,1.6149,1.3402,1.1454,1.0,0.5721,0.7899,0.9247,0.9854,1.0
N5_M20,5,20,astar,median,-1,16,0,13,"[7, 12, 5, 0, 3]",2.2222,1.6781,1.3587,1.1486,1.0,0.6423,0.8537,0.9542,0.9918,1.0
N5_M20,5,20,astar,median,-1,17,0,16,"[8, 15, 5, 8, 15]",1.4706,1.309,1.1832,1.0825,1.0,0.8627,0.9358,0.9764,0.9951,1.0
N5_M20,5,20,astar,median,-1,18,0,13,"[3, 10, 3, 13, 4]",1.9697,1.5854,1.3265,1.1404,1.0,0.7188,0.8752,0.9575,0.9919,1.0
N5_M20,5,20,astar,median,-1,19,0,72,"[11, 11, 11, 13, 19]",1.4615,1.1622,1.0706,1.0262,1.0,0.9462,0.993,0.9987,0.9998,1.0
N5_M20,5,20,astar,minimax,-1,0,0,73,"[9, 12, 9, 8, 10]",1.25,1.0707,1.0291,1.0105,1.0,0.9804,0.9984,0.9997,1.0,1.0
N5_M20,5,20,astar,minimax,-1,1,0,198,"[16, 16, 10, 18, 14]",1.2162,1.0396,1.015,1.0053,1.0,0.9675,0.9989,0.9998,1.0,1.0
N5_M20,5,20,astar,minimax,-1,2,0,82,"[8, 11, 8, 5, 11]",1.2791,1.0668,1.0265,1.0094,1.0,0.9362,0.9961,0.9994,0.9999,1.0
N5_M20,5,20,astar,minimax,-1,3,0,115,"[21, 17, 19, 15, 19]",1.1538,1.0495,1.021,1.0077,1.0,0.9876,0.9987,0.9998,1.0,1.0
N5_M20,5,20,astar,minimax,-1,4,0,55,"[7, 10, 12, 9, 12]",1.2,1.0706,1.0308,1.0114,1.0,0.9653,0.9955,0.9991,0.9999,1.0
N5_M20,5,20,astar,minimax,-1,5,0,14,"[11, 10, 2, 2, 7]",1.7188,1.4157,1.2255,1.095,1.0,0.7367,0.8932,0.966,0.9938,1.0
N5_M20,5,20,astar,minimax,-1,6,0,48,"[12, 12, 13, 15, 7]",1.2712,1.1151,1.0535,1.0205,1.0,0.9524,0.9911,0.9981,0.9997,1.0
N5_M20,5,20,astar,minimax,-1,7,0,114,"[12, 11, 11, 7, 10]",1.1765,1.0373,1.0145,1.0051,1.0,0.9723,0.9987,0.9998,1.0,1.0
N5_M20,5,20,astar,minimax,-1,8,0,60,"[7, 11, 8, 8, 6]",1.375,1.1071,1.0441,1.016,1.0,0.9581,0.9964,0.9994,0.9999,1.0
N5_M20,5,20,astar,minimax,-1,9,0,107,"[6, 12, 16, 11, 14]",1.3559,1.0885,1.0354,1.0126,1.0,0.9246,0.995,0.9992,0.9999,1.0
N5_M20,5,20,astar,minimax,-1,10,0,8,"[8, 8, 5, 6, 8]",1.1429,1.1034,1.0667,1.0323,1.0,0.9684,0.9832,0.9929,0.9983,1.0
N5_M20,5,20,astar,minimax,-1,11,0,23,"[3, 9, 5, 12, 9]",1.5789,1.2882,1.1438,1.0574,1.0,0.8494,0.9579,0.9892,0.9983,1.0
N5_M20,5,20,astar,minimax,-1,12,0,87,"[10, 14, 10, 8, 7]",1.4286,1.1082,1.0434,1.0155,1.0,0.9434,0.9962,0.9994,0.9999,1.0
N5_M20,5,20,astar,minimax,-1,13,0,51,"[12, 15, 13, 17, 10]",1.2687,1.1184,1.0559,1.0216,1.0,0.9685,0.9937,0.9986,0.9998,1.0
N5_M20,5,20,astar,minimax,-1,14,0,13,"[6, 11, 9, 9, 13]",1.3542,1.244,1.1504,1.07,1.0,0.9443,0.9727,0.9895,0.9977,1.0
N5_M20,5,20,astar,minimax,-1,15,0,15,"[11, 6, 8, 10, 11]",1.1957,1.1268,1.0744,1.0332,1.0,0.9575,0.9817,0.9936,0.9987,1.0
N5_M20,5,20,astar,minimax,-1,16,0,10,"[9, 9, 7, 2, 1]",1.6071,1.3806,1.2179,1.0955,1.0,0.7259,0.8708,0.9536,0.9907,1.0
N5_M20,5,20,astar,minimax,-1,17,0,12,"[9, 11, 10, 12, 12]",1.1111,1.0811,1.0526,1.0256,1.0,0.9885,0.9938,0.9974,0.9994,1.0
N5_M20,5,20,astar,minimax,-1,18,0,163,"[11, 12, 9, 18, 13]",1.4286,1.0807,1.0308,1.0108,1.0,0.9461,0.998,0.9997,1.0,1.0
N5_M20,5,20,astar,minimax,-1,19,0,132,"[17, 13, 19, 13, 19]",1.1728,1.0465,1.0189,1.0068,1.0,0.9727,0.998,0.9997,1.0,1.0
N5_M25,5,25,ppo,,0,0,0,30,"[21, 20, 18, 19, 14]",1.1413,1.0915,1.0537,1.024,1.0,0.983,0.9928,0.9975,0.9995,1.0
N5_M25,5,25,ppo,,0,0,1,40,"[30, 27, 26, 31, 23]",1.1314,1.0884,1.0534,1.0244,1.0,0.9891,0.9951,0.9982,0.9996,1.0
N5_M25,5,25,ppo,,0,0,2,11,"[9, 9, 6, 9, 8]",1.0976,1.0674,1.0417,1.0194,1.0,0.9802,0.9904,0.9963,0.9992,1.0
N5_M25,5,25,ppo,,0,0,3,23,"[21, 18, 16, 19, 18]",1.1413,1.0997,1.0628,1.0297,1.0,0.9923,0.9961,0.9985,0.9997,1.0
N5_M25,5,25,ppo,,0,0,4,35,"[22, 25, 25, 26, 25]",1.0569,1.0386,1.0235,1.0108,1.0,0.997,0.9986,0.9995,0.9999,1.0
N5_M25,5,25,ppo,,0,1,0,31,"[19, 18, 23, 30, 14]",1.4423,1.2955,1.1776,1.0808,1.0,0.9365,0.9706,0.9892,0.9977,1.0
N5_M25,5,25,ppo,,0,1,1,41,"[27, 28, 27, 31, 19]",1.1742,1.1148,1.0682,1.0308,1.0,0.9778,0.9902,0.9965,0.9993,1.0
N5_M25,5,25,ppo,,0,1,2,47,"[33, 37, 36, 35, 34]",1.0571,1.0395,1.0244,1.0114,1.0,0.9984,0.9992,0.9997,0.9999,1.0
N5_M25,5,25,ppo,,0,1,3,45,"[26, 29, 33, 33, 24]",1.1379,1.0909,1.0541,1.0244,1.0,0.9845,0.9932,0.9976,0.9995,1.0
N5_M25,5,25,ppo,,0,1,4,33,"[22, 25, 24, 23, 14]",1.1574,1.1043,1.0623,1.0282,1.0,0.968,0.9857,0.9948,0.9989,1.0
N5_M25,5,25,ppo,,0,2,0,32,"[26, 22, 22, 23, 23]",1.1207,1.0827,1.0507,1.0235,1.0,0.996,0.9981,0.9993,0.9998,1.0
N5_M25,5,25,ppo,,0,2,1,35,"[26, 22, 25, 19, 26]",1.1017,1.0681,1.041,1.0187,1.0,0.9868,0.9941,0.9978,0.9996,1.0
N5_M25,5,25,ppo,,0,2,2,23,"[18, 18, 18, 17, 22]",1.1828,1.1294,1.0817,1.0388,1.0,0.9913,0.9956,0.9982,0.9996,1.0
N5_M25,5,25,ppo,,0,2,3,28,"[22, 21, 22, 21, 21]",1.028,1.0195,1.0121,1.0057,1.0,0.9995,0.9997,0.9999,1.0,1.0
N5_M25,5,25,ppo,,0,2,4,37,"[26, 30, 28, 25, 30]",1.0791,1.0548,1.034,1.0159,1.0,0.9946,0.9974,0.999,0.9998,1.0
N5_M25,5,25,ppo,,0,3,0,127,"[94, 67, 69, 74, 68]",1.2634,1.1679,1.0973,1.043,1.0,0.9819,0.9926,0.9975,0.9995,1.0
N5_M25,5,25,ppo,,0,3,1,200,"[127, 120, 88, 137, 120]",1.1571,1.1005,1.0584,1.0259,1.0,0.9811,0.9922,0.9973,0.9995,1.0
N5_M25,5,25,ppo,,0,3,2,47,"[38, 30, 34, 33, 20]",1.2258,1.15,1.0897,1.0407,1.0,0.9631,0.9834,0.994,0.9988,1.0
N5_M25,5,25,ppo,,0,3,3,179,"[100, 90, 104, 100, 61]",1.1429,1.0863,1.0481,1.0207,1.0,0.9711,0.9893,0.9966,0.9994,1.0
N5_M25,5,25,ppo,,0,3,4,107,"[62, 72, 67, 65, 34]",1.2,1.1254,1.0719,1.0315,1.0,0.9525,0.9808,0.9936,0.9988,1.0
N5_M25,5,25,ppo,,0,4,0,103,"[70, 73, 51, 26, 55]",1.3273,1.2015,1.1139,1.0495,1.0,0.9149,0.966,0.9889,0.9979,1.0
N5_M25,5,25,ppo,,0,4,1,109,"[78, 69, 63, 24, 65]",1.3043,1.1893,1.1078,1.0471,1.0,0.9116,0.9638,0.988,0.9977,1.0
N5_M25,5,25,ppo,,0,4,2,106,"[67, 73, 66, 18, 70]",1.2415,1.1508,1.0862,1.0377,1.0,0.8912,0.9545,0.9847,0.997,1.0
N5_M25,5,25,ppo,,0,4,3,142,"[104, 27, 84, 81, 67]",1.4325,1.2618,1.1463,1.063,1.0,0.8888,0.9562,0.9859,0.9974,1.0
N5_M25,5,25,ppo,,0,4,4,165,"[99, 100, 98, 30, 106]",1.224,1.137,1.0771,1.0334,1.0,0.9027,0.9612,0.9874,0.9976,1.0
N5_M25,5,25,ppo,,0,5,0,123,"[56, 66, 69, 74, 75]",1.1029,1.0642,1.0366,1.016,1.0,0.99,0.9961,0.9987,0.9998,1.0
N5_M25,5,25,ppo,,0,5,1,300,"[128, 147, 125, 128, 133]",1.112,1.0637,1.0342,1.0143,1.0,0.9965,0.9989,0.9997,0.9999,1.0
N5_M25,5,25,ppo,,0,5,2,39,"[22, 24, 29, 31, 27]",1.1654,1.1111,1.0671,1.0306,1.0,0.9852,0.9933,0.9975,0.9995,1.0
N5_M25,5,25,ppo,,0,5,3,95,"[40, 42, 42, 51, 52]",1.1454,1.0856,1.047,1.02,1.0,0.9878,0.9957,0.9987,0.9998,1.0
N5_M25,5,25,ppo,,0,5,4,54,"[30, 35, 30, 40, 37]",1.1628,1.1069,1.0633,1.0285,1.0,0.9871,0.9944,0.998,0.9996,1.0
N5_M25,5,25,ppo,,0,6,0,40,"[31, 22, 29, 33, 28]",1.1538,1.1049,1.0641,1.0296,1.0,0.9834,0.9922,0.9971,0.9994,1.0
N5_M25,5,25,ppo,,0,6,1,34,"[27, 22, 23, 20, 26]",1.1441,1.0973,1.059,1.0271,1.0,0.9882,0.9946,0.998,0.9996,1.0
N5_M25,5,25,ppo,,0,6,2,155,"[94, 74, 86, 80, 79]",1.138,1.0849,1.048,1.0208,1.0,0.9932,0.9974,0.9992,0.9998,1.0
N5_M25,5,25,ppo,,0,6,3,111,"[66, 66, 68, 53, 69]",1.0714,1.0454,1.0262,1.0116,1.0,0.9919,0.9967,0.9989,0.9998,1.0
N5_M25,5,25,ppo,,0,6,4,32,"[29, 26, 20, 22, 24]",1.1983,1.1377,1.0854,1.0399,1.0,0.9836,0.992,0.9969,0.9993,1.0
N5_M25,5,25,ppo,,0,7,0,300,"[191, 61, 157, 152, 93]",1.4602,1.2608,1.1397,1.0584,1.0,0.8855,0.9601,0.9882,0.9979,1.0
N5_M25,5,25,ppo,,0,7,1,300,"[147, 137, 169, 176, 83]",1.236,1.1386,1.0759,1.0322,1.0,0.9493,0.9819,0.9945,0.999,1.0
N5_M25,5,25,ppo,,0,7,2,32,"[21, 26, 21, 22, 20]",1.1818,1.1224,1.0741,1.0339,1.0,0.991,0.9959,0.9985,0.9997,1.0
N5_M25,5,25,ppo,,0,7,3,160,"[94, 36, 93, 106, 93]",1.2559,1.1568,1.0884,1.0383,1.0,0.9211,0.9689,0.9899,0.9981,1.0
N5_M25,5,25,ppo,,0,7,4,164,"[87, 85, 95, 95, 88]",1.0556,1.0346,1.0197,1.0086,1.0,0.9978,0.9992,0.9997,0.9999,1.0
N5_M25,5,25,ppo,,0,8,0,125,"[70, 32, 82, 82, 81]",1.1816,1.1134,1.0648,1.0284,1.0,0.9286,0.9709,0.9903,0.9981,1.0
N5_M25,5,25,ppo,,0,8,1,31,"[19, 21, 21, 22, 18]",1.0891,1.059,1.0352,1.0159,1.0,0.9947,0.9977,0.9992,0.9998,1.0
N5_M25,5,25,ppo,,0,8,2,116,"[48, 57, 46, 72, 58]",1.2811,1.1665,1.0918,1.0391,1.0,0.9738,0.9906,0.9971,0.9995,1.0
N5_M25,5,25,ppo,,0,8,3,55,"[35, 38, 34, 42, 31]",1.1667,1.1104,1.0659,1.0299,1.0,0.9893,0.9953,0.9983,0.9997,1.0
N5_M25,5,25,ppo,,0,8,4,33,"[29, 16, 26, 22, 24]",1.2393,1.1628,1.0993,1.0458,1.0,0.9664,0.9842,0.994,0.9987,1.0
N5_M25,5,25,ppo,,0,9,0,37,"[27, 20, 28, 30, 28]",1.1278,1.0873,1.0535,1.0247,1.0,0.9835,0.9922,0.9971,0.9994,1.0
N5_M25,5,25,ppo,,0,9,1,229,"[96, 122, 153, 153, 145]",1.1435,1.0914,1.0529,1.0234,1.0,0.9736,0.9891,0.9963,0.9993,1.0
N5_M25,5,25,ppo,,0,9,2,300,"[153, 138, 121, 150, 142]",1.0866,1.0507,1.0277,1.0117,1.0,0.9936,0.9978,0.9993,0.9999,1.0
N5_M25,5,25,ppo,,0,9,3,55,"[30, 30, 45, 44, 36]",1.2162,1.1446,1.087,1.0396,1.0,0.97,0.9863,0.995,0.999,1.0
N5_M25,5,25,ppo,,0,9,4,45,"[32, 18, 36, 33, 30]",1.2081,1.1384,1.0829,1.0376,1.0,0.9584,0.9811,0.9932,0.9986,1.0
N5_M25,5,25,ppo,,0,10,0,73,"[23, 43, 44, 35, 52]",1.3198,1.1977,1.1121,1.0488,1.0,0.9416,0.9769,0.9924,0.9986,1.0
N5_M25,5,25,ppo,,0,10,1,202,"[68, 122, 126, 79, 112]",1.2426,1.1458,1.0811,1.0348,1.0,0.9491,0.981,0.994,0.9989,1.0
N5_M25,5,25,ppo,,0,10,2,68,"[53, 49, 47, 41, 21]",1.2559,1.1665,1.098,1.0439,1.0,0.9333,0.9706,0.9896,0.9979,1.0
N5_M25,5,25,ppo,,0,10,3,22,"[13, 16, 14, 13, 13]",1.1594,1.1041,1.0615,1.0276,1.0,0.9929,0.997,0.9989,0.9998,1.0
N5_M25,5,25,ppo,,0,10,4,32,"[27, 24, 22, 18, 24]",1.1739,1.1188,1.0727,1.0336,1.0,0.9836,0.9923,0.9971,0.9994,1.0
N5_M25,5,25,ppo,,0,11,0,39,"[31, 20, 23, 27, 26]",1.2205,1.1458,1.087,1.0393,1.0,0.979,0.9907,0.9967,0.9993,1.0
N5_M25,5,25,ppo,,0,11,1,21,"[17, 17, 13, 15, 14]",1.1184,1.0811,1.0497,1.023,1.0,0.989,0.9948,0.9981,0.9996,1.0
N5_M25,5,25,ppo,,0,11,2,22,"[16, 15, 19, 16, 17]",1.1446,1.1003,1.0622,1.0291,1.0,0.9934,0.9968,0.9988,0.9997,1.0
N5_M25,5,25,ppo,,0,11,3,18,"[8, 14, 9, 16, 13]",1.3333,1.2222,1.1333,1.0606,1.0,0.9399,0.9724,0.9899,0.9979,1.0
N5_M25,5,25,ppo,,0,11,4,20,"[16, 13, 12, 20, 12]",1.3699,1.2539,1.1561,1.0724,1.0,0.9576,0.9796,0.9922,0.9983,1.0
N5_M25,5,25,ppo,,0,12,0,56,"[35, 35, 49, 45, 38]",1.2129,1.1456,1.0892,1.0413,1.0,0.9809,0.991,0.9966,0.9993,1.0
N5_M25,5,25,ppo,,0,12,1,87,"[51, 67, 59, 52, 61]",1.1552,1.1034,1.0621,1.0282,1.0,0.9896,0.9954,0.9983,0.9997,1.0
N5_M25,5,25,ppo,,0,12,2,47,"[33, 35, 38, 34, 29]",1.1243,1.0849,1.052,1.024,1.0,0.9926,0.9965,0.9987,0.9997,1.0
N5_M25,5,25,ppo,,0,12,3,42,"[27, 24, 31, 27, 26]",1.1481,1.0976,1.058,1.0261,1.0,0.9929,0.9969,0.9989,0.9998,1.0
N5_M25,5,25,ppo,,0,12,4,240,"[144, 120, 149, 145, 124]",1.0924,1.0582,1.0335,1.0147,1.0,0.9924,0.997,0.999,0.9998,1.0
N5_M25,5,25,ppo,,0,13,0,40,"[37, 33, 30, 25, 29]",1.2013,1.1405,1.0876,1.0411,1.0,0.9833,0.9918,0.9968,0.9993,1.0
N5_M25,5,25,ppo,,0,13,1,31,"[23, 26, 20, 24, 25]",1.1017,1.0707,1.044,1.0206,1.0,0.9924,0.9963,0.9986,0.9997,1.0
N5_M25,5,25,ppo,,0,13,2,50,"[45, 41, 40, 35, 40]",1.1194,1.0844,1.0532,1.0252,1.0,0.9938,0.9969,0.9988,0.9997,1.0
N5_M25,5,25,ppo,,0,13,3,79,"[54, 56, 47, 52, 53]",1.0687,1.0457,1.0274,1.0124,1.0,0.9967,0.9985,0.9995,0.9999,1.0
N5_M25,5,25,ppo,,0,13,4,33,"[23, 27, 19, 28, 16]",1.2389,1.1607,1.0971,1.0444,1.0,0.9604,0.9817,0.9932,0.9986,1.0
N5_M25,5,25,ppo,,0,14,0,24,"[20, 20, 20, 13, 21]",1.117,1.0821,1.0514,1.0242,1.0,0.9764,0.9882,0.9953,0.999,1.0
N5_M25,5,25,ppo,,0,14,1,49,"[30, 33, 38, 29, 33]",1.1656,1.1104,1.0662,1.0301,1.0,0.9908,0.9959,0.9985,0.9997,1.0
N5_M25,5,25,ppo,,0,14,2,25,"[21, 17, 19, 16, 18]",1.1538,1.1055,1.0648,1.03,1.0,0.9911,0.9958,0.9984,0.9997,1.0
N5_M25,5,25,ppo,,0,14,3,38,"[28, 25, 31, 22, 32]",1.1594,1.1093,1.0671,1.0311,1.0,0.9822,0.9915,0.9968,0.9993,1.0
N5_M25,5,25,ppo,,0,14,4,29,"[23, 19, 23, 17, 18]",1.15,1.1011,1.0612,1.028,1.0,0.9843,0.9928,0.9973,0.9994,1.0
N5_M25,5,25,ppo,,0,15,0,42,"[23, 20, 28, 29, 27]",1.1417,1.0914,1.0534,1.0238,1.0,0.9826,0.9927,0.9975,0.9995,1.0
N5_M25,5,25,ppo,,0,15,1,37,"[10, 26, 32, 27, 30]",1.28,1.1875,1.1129,1.0515,1.0,0.9113,0.9582,0.9844,0.9967,1.0
N5_M25,5,25,ppo,,0,15,2,190,"[88, 133, 103, 90, 101]",1.2913,1.1804,1.1024,1.0446,1.0,0.9761,0.9907,0.997,0.9994,1.0
N5_M25,5,25,ppo,,0,15,3,100,"[42, 69, 71, 70, 40]",1.2158,1.1374,1.0795,1.0352,1.0,0.9439,0.9765,0.992,0.9984,1.0
N5_M25,5,25,ppo,,0,15,4,285,"[143, 213, 184, 181, 151]",1.2213,1.1433,1.084,1.0375,1.0,0.9796,0.9914,0.997,0.9994,1.0
N5_M25,5,25,ppo,,0,16,0,42,"[34, 33, 32, 30, 28]",1.0828,1.0573,1.0354,1.0165,1.0,0.9953,0.9978,0.9991,0.9998,1.0
N5_M25,5,25,ppo,,0,16,1,39,"[25, 31, 32, 23, 28]",1.1511,1.1029,1.0629,1.029,1.0,0.985,0.993,0.9974,0.9994,1.0
N5_M25,5,25,ppo,,0,16,2,29,"[24, 20, 25, 20, 19]",1.1574,1.1087,1.0672,1.0313,1.0,0.9876,0.9941,0.9977,0.9995,1.0
N5_M25,5,25,ppo,,0,16,3,52,"[37, 16, 40, 31, 37]",1.2422,1.1575,1.0926,1.0414,1.0,0.9332,0.9707,0.9896,0.9979,1.0
N5_M25,5,25,ppo,,0,16,4,34,"[26, 16, 28, 23, 27]",1.1667,1.1132,1.069,1.0317,1.0,0.9684,0.9852,0.9944,0.9988,1.0
N5_M25,5,25,ppo,,0,17,0,26,"[21, 17, 21, 20, 22]",1.0891,1.0624,1.039,1.0183,1.0,0.9928,0.9965,0.9986,0.9997,1.0
N5_M25,5,25,ppo,,0,17,1,145,"[103, 80, 84, 90, 56]",1.247,1.1558,1.0896,1.0394,1.0,0.9664,0.9863,0.9954,0.9991,1.0
N5_M25,5,25,ppo,,0,17,2,287,"[194, 170, 151, 163, 75]",1.2882,1.1762,1.0992,1.0429,1.0,0.9331,0.9739,0.9916,0.9984,1.0
N5_M25,5,25,ppo,,0,17,3,65,"[40, 49, 47, 41, 29]",1.1893,1.1241,1.0734,1.033,1.0,0.972,0.9878,0.9957,0.9991,1.0
N5_M25,5,25,ppo,,0,17,4,86,"[46, 48, 58, 48, 34]",1.2393,1.1484,1.0843,1.0367,1.0,0.974,0.9898,0.9967,0.9994,1.0
N5_M25,5,25,ppo,,0,18,0,134,"[57, 72, 70, 82, 75]",1.1517,1.0932,1.0526,1.0228,1.0,0.987,0.995,0.9984,0.9997,1.0
N5_M25,5,25,ppo,,0,18,1,89,"[46, 49, 61, 50, 61]",1.1423,1.0915,1.0534,1.0237,1.0,0.9861,0.9942,0.998,0.9996,1.0
N5_M25,5,25,ppo,,0,18,2,84,"[39, 60, 52, 62, 41]",1.2205,1.1421,1.0831,1.037,1.0,0.9665,0.9858,0.9951,0.999,1.0
N5_M25,5,25,ppo,,0,18,3,242,"[113, 122, 101, 141, 121]",1.1789,1.1069,1.0592,1.0253,1.0,0.9882,0.9958,0.9987,0.9998,1.0
N5_M25,5,25,ppo,,0,18,4,46,"[24, 30, 31, 35, 30]",1.1667,1.1103,1.0658,1.0298,1.0,0.9864,0.994,0.9979,0.9996,1.0
N5_M25,5,25,ppo,,0,19,0,274,"[126, 128, 153, 50, 110]",1.3492,1.1934,1.1022,1.0423,1.0,0.915,0.9723,0.9921,0.9986,1.0
N5_M25,5,25,ppo,,0,19,1,300,"[201, 126, 143, 145, 89]",1.4276,1.25,1.1366,1.0578,1.0,0.938,0.9779,0.9933,0.9988,1.0
N5_M25,5,25,ppo,,0,19,2,194,"[142, 129, 122, 113, 56]",1.2633,1.1672,1.0966,1.0426,1.0,0.9345,0.9725,0.9907,0.9982,1.0
N5_M25,5,25,ppo,,0,19,3,269,"[124, 104, 129, 69, 123]",1.1749,1.0963,1.0507,1.0209,1.0,0.9611,0.9879,0.9966,0.9994,1.0
N5_M25,5,25,ppo,,0,19,4,178,"[114, 89, 109, 18, 104]",1.3134,1.1861,1.1027,1.0438,1.0,0.8574,0.9446,0.9824,0.9968,1.0
N5_M25,5,25,ppo,,1,0,0,21,"[10, 15, 13, 12, 10]",1.25,1.1579,1.0909,1.04,1.0,0.9756,0.9901,0.9967,0.9994,1.0
N5_M25,5,25,ppo,,1,0,1,40,"[27, 22, 21, 21, 24]",1.1739,1.1101,1.0635,1.028,1.0,0.9903,0.9961,0.9987,0.9997,1.0
N5_M25,5,25,ppo,,1,0,2,45,"[29, 32, 34, 27, 35]",1.1146,1.0776,1.0471,1.0216,1.0,0.9909,0.9958,0.9985,0.9997,1.0
N5_M25,5,25,ppo,,1,0,3,20,"[15, 15, 13, 14, 14]",1.0563,1.0383,1.0234,1.0108,1.0,0.9972,0.9987,0.9995,0.9999,1.0
N5_M25,5,25,ppo,,1,0,4,81,"[55, 45, 61, 51, 52]",1.1553,1.1028,1.0613,1.0277,1.0,0.9903,0.9957,0.9985,0.9997,1.0
N5_M25,5,25,ppo,,1,1,0,42,"[24, 23, 31, 36, 31]",1.2414,1.1628,1.0986,1.0452,1.0,0.9727,0.9874,0.9953,0.999,1.0
N5_M25,5,25,ppo,,1,1,1,142,"[87, 80, 86, 79, 59]",1.1125,1.0701,1.04,1.0175,1.0,0.9836,0.9936,0.9979,0.9996,1.0
N5_M25,5,25,ppo,,1,1,2,92,"[65, 50, 65, 42, 62]",1.1444,1.0938,1.0551,1.0246,1.0,0.9742,0.989,0.9962,0.9992,1.0
N5_M25,5,25,ppo,,1,1,3,28,"[18, 20, 19, 24, 12]",1.2903,1.1933,1.1159,1.0526,1.0,0.9583,0.9811,0.9931,0.9986,1.0
N5_M25,5,25,ppo,,1,1,4,27,"[20, 21, 19, 18, 13]",1.1538,1.1029,1.0619,1.0282,1.0,0.9771,0.9896,0.9962,0.9992,1.0
N5_M25,5,25,ppo,,1,2,0,23,"[16, 14, 18, 20, 18]",1.1628,1.1126,1.0697,1.0325,1.0,0.9861,0.9933,0.9974,0.9994,1.0
N5_M25,5,25,ppo,,1,2,1,15,"[9, 7, 8, 12, 13]",1.3265,1.2162,1.129,1.0584,1.0,0.9471,0.9761,0.9914,0.9982,1.0
N5_M25,5,25,ppo,,1,2,2,22,"[16, 15, 17, 15, 21]",1.25,1.174,1.1082,1.0507,1.0,0.9827,0.9916,0.9967,0.9993,1.0
N5_M25,5,25,ppo,,1,2,3,34,"[24, 26, 30, 25, 27]",1.1364,1.0954,1.0596,1.028,1.0,0.994,0.997,0.9988,0.9997,1.0
N5_M25,5,25,ppo,,1,2,4,40,"[26, 28, 26, 25, 36]",1.2766,1.1878,1.1144,1.0526,1.0,0.9801,0.9907,0.9965,0.9993,1.0
N5_M25,5,25,ppo,,1,3,0,123,"[68, 59, 92, 72, 65]",1.2921,1.1854,1.1071,1.0473,1.0,0.9757,0.9901,0.9967,0.9993,1.0
N5_M25,5,25,ppo,,1,3,1,138,"[80, 94, 46, 84, 88]",1.199,1.1254,1.0721,1.0317,1.0,0.9559,0.982,0.994,0.9988,1.0
N5_M25,5,25,ppo,,1,3,2,102,"[72, 57, 66, 61, 38]",1.2245,1.1422,1.0821,1.0362,1.0,0.9629,0.9848,0.9949,0.999,1.0
N5_M25,5,25,ppo,,1,3,3,300,"[176, 173, 38, 179, 126]",1.2934,1.1703,1.0926,1.0391,1.0,0.8686,0.9515,0.9851,0.9973,1.0
N5_M25,5,25,ppo,,1,3,4,219,"[137, 134, 40, 105, 103]",1.3198,1.1878,1.1029,1.0436,1.0,0.8985,0.9625,0.9885,0.9979,1.0
N5_M25,5,25,ppo,,1,4,0,83,"[58, 53, 54, 27, 50]",1.1983,1.1262,1.0731,1.0323,1.0,0.9509,0.9795,0.993,0.9986,1.0
N5_M25,5,25,ppo,,1,4,1,94,"[66, 60, 61, 13, 52]",1.3095,1.1909,1.108,1.0469,1.0,0.8729,0.9475,0.9826,0.9967,1.0
N5_M25,5,25,ppo,,1,4,2,136,"[88, 92, 104, 32, 80]",1.3131,1.1991,1.1152,1.0509,1.0,0.9105,0.9617,0.9869,0.9974,1.0
N5_M25,5,25,ppo,,1,4,3,300,"[184, 12, 197, 160, 164]",1.3738,1.2202,1.1209,1.0514,1.0,0.8205,0.9294,0.9776,0.9959,1.0
N5_M25,5,25,ppo,,1,4,4,225,"[133, 35, 148, 134, 119]",1.3005,1.1811,1.1009,1.0434,1.0,0.8878,0.9561,0.9859,0.9974,1.0
N5_M25,5,25,ppo,,1,5,0,48,"[31, 29, 31, 31, 23]",1.069,1.0444,1.026,1.0116,1.0,0.9887,0.9953,0.9984,0.9997,1.0
N5_M25,5,25,ppo,,1,5,1,300,"[99, 144, 127, 121, 142]",1.1374,1.0768,1.0408,1.0169,1.0,0.9836,0.9948,0.9985,0.9997,1.0
N5_M25,5,25,ppo,,1,5,2,51,"[23, 36, 41, 35, 32]",1.2275,1.1508,1.09,1.0408,1.0,0.9692,0.9862,0.995,0.999,1.0
N5_M25,5,25,ppo,,1,5,3,211,"[109, 96, 72, 130, 95]",1.2948,1.1734,1.0951,1.0404,1.0,0.9654,0.9878,0.9963,0.9993,1.0
N5_M25,5,25,ppo,,1,5,4,48,"[19, 37, 26, 42, 31]",1.3548,1.234,1.1392,1.0629,1.0,0.9365,0.9713,0.9897,0.9979,1.0
N5_M25,5,25,ppo,,1,6,0,34,"[26, 22, 26, 28, 21]",1.1382,1.0946,1.058,1.0269,1.0,0.9885,0.9946,0.998,0.9996,1.0
N5_M25,5,25,ppo,,1,6,1,83,"[51, 44, 56, 48, 47]",1.1382,1.0885,1.0514,1.0228,1.0,0.9932,0.9972,0.9991,0.9998,1.0
N5_M25,5,25,ppo,,1,6,2,144,"[71, 70, 66, 81, 81]",1.0976,1.0591,1.0331,1.0142,1.0,0.9932,0.9975,0.9992,0.9999,1.0
N5_M25,5,25,ppo,,1,6,3,54,"[36, 38, 39, 32, 37]",1.0714,1.0478,1.0288,1.0131,1.0,0.9956,0.998,0.9993,0.9999,1.0
N5_M25,5,25,ppo,,1,6,4,49,"[35, 36, 36, 30, 30]",1.0778,1.0523,1.0316,1.0144,1.0,0.993,0.9968,0.9988,0.9998,1.0
N5_M25,5,25,ppo,,1,7,0,120,"[69, 31, 84, 70, 67]",1.3084,1.19,1.1075,1.0467,1.0,0.9297,0.9721,0.9909,0.9983,1.0
N5_M25,5,25,ppo,,1,7,1,300,"[134, 31, 210, 192, 113]",1.5441,1.3136,1.1697,1.0714,1.0,0.8209,0.9325,0.9792,0.9963,1.0
N5_M25,5,25,ppo,,1,7,2,64,"[26, 42, 45, 31, 39]",1.2295,1.145,1.0835,1.0367,1.0,0.9641,0.9854,0.9951,0.999,1.0
N5_M25,5,25,ppo,,1,7,3,300,"[92, 33, 207, 168, 158]",1.5729,1.3256,1.1747,1.0731,1.0,0.8201,0.9339,0.98,0.9964,1.0
N5_M25,5,25,ppo,,1,7,4,89,"[40, 56, 64, 51, 51]",1.2214,1.1413,1.082,1.0363,1.0,0.9783,0.991,0.997,0.9994,1.0
N5_M25,5,25,ppo,,1,8,0,217,"[115, 34, 129, 96, 111]",1.3299,1.189,1.1019,1.0428,1.0,0.8951,0.963,0.9889,0.998,1.0
N5_M25,5,25,ppo,,1,8,1,21,"[14, 12, 16, 16, 10]",1.1765,1.1165,1.0694,1.0313,1.0,0.9714,0.9873,0.9955,0.9991,1.0
N5_M25,5,25,ppo,,1,8,2,61,"[26, 33, 28, 35, 28]",1.1667,1.0993,1.0549,1.0235,1.0,0.9873,0.9954,0.9986,0.9997,1.0
N5_M25,5,25,ppo,,1,8,3,62,"[33, 45, 44, 43, 36]",1.1194,1.0789,1.047,1.0212,1.0,0.986,0.9938,0.9978,0.9996,1.0
N5_M25,5,25,ppo,,1,8,4,33,"[29, 20, 26, 23, 21]",1.2185,1.1494,1.0915,1.0423,1.0,0.981,0.991,0.9966,0.9993,1.0
N5_M25,5,25,ppo,,1,9,0,63,"[32, 36, 36, 37, 32]",1.0694,1.0432,1.0246,1.0107,1.0,0.9961,0.9985,0.9995,0.9999,1.0
N5_M25,5,25,ppo,,1,9,1,281,"[88, 117, 171, 162, 141]",1.2592,1.1534,1.0845,1.036,1.0,0.9526,0.9829,0.9947,0.999,1.0
N5_M25,5,25,ppo,,1,9,2,300,"[154, 104, 177, 130, 138]",1.2589,1.1513,1.0826,1.035,1.0,0.9709,0.9899,0.997,0.9995,1.0
N5_M25,5,25,ppo,,1,9,3,47,"[28, 27, 38, 40, 31]",1.2195,1.1486,1.0902,1.0414,1.0,0.9748,0.9883,0.9957,0.9991,1.0
N5_M25,5,25,ppo,,1,9,4,70,"[38, 31, 51, 42, 39]",1.2687,1.17,1.098,1.0432,1.0,0.9746,0.9897,0.9965,0.9993,1.0
N5_M25,5,25,ppo,,1,10,0,79,"[19, 51, 38, 52, 59]",1.347,1.2167,1.1238,1.0541,1.0,0.9057,0.961,0.9869,0.9975,1.0
N5_M25,5,25,ppo,,1,10,1,131,"[61, 81, 62, 81, 88]",1.1796,1.1133,1.0652,1.0287,1.0,0.9787,0.9914,0.9971,0.9994,1.0
N5_M25,5,25,ppo,,1,10,2,24,"[17, 18, 16, 16, 17]",1.0714,1.0484,1.0294,1.0135,1.0,0.998,0.9991,0.9997,0.9999,1.0
N5_M25,5,25,ppo,,1,10,3,65,"[37, 37, 41, 38, 43]",1.0969,1.0624,1.0365,1.0162,1.0,0.9963,0.9984,0.9995,0.9999,1.0
N5_M25,5,25,ppo,,1,10,4,24,"[22, 16, 15, 17, 17]",1.2644,1.1811,1.1111,1.0515,1.0,0.9811,0.991,0.9966,0.9993,1.0
N5_M25,5,25,ppo,,1,11,0,84,"[52, 55, 61, 64, 60]",1.0959,1.0648,1.0393,1.018,1.0,0.9946,0.9975,0.9991,0.9998,1.0
N5_M25,5,25,ppo,,1,11,1,58,"[33, 37, 42, 37, 42]",1.0995,1.066,1.0395,1.0179,1.0,0.992,0.9965,0.9987,0.9997,1.0
N5_M25,5,25,ppo,,1,11,2,23,"[14, 14, 15, 16, 15]",1.0811,1.0534,1.0317,1.0143,1.0,0.9974,0.9989,0.9996,0.9999,1.0
N5_M25,5,25,ppo,,1,11,3,50,"[33, 35, 30, 36, 38]",1.1047,1.0705,1.0427,1.0195,1.0,0.9938,0.9972,0.999,0.9998,1.0
N5_M25,5,25,ppo,,1,11,4,18,"[15, 10, 11, 17, 11]",1.3281,1.2234,1.1364,1.0629,1.0,0.957,0.9796,0.9923,0.9984,1.0
N5_M25,5,25,ppo,,1,12,0,300,"[117, 69, 137, 133, 170]",1.3578,1.1989,1.1054,1.0437,1.0,0.9352,0.979,0.994,0.999,1.0
N5_M25,5,25,ppo,,1,12,1,189,"[106, 78, 121, 111, 134]",1.2182,1.1387,1.0803,1.0355,1.0,0.9721,0.9885,0.9961,0.9992,1.0
N5_M25,5,25,ppo,,1,12,2,262,"[126, 81, 110, 149, 123]",1.2649,1.1521,1.0821,1.0345,1.0,0.9655,0.9883,0.9966,0.9994,1.0
N5_M25,5,25,ppo,,1,12,3,32,"[18, 16, 23, 15, 26]",1.3265,1.2115,1.124,1.0554,1.0,0.9556,0.9809,0.9933,0.9987,1.0
N5_M25,5,25,ppo,,1,12,4,171,"[95, 90, 97, 102, 83]",1.0921,1.0572,1.0325,1.0142,1.0,0.9952,0.9982,0.9994,0.9999,1.0
N5_M25,5,25,ppo,,1,13,0,86,"[64, 61, 67, 48, 49]",1.1592,1.1064,1.064,1.0291,1.0,0.982,0.9919,0.997,0.9994,1.0
N5_M25,5,25,ppo,,1,13,1,58,"[47, 46, 45, 36, 41]",1.093,1.0642,1.0396,1.0184,1.0,0.9912,0.9958,0.9984,0.9997,1.0
N5_M25,5,25,ppo,,1,13,2,50,"[39, 37, 43, 39, 40]",1.0859,1.0604,1.0379,1.0179,1.0,0.9976,0.9988,0.9995,0.9999,1.0
N5_M25,5,25,ppo,,1,13,3,33,"[21, 20, 26, 24, 21]",1.1607,1.1078,1.065,1.0297,1.0,0.9901,0.9955,0.9984,0.9997,1.0
N5_M25,5,25,ppo,,1,13,4,58,"[43, 40, 41, 38, 34]",1.0969,1.0649,1.0391,1.0178,1.0,0.9939,0.9973,0.999,0.9998,1.0
N5_M25,5,25,ppo,,1,14,0,45,"[24, 32, 26, 21, 36]",1.295,1.1916,1.1126,1.0504,1.0,0.9629,0.984,0.9944,0.9989,1.0
N5_M25,5,25,ppo,,1,14,1,62,"[37, 38, 42, 36, 46]",1.1558,1.1025,1.0609,1.0275,1.0,0.9914,0.9963,0.9987,0.9997,1.0
N5_M25,5,25,ppo,,1,14,2,33,"[25, 20, 18, 20, 25]",1.1574,1.1043,1.0623,1.0282,1.0,0.9826,0.9923,0.9972,0.9994,1.0
N5_M25,5,25,ppo,,1,14,3,38,"[26, 21, 30, 21, 27]",1.2,1.1327,1.0794,1.036,1.0,0.9805,0.9913,0.9969,0.9994,1.0
N5_M25,5,25,ppo,,1,14,4,59,"[41, 36, 35, 37, 35]",1.1141,1.0744,1.0438,1.0196,1.0,0.9964,0.9984,0.9995,0.9999,1.0
N5_M25,5,25,ppo,,1,15,0,127,"[71, 57, 57, 57, 38]",1.2679,1.1525,1.082,1.0343,1.0,0.966,0.9887,0.9967,0.9994,1.0
N5_M25,5,25,ppo,,1,15,1,100,"[29, 59, 71, 58, 64]",1.2633,1.1653,1.0948,1.0415,1.0,0.9387,0.9749,0.9916,0.9984,1.0
N5_M25,5,25,ppo,,1,15,2,300,"[157, 111, 138, 148, 164]",1.1421,1.0837,1.046,1.0195,1.0,0.9837,0.9943,0.9983,0.9997,1.0
N5_M25,5,25,ppo,,1,15,3,108,"[68, 59, 57, 71, 59]",1.1306,1.083,1.048,1.0212,1.0,0.9921,0.9968,0.9989,0.9998,1.0
N5_M25,5,25,ppo,,1,15,4,182,"[109, 102, 122, 112, 93]",1.1338,1.0856,1.0497,1.022,1.0,0.9919,0.9967,0.9989,0.9998,1.0
N5_M25,5,25,ppo,,1,16,0,48,"[36, 36, 34, 39, 25]",1.1471,1.1,1.061,1.0281,1.0,0.9807,0.991,0.9966,0.9993,1.0
N5_M25,5,25,ppo,,1,16,1,28,"[19, 21, 24, 15, 22]",1.1881,1.1287,1.0788,1.0365,1.0,0.9776,0.9894,0.996,0.9991,1.0
N5_M25,5,25,ppo,,1,16,2,43,"[34, 27, 33, 29, 28]",1.1258,1.0853,1.0519,1.0239,1.0,0.9916,0.9961,0.9986,0.9997,1.0
N5_M25,5,25,ppo,,1,16,3,43,"[31, 8, 39, 26, 27]",1.4885,1.3158,1.185,1.0825,1.0,0.8687,0.9406,0.9788,0.9957,1.0
N5_M25,5,25,ppo,,1,16,4,78,"[54, 47, 52, 45, 50]",1.0887,1.0582,1.0345,1.0155,1.0,0.9957,0.9981,0.9993,0.9999,1.0
N5_M25,5,25,ppo,,1,17,0,297,"[196, 155, 169, 171, 59]",1.3067,1.1847,1.1029,1.0442,1.0,0.9093,0.9651,0.9889,0.9979,1.0
N5_M25,5,25,ppo,,1,17,1,300,"[162, 124, 145, 137, 95]",1.2217,1.1264,1.068,1.0285,1.0,0.9721,0.9908,0.9973,0.9995,1.0
N5_M25,5,25,ppo,,1,17,2,300,"[141, 162, 155, 159, 113]",1.1096,1.065,1.0359,1.0153,1.0,0.985,0.9947,0.9984,0.9997,1.0
N5_M25,5,25,ppo,,1,17,3,55,"[36, 41, 38, 37, 25]",1.1582,1.1042,1.0619,1.0279,1.0,0.9767,0.9898,0.9964,0.9993,1.0
N5_M25,5,25,ppo,,1,17,4,93,"[53, 50, 58, 43, 40]",1.1885,1.1153,1.0649,1.0281,1.0,0.9823,0.9933,0.9979,0.9996,1.0
N5_M25,5,25,ppo,,1,18,0,155,"[94, 80, 89, 78, 82]",1.1111,1.069,1.0392,1.0171,1.0,0.995,0.9981,0.9994,0.9999,1.0
N5_M25,5,25,ppo,,1,18,1,102,"[68, 50, 58, 67, 70]",1.1182,1.0766,1.045,1.0201,1.0,0.9858,0.994,0.9979,0.9996,1.0
N5_M25,5,25,ppo,,1,18,2,72,"[39, 48, 36, 47, 33]",1.1823,1.1146,1.0657,1.0288,1.0,0.979,0.9916,0.9972,0.9995,1.0
N5_M25,5,25,ppo,,1,18,3,57,"[33, 38, 23, 31, 34]",1.195,1.122,1.0698,1.0306,1.0,0.9763,0.9906,0.9969,0.9994,1.0
N5_M25,5,25,ppo,,1,18,4,57,"[36, 36, 40, 41, 36]",1.0847,1.0563,1.0338,1.0153,1.0,0.9965,0.9985,0.9994,0.9999,1.0
N5_M25,5,25,ppo,,1,19,0,91,"[56, 42, 46, 59, 51]",1.1614,1.1011,1.0578,1.0253,1.0,0.9851,0.9941,0.9981,0.9996,1.0
N5_M25,5,25,ppo,,1,19,1,158,"[80, 68, 79, 44, 86]",1.2045,1.1177,1.0636,1.0268,1.0,0.9584,0.9858,0.9958,0.9993,1.0
N5_M25,5,25,ppo,,1,19,2,208,"[79, 123, 121, 122, 133]",1.1505,1.0941,1.0538,1.0235,1.0,0.9742,0.9898,0.9966,0.9994,1.0
N5_M25,5,25,ppo,,1,19,3,77,"[49, 51, 42, 43, 38]",1.1435,1.0911,1.0526,1.0232,1.0,0.9887,0.9954,0.9985,0.9997,1.0
N5_M25,5,25,ppo,,1,19,4,30,"[28, 17, 23, 23, 18]",1.2844,1.195,1.1197,1.0555,1.0,0.9679,0.9847,0.9942,0.9987,1.0
N5_M25,5,25,ppo,,2,0,0,19,"[9, 12, 13, 12, 12]",1.1207,1.0781,1.0458,1.0204,1.0,0.9865,0.9943,0.998,0.9996,1.0
N5_M25,5,25,ppo,,2,0,1,53,"[36, 33, 27, 44, 36]",1.25,1.1665,1.0998,1.0453,1.0,0.9762,0.9893,0.9961,0.9992,1.0
N5_M25,5,25,ppo,,2,0,2,29,"[16, 20, 23, 21, 23]",1.1165,1.0793,1.0484,1.0223,1.0,0.9846,0.9928,0.9973,0.9994,1.0
N5_M25,5,25,ppo,,2,0,3,85,"[54, 46, 52, 61, 56]",1.1338,1.0877,1.0519,1.0233,1.0,0.9917,0.9964,0.9987,0.9997,1.0
N5_M25,5,25,ppo,,2,0,4,15,"[11, 9, 14, 12, 10]",1.25,1.1728,1.1069,1.0498,1.0,0.9769,0.9888,0.9957,0.9991,1.0
N5_M25,5,25,ppo,,2,1,0,55,"[33, 36, 36, 37, 32]",1.0632,1.0414,1.0245,1.011,1.0,0.9969,0.9987,0.9995,0.9999,1.0
N5_M25,5,25,ppo,,2,1,1,31,"[13, 18, 23, 22, 16]",1.25,1.1601,1.0931,1.0413,1.0,0.9607,0.9835,0.9944,0.9989,1.0
N5_M25,5,25,ppo,,2,1,2,132,"[63, 77, 58, 74, 74]",1.1127,1.0689,1.0388,1.0168,1.0,0.9888,0.9958,0.9987,0.9997,1.0
N5_M25,5,25,ppo,,2,1,3,82,"[42, 48, 60, 61, 44]",1.1961,1.1277,1.0752,1.0337,1.0,0.976,0.9897,0.9964,0.9993,1.0
N5_M25,5,25,ppo,,2,1,4,130,"[54, 79, 73, 73, 66]",1.1449,1.089,1.0503,1.0218,1.0,0.9849,0.9942,0.9982,0.9997,1.0
N5_M25,5,25,ppo,,2,2,0,30,"[25, 21, 21, 25, 23]",1.087,1.0606,1.0377,1.0177,1.0,0.994,0.9971,0.9989,0.9997,1.0
N5_M25,5,25,ppo,,2,2,1,17,"[11, 16, 9, 14, 13]",1.2698,1.1861,1.1149,1.0535,1.0,0.9645,0.9828,0.9934,0.9986,1.0
N5_M25,5,25,ppo,,2,2,2,17,"[15, 12, 12, 17, 17]",1.1644,1.1184,1.0759,1.0366,1.0,0.9769,0.9879,0.995,0.9988,1.0
N5_M25,5,25,ppo,,2,2,3,21,"[18, 21, 14, 17, 18]",1.1932,1.1382,1.0881,1.0422,1.0,0.984,0.9917,0.9966,0.9992,1.0
N5_M25,5,25,ppo,,2,2,4,48,"[30, 33, 34, 36, 42]",1.2,1.1373,1.0843,1.0391,1.0,0.9871,0.9939,0.9977,0.9995,1.0
N5_M25,5,25,ppo,,2,3,0,259,"[182, 157, 73, 194, 138]",1.3038,1.1922,1.1108,1.0488,1.0,0.9242,0.9682,0.9892,0.9979,1.0
N5_M25,5,25,ppo,,2,3,1,101,"[85, 71, 25, 80, 54]",1.3492,1.2276,1.1341,1.0601,1.0,0.8936,0.9519,0.9827,0.9965,1.0
N5_M25,5,25,ppo,,2,3,2,51,"[43, 35, 39, 44, 23]",1.1957,1.1338,1.082,1.0379,1.0,0.9591,0.9804,0.9926,0.9984,1.0
N5_M25,5,25,ppo,,2,3,3,300,"[218, 181, 60, 208, 133]",1.3625,1.2231,1.1261,1.0547,1.0,0.8837,0.9525,0.9843,0.997,1.0
N5_M25,5,25,ppo,,2,3,4,152,"[102, 107, 99, 109, 43]",1.1848,1.1192,1.0697,1.031,1.0,0.9325,0.9708,0.9898,0.998,1.0
N5_M25,5,25,ppo,,2,4,0,300,"[177, 185, 207, 26, 177]",1.3407,1.2068,1.1158,1.0499,1.0,0.8489,0.9385,0.9799,0.9962,1.0
N5_M25,5,25,ppo,,2,4,1,132,"[83, 84, 92, 28, 76]",1.2672,1.1664,1.0948,1.0414,1.0,0.9097,0.963,0.9877,0.9976,1.0
N5_M25,5,25,ppo,,2,4,2,67,"[38, 45, 43, 33, 38]",1.1421,1.0907,1.0526,1.0233,1.0,0.9886,0.9953,0.9984,0.9997,1.0
N5_M25,5,25,ppo,,2,4,3,170,"[103, 21, 101, 86, 97]",1.2623,1.1548,1.0851,1.0362,1.0,0.8748,0.9525,0.9852,0.9973,1.0
N5_M25,5,25,ppo,,2,4,4,234,"[146, 44, 165, 20, 163]",1.5335,1.3093,1.168,1.0709,1.0,0.7475,0.898,0.9676,0.9941,1.0
N5_M25,5,25,ppo,,2,5,0,47,"[28, 27, 35, 30, 24]",1.2153,1.1394,1.0818,1.0365,1.0,0.9841,0.9933,0.9977,0.9995,1.0
N5_M25,5,25,ppo,,2,5,1,185,"[73, 111, 87, 104, 116]",1.1813,1.1113,1.0629,1.0273,1.0,0.9742,0.9901,0.9968,0.9994,1.0
N5_M25,5,25,ppo,,2,5,2,64,"[28, 36, 51, 42, 41]",1.2879,1.1871,1.11,1.0492,1.0,0.9649,0.9849,0.9947,0.9989,1.0
N5_M25,5,25,ppo,,2,5,3,68,"[40, 38, 17, 37, 42]",1.2069,1.1253,1.07,1.0302,1.0,0.9365,0.9757,0.9923,0.9986,1.0
N5_M25,5,25,ppo,,2,5,4,97,"[36, 51, 52, 73, 60]",1.3419,1.2145,1.1229,1.0539,1.0,0.9528,0.9809,0.9936,0.9988,1.0
N5_M25,5,25,ppo,,2,6,0,50,"[36, 28, 33, 36, 32]",1.0909,1.0604,1.0361,1.0164,1.0,0.992,0.9964,0.9987,0.9997,1.0
N5_M25,5,25,ppo,,2,6,1,125,"[80, 83, 70, 64, 67]",1.1401,1.0891,1.0516,1.0228,1.0,0.9897,0.9958,0.9986,0.9997,1.0
N5_M25,5,25,ppo,,2,6,2,188,"[98, 104, 90, 109, 101]",1.0857,1.0527,1.0298,1.0129,1.0,0.996,0.9985,0.9995,0.9999,1.0
N5_M25,5,25,ppo,,2,6,3,109,"[64, 74, 56, 62, 72]",1.128,1.0824,1.0481,1.0214,1.0,0.9899,0.9958,0.9986,0.9997,1.0
N5_M25,5,25,ppo,,2,6,4,50,"[40, 37, 34, 38, 35]",1.087,1.0599,1.0369,1.0171,1.0,0.9966,0.9984,0.9994,0.9999,1.0
N5_M25,5,25,ppo,,2,7,0,225,"[99, 54, 112, 148, 96]",1.4538,1.2613,1.1414,1.0595,1.0,0.919,0.9716,0.9915,0.9985,1.0
N5_M25,5,25,ppo,,2,7,1,300,"[142, 180, 176, 179, 96]",1.1643,1.0998,1.0559,1.0241,1.0,0.9576,0.9839,0.9949,0.999,1.0
N5_M25,5,25,ppo,,2,7,2,46,"[27, 33, 27, 31, 28]",1.1301,1.0853,1.0505,1.0227,1.0,0.9933,0.9971,0.999,0.9998,1.0
N5_M25,5,25,ppo,,2,7,3,143,"[84, 35, 86, 98, 77]",1.2895,1.1779,1.1005,1.0436,1.0,0.9253,0.9704,0.9904,0.9982,1.0
N5_M25,5,25,ppo,,2,7,4,275,"[41, 158, 194, 181, 181]",1.2848,1.1772,1.1009,1.0441,1.0,0.8783,0.9491,0.9829,0.9967,1.0
N5_M25,5,25,ppo,,2,8,0,69,"[42, 38, 47, 30, 46]",1.1576,1.1006,1.0584,1.0258,1.0,0.9773,0.9906,0.9968,0.9994,1.0
N5_M25,5,25,ppo,,2,8,1,22,"[14, 12, 14, 14, 13]",1.0448,1.0289,1.0169,1.0076,1.0,0.9964,0.9985,0.9995,0.9999,1.0
N5_M25,5,25,ppo,,2,8,2,114,"[53, 43, 62, 65, 60]",1.1484,1.0888,1.0492,1.0211,1.0,0.9811,0.9931,0.9979,0.9996,1.0
N5_M25,5,25,ppo,,2,8,3,57,"[33, 36, 36, 37, 34]",1.0511,1.0332,1.0195,1.0087,1.0,0.9983,0.9993,0.9997,0.9999,1.0
N5_M25,5,25,ppo,,2,8,4,196,"[106, 59, 116, 115, 112]",1.1417,1.0863,1.0484,1.0209,1.0,0.9568,0.9836,0.9948,0.999,1.0
N5_M25,5,25,ppo,,2,9,0,59,"[38, 33, 44, 33, 38]",1.1828,1.1196,1.0707,1.0317,1.0,0.9882,0.9949,0.9982,0.9996,1.0
N5_M25,5,25,ppo,,2,9,1,195,"[69, 94, 135, 114, 127]",1.2523,1.1574,1.0898,1.0393,1.0,0.9534,0.9813,0.9938,0.9988,1.0
N5_M25,5,25,ppo,,2,9,2,63,"[38, 38, 40, 39, 45]",1.125,1.082,1.0485,1.0218,1.0,0.9958,0.9982,0.9994,0.9999,1.0
N5_M25,5,25,ppo,,2,9,3,54,"[26, 29, 39, 42, 39]",1.2,1.1321,1.0787,1.0355,1.0,0.9687,0.9861,0.995,0.999,1.0
N5_M25,5,25,ppo,,2,9,4,141,"[79, 44, 102, 75, 87]",1.3178,1.1977,1.1126,1.0492,1.0,0.9427,0.977,0.9924,0.9985,1.0
N5_M25,5,25,ppo,,2,10,0,34,"[26, 19, 21, 26, 19]",1.1712,1.1133,1.0676,1.0306,1.0,0.9798,0.991,0.9968,0.9993,1.0
N5_M25,5,25,ppo,,2,10,1,59,"[23, 33, 44, 30, 33]",1.3497,1.2181,1.1245,1.0544,1.0,0.9587,0.9835,0.9946,0.999,1.0
N5_M25,5,25,ppo,,2,10,2,281,"[98, 157, 148, 188, 150]",1.2686,1.1646,1.0927,1.0402,1.0,0.9633,0.9859,0.9955,0.9991,1.0
N5_M25,5,25,ppo,,2,10,3,78,"[30, 42, 53, 48, 50]",1.1883,1.119,1.0685,1.0302,1.0,0.9678,0.9869,0.9956,0.9991,1.0
N5_M25,5,25,ppo,,2,10,4,75,"[46, 42, 39, 49, 36]",1.1557,1.0979,1.0562,1.0247,1.0,0.988,0.9952,0.9984,0.9997,1.0
N5_M25,5,25,ppo,,2,11,0,45,"[28, 29, 29, 32, 27]",1.1034,1.0682,1.0405,1.0183,1.0,0.9967,0.9986,0.9995,0.9999,1.0
N5_M25,5,25,ppo,,2,11,1,32,"[21, 25, 15, 23, 22]",1.1792,1.1192,1.0714,1.0324,1.0,0.9753,0.9889,0.996,0.9992,1.0
N5_M25,5,25,ppo,,2,11,2,23,"[13, 13, 16, 16, 16]",1.0811,1.0534,1.0317,1.0143,1.0,0.9902,0.9957,0.9985,0.9997,1.0
N5_M25,5,25,ppo,,2,11,3,20,"[12, 16, 11, 18, 14]",1.2676,1.1821,1.1111,1.0512,1.0,0.9685,0.9852,0.9944,0.9988,1.0
N5_M25,5,25,ppo,,2,11,4,24,"[20, 14, 11, 20, 13]",1.2821,1.1864,1.1111,1.0502,1.0,0.9462,0.9758,0.9913,0.9982,1.0
N5_M25,5,25,ppo,,2,12,0,68,"[40, 24, 53, 48, 53]",1.2156,1.1419,1.0842,1.038,1.0,0.9413,0.9737,0.9906,0.9981,1.0
N5_M25,5,25,ppo,,2,12,1,102,"[71, 62, 56, 48, 73]",1.1774,1.1146,1.0671,1.0299,1.0,0.9779,0.9907,0.9968,0.9994,1.0
N5_M25,5,25,ppo,,2,12,2,90,"[54, 54, 61, 64, 59]",1.0959,1.0633,1.0377,1.0171,1.0,0.9955,0.998,0.9993,0.9999,1.0
N5_M25,5,25,ppo,,2,12,3,113,"[69, 67, 61, 66, 64]",1.055,1.0349,1.0202,1.0089,1.0,0.9983,0.9993,0.9998,1.0,1.0
N5_M25,5,25,ppo,,2,12,4,300,"[196, 160, 200, 209, 87]",1.2265,1.1428,1.0821,1.0361,1.0,0.935,0.9732,0.991,0.9982,1.0
N5_M25,5,25,ppo,,2,13,0,81,"[59, 55, 53, 45, 45]",1.1479,1.0969,1.0574,1.0258,1.0,0.9884,0.995,0.9982,0.9996,1.0
N5_M25,5,25,ppo,,2,13,1,33,"[21, 28, 17, 26, 28]",1.1667,1.1143,1.0702,1.0325,1.0,0.9684,0.9849,0.9942,0.9988,1.0
N5_M25,5,25,ppo,,2,13,2,88,"[66, 62, 62, 65, 65]",1.0312,1.0214,1.0132,1.0061,1.0,0.9993,0.9997,0.9999,1.0,1.0
N5_M25,5,25,ppo,,2,13,3,75,"[49, 48, 52, 46, 45]",1.0833,1.0548,1.0325,1.0147,1.0,0.9974,0.9989,0.9996,0.9999,1.0
N5_M25,5,25,ppo,,2,13,4,44,"[24, 25, 29, 35, 32]",1.2069,1.1374,1.0822,1.0373,1.0,0.98,0.9911,0.9968,0.9993,1.0
N5_M25,5,25,ppo,,2,14,0,25,"[18, 20, 14, 19, 23]",1.2234,1.1548,1.0959,1.0448,1.0,0.9764,0.9885,0.9956,0.999,1.0
N5_M25,5,25,ppo,,2,14,1,46,"[29, 29, 35, 34, 38]",1.1515,1.1034,1.0633,1.0292,1.0,0.9887,0.9947,0.998,0.9996,1.0
N5_M25,5,25,ppo,,2,14,2,33,"[22, 21, 19, 23, 27]",1.2054,1.1377,1.083,1.0379,1.0,0.9862,0.9937,0.9977,0.9995,1.0
N5_M25,5,25,ppo,,2,14,3,31,"[17, 21, 21, 23, 26]",1.2037,1.1378,1.0837,1.0384,1.0,0.9818,0.9916,0.9969,0.9993,1.0
N5_M25,5,25,ppo,,2,14,4,27,"[15, 17, 17, 19, 17]",1.1176,1.0769,1.0455,1.0204,1.0,0.9945,0.9976,0.9992,0.9998,1.0
N5_M25,5,25,ppo,,2,15,0,162,"[94, 84, 84, 57, 94]",1.138,1.0835,1.0466,1.02,1.0,0.9738,0.9902,0.9969,0.9994,1.0
N5_M25,5,25,ppo,,2,15,1,277,"[151, 155, 167, 111, 129]",1.1711,1.1039,1.0582,1.0251,1.0,0.9807,0.9928,0.9977,0.9996,1.0
N5_M25,5,25,ppo,,2,15,2,69,"[50, 47, 42, 41, 36]",1.1574,1.1027,1.0606,1.0272,1.0,0.9874,0.9946,0.9981,0.9996,1.0
N5_M25,5,25,ppo,,2,15,3,162,"[72, 76, 86, 94, 90]",1.1244,1.0756,1.0423,1.0183,1.0,0.9902,0.9963,0.9989,0.9998,1.0
N5_M25,5,25,ppo,,2,15,4,154,"[110, 88, 99, 86, 54]",1.2586,1.1629,1.0936,1.0411,1.0,0.9559,0.982,0.994,0.9988,1.0
N5_M25,5,25,ppo,,2,16,0,174,"[87, 70, 69, 79, 67]",1.1694,1.0952,1.0507,1.0211,1.0,0.9899,0.9968,0.9991,0.9998,1.0
N5_M25,5,25,ppo,,2,16,1,39,"[24, 27, 37, 21, 26]",1.3704,1.25,1.1515,1.0694,1.0,0.9615,0.9821,0.9933,0.9986,1.0
N5_M25,5,25,ppo,,2,16,2,114,"[72, 24, 83, 67, 61]",1.3518,1.2173,1.1231,1.0535,1.0,0.9037,0.9609,0.9871,0.9975,1.0
N5_M25,5,25,ppo,,2,16,3,38,"[25, 22, 31, 25, 32]",1.1852,1.1261,1.0769,1.0355,1.0,0.9801,0.9907,0.9965,0.9993,1.0
N5_M25,5,25,ppo,,2,16,4,71,"[42, 41, 56, 45, 40]",1.25,1.1636,1.0967,1.0434,1.0,0.9833,0.9928,0.9975,0.9995,1.0
N5_M25,5,25,ppo,,2,17,0,91,"[67, 64, 51, 56, 53]",1.1512,1.0994,1.059,1.0266,1.0,0.9886,0.9951,0.9983,0.9996,1.0
N5_M25,5,25,ppo,,2,17,1,218,"[124, 134, 120, 130, 114]",1.0772,1.0487,1.028,1.0123,1.0,0.9968,0.9987,0.9996,0.9999,1.0
N5_M25,5,25,ppo,,2,17,2,300,"[155, 156, 143, 159, 92]",1.1277,1.0747,1.0408,1.0173,1.0,0.9693,0.9893,0.9968,0.9994,1.0
N5_M25,5,25,ppo,,2,17,3,32,"[19, 25, 24, 24, 20]",1.1161,1.0786,1.0478,1.022,1.0,0.9885,0.9947,0.998,0.9996,1.0
N5_M25,5,25,ppo,,2,17,4,77,"[39, 45, 50, 35, 36]",1.2195,1.135,1.0763,1.0331,1.0,0.9811,0.9928,0.9977,0.9996,1.0
N5_M25,5,25,ppo,,2,18,0,186,"[84, 73, 106, 110, 109]",1.1411,1.0859,1.0482,1.0208,1.0,0.9761,0.991,0.9972,0.9995,1.0
N5_M25,5,25,ppo,,2,18,1,40,"[19, 22, 29, 28, 33]",1.2595,1.172,1.1027,1.0465,1.0,0.9644,0.984,0.9942,0.9988,1.0
N5_M25,5,25,ppo,,2,18,2,74,"[34, 50, 48, 49, 38]",1.1416,1.0906,1.0526,1.0233,1.0,0.9783,0.991,0.9969,0.9994,1.0
N5_M25,5,25,ppo,,2,18,3,50,"[32, 29, 27, 36, 22]",1.2329,1.1483,1.0859,1.0379,1.0,0.9747,0.9896,0.9965,0.9993,1.0
N5_M25,5,25,ppo,,2,18,4,40,"[23, 28, 28, 32, 24]",1.1852,1.124,1.0746,1.034,1.0,0.9859,0.9936,0.9977,0.9995,1.0
N5_M25,5,25,ppo,,2,19,0,300,"[118, 118, 144, 80, 98]",1.2903,1.1531,1.0787,1.032,1.0,0.9642,0.9898,0.9973,0.9995,1.0
N5_M25,5,25,ppo,,2,19,1,221,"[91, 123, 112, 56, 78]",1.337,1.1871,1.099,1.0411,1.0,0.9368,0.9796,0.9942,0.999,1.0
N5_M25,5,25,ppo,,2,19,2,105,"[62, 55, 49, 25, 63]",1.2402,1.1422,1.0783,1.0334,1.0,0.9307,0.9746,0.9921,0.9986,1.0
N5_M25,5,25,ppo,,2,19,3,50,"[40, 34, 33, 21, 27]",1.2903,1.1888,1.1111,1.0497,1.0,0.9581,0.9819,0.9936,0.9987,1.0
N5_M25,5,25,ppo,,2,19,4,73,"[52, 41, 47, 25, 40]",1.2683,1.1684,1.0965,1.0423,1.0,0.9531,0.981,0.9937,0.9988,1.0
N5_M25,5,25,astar,median,-1,0,0,11,"[11, 5, 0, 4, 6]",2.1154,1.6541,1.358,1.1518,1.0,0.6828,0.8622,0.9543,0.9915,1.0
N5_M25,5,25,astar,median,-1,1,0,16,"[2, 0, 9, 16, 1]",2.8571,1.9512,1.4815,1.194,1.0,0.4585,0.7634,0.9264,0.9873,1.0
N5_M25,5,25,astar,median,-1,2,0,12,"[5, 8, 4, 12, 12]",1.4634,1.3115,1.1881,1.086,1.0,0.8555,0.9291,0.9729,0.9942,1.0
N5_M25,5,25,astar,median,-1,3,0,21,"[14, 21, 18, 0, 9]",1.6935,1.4433,1.2575,1.1141,1.0,0.7378,0.8732,0.9533,0.9905,1.0
N5_M25,5,25,astar,median,-1,4,0,16,"[8, 15, 1, 10, 1]",2.1429,1.6486,1.3478,1.1455,1.0,0.6266,0.839,0.9477,0.9904,1.0
N5_M25,5,25,astar,median,-1,5,0,148,"[14, 23, 20, 25, 16]",1.2755,1.0783,1.0322,1.0116,1.0,0.9575,0.9964,0.9994,0.9999,1.0
N5_M25,5,25,astar,median,-1,6,0,181,"[27, 29, 27, 27, 15]",1.16,1.0469,1.0194,1.007,1.0,0.9607,0.9965,0.9994,0.9999,1.0
N5_M25,5,25,astar,median,-1,7,0,41,"[17, 21, 4, 6, 9]",1.8421,1.383,1.1832,1.0714,1.0,0.753,0.9365,0.9847,0.9976,1.0
N5_M25,5,25,astar,median,-1,8,0,15,"[6, 11, 6, 15, 7]",1.6667,1.4286,1.25,1.1111,1.0,0.8672,0.9405,0.9789,0.9958,1.0
N5_M25,5,25,astar,median,-1,9,0,54,"[15, 15, 15, 24, 9]",1.5385,1.25,1.1207,1.0473,1.0,0.9135,0.98,0.9953,0.9993,1.0
N5_M25,5,25,astar,median,-1,10,0,20,"[12, 2, 2, 4, 13]",1.9697,1.4824,1.2406,1.0961,1.0,0.6463,0.8807,0.9674,0.9947,1.0
N5_M25,5,25,astar,median,-1,11,0,15,"[3, 13, 4, 10, 4]",1.9118,1.5254,1.2844,1.1197,1.0,0.7458,0.8983,0.9679,0.9942,1.0
N5_M25,5,25,astar,median,-1,12,0,17,"[14, 14, 13, 4, 16]",1.3115,1.2127,1.1301,1.0601,1.0,0.8934,0.9473,0.9796,0.9956,1.0
N5_M25,5,25,astar,median,-1,13,0,21,"[10, 15, 6, 21, 7]",1.7797,1.4894,1.2805,1.123,1.0,0.8181,0.9195,0.972,0.9945,1.0
N5_M25,5,25,astar,median,-1,14,0,15,"[3, 15, 5, 12, 5]",1.875,1.5385,1.3043,1.1321,1.0,0.7477,0.8867,0.9608,0.9924,1.0
N5_M25,5,25,astar,median,-1,15,0,23,"[7, 2, 7, 20, 23]",1.9492,1.5753,1.3218,1.1386,1.0,0.6753,0.8498,0.9476,0.9898,1.0
N5_M25,5,25,astar,median,-1,16,0,24,"[7, 8, 24, 0, 7]",2.6087,1.8605,1.4458,1.1823,1.0,0.5734,0.8245,0.946,0.9905,1.0
N5_M25,5,25,astar,median,-1,17,0,22,"[5, 7, 9, 11, 22]",2.037,1.6176,1.3415,1.1458,1.0,0.7674,0.9029,0.9682,0.994,1.0
N5_M25,5,25,astar,median,-1,18,0,23,"[7, 10, 10, 19, 5]",1.8627,1.4925,1.2651,1.1111,1.0,0.8192,0.9329,0.9796,0.9964,1.0
N5_M25,5,25,astar,median,-1,19,0,24,"[24, 4, 6, 15, 5]",2.2222,1.7021,1.3793,1.1594,1.0,0.6642,0.857,0.9536,0.9915,1.0
N5_M25,5,25,astar,minimax,-1,0,0,7,"[7, 7, 3, 6, 4]",1.2963,1.2069,1.129,1.0606,1.0,0.917,0.9577,0.9831,0.9962,1.0
N5_M25,5,25,astar,minimax,-1,1,0,59,"[4, 10, 10, 15, 5]",1.7045,1.2178,1.0914,1.0334,1.0,0.8309,0.9809,0.9966,0.9995,1.0
N5_M25,5,25,astar,minimax,-1,2,0,11,"[4, 8, 0, 11, 11]",1.6176,1.4013,1.236,1.1055,1.0,0.718,0.8578,0.9458,0.9887,1.0
N5_M25,5,25,astar,minimax,-1,3,0,117,"[29, 23, 22, 14, 26]",1.2719,1.1003,1.0443,1.0166,1.0,0.9535,0.9934,0.9987,0.9998,1.0
N5_M25,5,25,astar,minimax,-1,4,0,21,"[10, 17, 12, 13, 9]",1.3934,1.25,1.1446,1.0638,1.0,0.9504,0.9794,0.993,0.9986,1.0
N5_M25,5,25,astar,minimax,-1,5,0,18,"[9, 15, 15, 18, 11]",1.3235,1.2245,1.1392,1.0651,1.0,0.9475,0.974,0.9898,0.9978,1.0
N5_M25,5,25,astar,minimax,-1,6,0,15,"[14, 14, 12, 14, 9]",1.1111,1.0795,1.0507,1.0243,1.0,0.9764,0.9878,0.995,0.9988,1.0
N5_M25,5,25,astar,minimax,-1,7,0,28,"[18, 21, 13, 8, 20]",1.3125,1.1974,1.1136,1.05,1.0,0.9156,0.9645,0.988,0.9976,1.0
N5_M25,5,25,astar,minimax,-1,8,0,17,"[2, 13, 9, 16, 2]",1.9048,1.5403,1.2992,1.1279,1.0,0.6864,0.8599,0.9524,0.9909,1.0
N5_M25,5,25,astar,minimax,-1,9,0,156,"[15, 20, 15, 24, 15]",1.3483,1.0888,1.0357,1.0128,1.0,0.9595,0.9973,0.9996,0.9999,1.0
N5_M25,5,25,astar,minimax,-1,10,0,21,"[17, 5, 5, 9, 11]",1.8085,1.4634,1.25,1.105,1.0,0.8166,0.9313,0.979,0.9962,1.0
N5_M25,5,25,astar,minimax,-1,11,0,12,"[3, 10, 4, 12, 7]",1.6667,1.4286,1.25,1.1111,1.0,0.8151,0.9143,0.9691,0.9937,1.0
N5_M25,5,25,astar,minimax,-1,12,0,121,"[13, 19, 15, 7, 19]",1.3014,1.0801,1.0324,1.0117,1.0,0.9148,0.9935,0.9989,0.9999,1.0
N5_M25,5,25,astar,minimax,-1,13,0,17,"[12, 16, 5, 17, 4]",1.5741,1.3765,1.223,1.1003,1.0,0.7989,0.9023,0.9634,0.9924,1.0
N5_M25,5,25,astar,minimax,-1,14,0,11,"[9, 11, 10, 8, 10]",1.1458,1.1055,1.068,1.0329,1.0,0.9888,0.9941,0.9976,0.9994,1.0
N5_M25,5,25,astar,minimax,-1,15,0,125,"[8, 13, 14, 17, 20]",1.3889,1.0999,1.0402,1.0144,1.0,0.9274,0.9949,0.9992,0.9999,1.0
N5_M25,5,25,astar,minimax,-1,16,0,17,"[7, 14, 17, 6, 13]",1.4912,1.3281,1.1972,1.0897,1.0,0.8793,0.9423,0.9784,0.9954,1.0
N5_M25,5,25,astar,minimax,-1,17,0,119,"[16, 14, 14, 17, 18]",1.1392,1.0397,1.0163,1.0059,1.0,0.9898,0.9992,0.9999,1.0,1.0
N5_M25,5,25,astar,minimax,-1,18,0,39,"[10, 11, 7, 14, 4]",1.5217,1.2162,1.0996,1.038,1.0,0.878,0.9767,0.995,0.9993,1.0
N5_M25,5,25,astar,minimax,-1,19,0,20,"[20, 5, 2, 19, 8]",1.8519,1.5267,1.2987,1.1299,1.0,0.6829,0.8492,0.946,0.9893,1.0
