config,n,m,method,heuristic,train_seed,episode,sample,steps,per_robot_distances,worst_share_rho0,worst_share_rho0.25,worst_share_rho0.5,worst_share_rho0.75,worst_share_rho1,jainE_rho0,jainE_rho0.25,jainE_rho0.5,jainE_rho0.75,jainE_rho1
N2_M20,2,20,ppo,,0,0,0,34,"[26, 21]",1.1064,1.0718,1.0435,1.0199,1.0,0.9888,0.9949,0.9981,0.9996,1.0
N2_M20,2,20,ppo,,0,0,1,13,"[11, 10]",1.0476,1.0337,1.0213,1.0101,1.0,0.9977,0.9989,0.9995,0.9999,1.0
N2_M20,2,20,ppo,,0,0,2,11,"[11, 8]",1.1579,1.1139,1.0732,1.0353,1.0,0.9757,0.9872,0.9947,0.9988,1.0
N2_M20,2,20,ppo,,0,0,3,10,"[8, 8]",1.0,1.0,1.0,1.0,1.0,1.0,1.0,1.0,1.0,1.0
N2_M20,2,20,ppo,,0,0,4,13,"[11, 9]",1.1,1.0698,1.0435,1.0204,1.0,0.9901,0.9952,0.9981,0.9996,1.0
N2_M20,2,20,ppo,,0,1,0,10,"[9, 10]",1.0526,1.039,1.0256,1.0127,1.0,0.9972,0.9985,0.9993,0.9998,1.0
N2_M20,2,20,ppo,,0,1,1,11,"[10, 10]",1.0,1.0,1.0,1.0,1.0,1.0,1.0,1.0,1.0,1.0
N2_M20,2,20,ppo,,0,1,2,11,"[9, 10]",1.0526,1.038,1.0244,1.0118,1.0,0.9972,0.9986,0.9994,0.9999,1.0
N2_M20,2,20,ppo,,0,1,3,15,"[14, 13]",1.037,1.027,1.0175,1.0085,1.0,0.9986,0.9993,0.9997,0.9999,1.0
N2_M20,2,20,ppo,,0,1,4,24,"[13, 19]",1.1875,1.125,1.075,1.0341,1.0,0.966,0.9846,0.9944,0.9988,1.0
N2_M20,2,20,ppo,,0,2,0,22,"[19, 15]",1.1176,1.0822,1.0513,1.0241,1.0,0.9863,0.9933,0.9974,0.9994,1.0
N2_M20,2,20,ppo,,0,2,1,91,"[30, 32]",1.0323,1.0163,1.0082,1.0033,1.0,0.999,0.9997,0.9999,1.0,1.0
N2_M20,2,20,ppo,,0,2,2,52,"[24, 36]",1.2,1.1268,1.0732,1.0323,1.0,0.9615,0.9842,0.9947,0.999,1.0
N2_M20,2,20,ppo,,0,2,3,31,"[28, 20]",1.1667,1.1165,1.0727,1.0342,1.0,0.973,0.9866,0.9947,0.9988,1.0
N2_M20,2,20,ppo,,0,2,4,205,"[70, 106]",1.2045,1.1151,1.0614,1.0256,1.0,0.9598,0.9869,0.9962,0.9993,1.0
N2_M20,2,20,ppo,,0,3,0,57,"[20, 43]",1.3651,1.2277,1.1299,1.0568,1.0,0.8824,0.9507,0.9834,0.9968,1.0
N2_M20,2,20,ppo,,0,3,1,22,"[10, 20]",1.3333,1.2239,1.1351,1.0617,1.0,0.9,0.9523,0.9821,0.9962,1.0
N2_M20,2,20,ppo,,0,3,2,19,"[15, 17]",1.0625,1.0448,1.0286,1.0137,1.0,0.9961,0.998,0.9992,0.9998,1.0
N2_M20,2,20,ppo,,0,3,3,11,"[10, 9]",1.0526,1.038,1.0244,1.0118,1.0,0.9972,0.9986,0.9994,0.9999,1.0
N2_M20,2,20,ppo,,0,3,4,13,"[9, 10]",1.0526,1.0361,1.0222,1.0103,1.0,0.9972,0.9987,0.9995,0.9999,1.0
N2_M20,2,20,ppo,,0,4,0,18,"[9, 11]",1.1,1.0625,1.0357,1.0156,1.0,0.9901,0.9961,0.9987,0.9998,1.0
N2_M20,2,20,ppo,,0,4,1,14,"[12, 12]",1.0,1.0,1.0,1.0,1.0,1.0,1.0,1.0,1.0,1.0
N2_M20,2,20,ppo,,0,4,2,11,"[8, 9]",1.0588,1.0411,1.0256,1.012,1.0,0.9966,0.9983,0.9993,0.9999,1.0
N2_M20,2,20,ppo,,0,4,3,13,"[6, 9]",1.2,1.1268,1.0732,1.0323,1.0,0.9615,0.9842,0.9947,0.999,1.0
N2_M20,2,20,ppo,,0,4,4,19,"[12, 13]",1.04,1.0265,1.0159,1.0072,1.0,0.9984,0.9993,0.9997,0.9999,1.0
N2_M20,2,20,ppo,,0,5,0,59,"[27, 25]",1.0385,1.0219,1.0118,1.0049,1.0,0.9985,0.9995,0.9999,1.0,1.0
N2_M20,2,20,ppo,,0,5,1,24,"[19, 17]",1.0556,1.0385,1.0238,1.0111,1.0,0.9969,0.9985,0.9994,0.9999,1.0
N2_M20,2,20,ppo,,0,5,2,15,"[10, 11]",1.0476,1.0323,1.0196,1.009,1.0,0.9977,0.999,0.9996,0.9999,1.0
N2_M20,2,20,ppo,,0,5,3,65,"[42, 24]",1.2727,1.1646,1.0918,1.0395,1.0,0.9308,0.9736,0.9916,0.9984,1.0
N2_M20,2,20,ppo,,0,5,4,24,"[14, 16]",1.0667,1.0435,1.0256,1.0115,1.0,0.9956,0.9981,0.9993,0.9999,1.0
N2_M20,2,20,ppo,,0,6,0,7,"[7, 4]",1.2727,1.1915,1.12,1.0566,1.0,0.9308,0.9646,0.9858,0.9968,1.0
N2_M20,2,20,ppo,,0,6,1,3,"[3, 3]",1.0,1.0,1.0,1.0,1.0,1.0,1.0,1.0,1.0,1.0
N2_M20,2,20,ppo,,0,6,2,8,"[8, 8]",1.0,1.0,1.0,1.0,1.0,1.0,1.0,1.0,1.0,1.0
N2_M20,2,20,ppo,,0,6,3,5,"[5, 4]",1.1111,1.0811,1.0526,1.0256,1.0,0.9878,0.9935,0.9972,0.9993,1.0
N2_M20,2,20,ppo,,0,6,4,5,"[3, 5]",1.25,1.1765,1.1111,1.0526,1.0,0.9412,0.9698,0.9878,0.9972,1.0
N2_M20,2,20,ppo,,0,7,0,18,"[12, 13]",1.04,1.027,1.0164,1.0075,1.0,0.9984,0.9993,0.9997,0.9999,1.0
N2_M20,2,20,ppo,,0,7,1,6,"[6, 4]",1.2,1.1429,1.0909,1.0435,1.0,0.9615,0.98,0.9918,0.9981,1.0
N2_M20,2,20,ppo,,0,7,2,18,"[15, 9]",1.25,1.1667,1.1,1.0455,1.0,0.9412,0.973,0.9901,0.9979,1.0
N2_M20,2,20,ppo,,0,7,3,22,"[8, 11]",1.1579,1.0891,1.0476,1.0199,1.0,0.9757,0.9921,0.9977,0.9996,1.0
N2_M20,2,20,ppo,,0,7,4,6,"[6, 4]",1.2,1.1429,1.0909,1.0435,1.0,0.9615,0.98,0.9918,0.9981,1.0
N2_M20,2,20,ppo,,0,8,0,20,"[15, 11]",1.1538,1.1017,1.0606,1.0274,1.0,0.9769,0.9898,0.9963,0.9992,1.0
N2_M20,2,20,ppo,,0,8,1,26,"[12, 18]",1.2,1.1268,1.0732,1.0323,1.0,0.9615,0.9842,0.9947,0.999,1.0
N2_M20,2,20,ppo,,0,8,2,14,"[10, 8]",1.1111,1.0732,1.0435,1.0196,1.0,0.9878,0.9947,0.9981,0.9996,1.0
N2_M20,2,20,ppo,,0,8,3,9,"[8, 9]",1.0588,1.0435,1.0286,1.0141,1.0,0.9966,0.9981,0.9992,0.9998,1.0
N2_M20,2,20,ppo,,0,8,4,7,"[7, 7]",1.0,1.0,1.0,1.0,1.0,1.0,1.0,1.0,1.0,1.0
N2_M20,2,20,ppo,,0,9,0,15,"[11, 0]",2.0,1.5238,1.2683,1.1089,1.0,0.5,0.7847,0.9329,0.9883,1.0
N2_M20,2,20,ppo,,0,9,1,22,"[14, 11]",1.12,1.0756,1.0435,1.0191,1.0,0.9858,0.9943,0.9981,0.9996,1.0
N2_M20,2,20,ppo,,0,9,2,15,"[11, 11]",1.0,1.0,1.0,1.0,1.0,1.0,1.0,1.0,1.0,1.0
N2_M20,2,20,ppo,,0,9,3,4,"[4, 4]",1.0,1.0,1.0,1.0,1.0,1.0,1.0,1.0,1.0,1.0
N2_M20,2,20,ppo,,0,9,4,19,"[8, 8]",1.0,1.0,1.0,1.0,1.0,1.0,1.0,1.0,1.0,1.0
N2_M20,2,20,ppo,,0,10,0,8,"[6, 2]",1.5,1.3,1.1667,1.0714,1.0,0.8,0.9174,0.973,0.9949,1.0
N2_M20,2,20,ppo,,0,10,1,4,"[4, 2]",1.3333,1.2308,1.1429,1.0667,1.0,0.9,0.9494,0.98,0.9956,1.0
N2_M20,2,20,ppo,,0,10,2,17,"[9, 7]",1.125,1.0732,1.04,1.0169,1.0,0.9846,0.9947,0.9984,0.9997,1.0
N2_M20,2,20,ppo,,0,10,3,12,"[5, 3]",1.25,1.125,1.0625,1.025,1.0,0.9412,0.9846,0.9961,0.9994,1.0
N2_M20,2,20,ppo,,0,10,4,9,"[6, 6]",1.0,1.0,1.0,1.0,1.0,1.0,1.0,1.0,1.0,1.0
N2_M20,2,20,ppo,,0,11,0,6,"[6, 6]",1.0,1.0,1.0,1.0,1.0,1.0,1.0,1.0,1.0,1.0
N2_M20,2,20,ppo,,0,11,1,5,"[3, 5]",1.25,1.1765,1.1111,1.0526,1.0,0.9412,0.9698,0.9878,0.9972,1.0
N2_M20,2,20,ppo,,0,11,2,3,"[3, 2]",1.2,1.1429,1.0909,1.0435,1.0,0.9615,0.98,0.9918,0.9981,1.0
N2_M20,2,20,ppo,,0,11,3,4,"[4, 4]",1.0,1.0,1.0,1.0,1.0,1.0,1.0,1.0,1.0,1.0
N2_M20,2,20,ppo,,0,11,4,3,"[3, 3]",1.0,1.0,1.0,1.0,1.0,1.0,1.0,1.0,1.0,1.0
N2_M20,2,20,ppo,,0,12,0,30,"[19, 15]",1.1176,1.0741,1.0426,1.0187,1.0,0.9863,0.9945,0.9982,0.9997,1.0
N2_M20,2,20,ppo,,0,12,1,35,"[25, 16]",1.2195,1.1399,1.0811,1.0359,1.0,0.954,0.9808,0.9935,0.9987,1.0
N2_M20,2,20,ppo,,0,12,2,39,"[29, 24]",1.0943,1.0633,1.0382,1.0174,1.0,0.9912,0.996,0.9985,0.9997,1.0
N2_M20,2,20,ppo,,0,12,3,19,"[17, 6]",1.4783,1.3084,1.1803,1.0803,1.0,0.8138,0.9131,0.9685,0.9936,1.0
N2_M20,2,20,ppo,,0,12,4,51,"[30, 24]",1.1111,1.0682,1.0385,1.0167,1.0,0.9878,0.9954,0.9985,0.9997,1.0
N2_M20,2,20,ppo,,0,13,0,28,"[20, 19]",1.0256,1.0173,1.0105,1.0048,1.0,0.9993,0.9997,0.9999,1.0,1.0
N2_M20,2,20,ppo,,0,13,1,78,"[42, 46]",1.0455,1.0286,1.0164,1.0072,1.0,0.9979,0.9992,0.9997,0.9999,1.0
N2_M20,2,20,ppo,,0,13,2,33,"[26, 28]",1.037,1.0263,1.0167,1.0079,1.0,0.9986,0.9993,0.9997,0.9999,1.0
N2_M20,2,20,ppo,,0,13,3,56,"[28, 27]",1.0182,1.0108,1.006,1.0026,1.0,0.9997,0.9999,1.0,1.0,1.0
N2_M20,2,20,ppo,,0,13,4,30,"[23, 21]",1.0455,1.0312,1.0192,1.0089,1.0,0.9979,0.999,0.9996,0.9999,1.0
N2_M20,2,20,ppo,,0,14,0,18,"[6, 18]",1.5,1.3333,1.2,1.0909,1.0,0.8,0.9,0.9615,0.9918,1.0
N2_M20,2,20,ppo,,0,14,1,16,"[8, 14]",1.2727,1.1837,1.1111,1.0508,1.0,0.9308,0.9674,0.9878,0.9974,1.0
N2_M20,2,20,ppo,,0,14,2,8,"[6, 7]",1.0769,1.0545,1.0345,1.0164,1.0,0.9941,0.997,0.9988,0.9997,1.0
N2_M20,2,20,ppo,,0,14,3,11,"[8, 11]",1.1579,1.1139,1.0732,1.0353,1.0,0.9757,0.9872,0.9947,0.9988,1.0
N2_M20,2,20,ppo,,0,14,4,12,"[4, 11]",1.4667,1.3043,1.1795,1.0805,1.0,0.8212,0.9152,0.9688,0.9936,1.0
N2_M20,2,20,ppo,,0,15,0,38,"[18, 22]",1.1,1.0612,1.0345,1.0149,1.0,0.9901,0.9963,0.9988,0.9998,1.0
N2_M20,2,20,ppo,,0,15,1,14,"[6, 12]",1.3333,1.2195,1.1304,1.0588,1.0,0.9,0.954,0.9833,0.9966,1.0
N2_M20,2,20,ppo,,0,15,2,23,"[15, 14]",1.0345,1.0226,1.0133,1.006,1.0,0.9988,0.9995,0.9998,1.0,1.0
N2_M20,2,20,ppo,,0,15,3,31,"[19, 16]",1.0857,1.0539,1.0309,1.0136,1.0,0.9927,0.9971,0.999,0.9998,1.0
N2_M20,2,20,ppo,,0,15,4,37,"[16, 10]",1.2308,1.1184,1.06,1.0242,1.0,0.9494,0.9862,0.9964,0.9994,1.0
N2_M20,2,20,ppo,,0,16,0,8,"[7, 6]",1.0769,1.0545,1.0345,1.0164,1.0,0.9941,0.997,0.9988,0.9997,1.0
N2_M20,2,20,ppo,,0,16,1,6,"[6, 4]",1.2,1.1429,1.0909,1.0435,1.0,0.9615,0.98,0.9918,0.9981,1.0
N2_M20,2,20,ppo,,0,16,2,7,"[6, 6]",1.0,1.0,1.0,1.0,1.0,1.0,1.0,1.0,1.0,1.0
N2_M20,2,20,ppo,,0,16,3,7,"[6, 6]",1.0,1.0,1.0,1.0,1.0,1.0,1.0,1.0,1.0,1.0
N2_M20,2,20,ppo,,0,16,4,9,"[8, 8]",1.0,1.0,1.0,1.0,1.0,1.0,1.0,1.0,1.0,1.0
N2_M20,2,20,ppo,,0,17,0,7,"[7, 6]",1.0769,1.0566,1.037,1.0182,1.0,0.9941,0.9968,0.9986,0.9997,1.0
N2_M20,2,20,ppo,,0,17,1,5,"[5, 5]",1.0,1.0,1.0,1.0,1.0,1.0,1.0,1.0,1.0,1.0
N2_M20,2,20,ppo,,0,17,2,8,"[7, 7]",1.0,1.0,1.0,1.0,1.0,1.0,1.0,1.0,1.0,1.0
N2_M20,2,20,ppo,,0,17,3,7,"[6, 5]",1.0909,1.0638,1.04,1.0189,1.0,0.9918,0.9959,0.9984,0.9996,1.0
N2_M20,2,20,ppo,,0,17,4,5,"[5, 5]",1.0,1.0,1.0,1.0,1.0,1.0,1.0,1.0,1.0,1.0
N2_M20,2,20,ppo,,0,18,0,5,"[5, 4]",1.1111,1.0811,1.0526,1.0256,1.0,0.9878,0.9935,0.9972,0.9993,1.0
N2_M20,2,20,ppo,,0,18,1,8,"[8, 4]",1.3333,1.2308,1.1429,1.0667,1.0,0.9,0.9494,0.98,0.9956,1.0
N2_M20,2,20,ppo,,0,18,2,5,"[4, 5]",1.1111,1.0811,1.0526,1.0256,1.0,0.9878,0.9935,0.9972,0.9993,1.0
N2_M20,2,20,ppo,,0,18,3,14,"[14, 9]",1.2174,1.1546,1.098,1.0467,1.0,0.9549,0.9766,0.9905,0.9978,1.0
N2_M20,2,20,ppo,,0,18,4,6,"[4, 6]",1.2,1.1429,1.0909,1.0435,1.0,0.9615,0.98,0.9918,0.9981,1.0
N2_M20,2,20,ppo,,0,19,0,1,"[0, 1]",2.0,1.6,1.3333,1.1429,1.0,0.5,0.7353,0.9,0.98,1.0
N2_M20,2,20,ppo,,0,19,1,6,"[5, 4]",1.1111,1.0769,1.0476,1.0222,1.0,0.9878,0.9941,0.9977,0.9995,1.0
N2_M20,2,20,ppo,,0,19,2,2,"[1, 1]",1.0,1.0,1.0,1.0,1.0,1.0,1.0,1.0,1.0,1.0
N2_M20,2,20,ppo,,0,19,3,2,"[2, 2]",1.0,1.0,1.0,1.0,1.0,1.0,1.0,1.0,1.0,1.0
N2_M20,2,20,ppo,,0,19,4,1,"[1, 1]",1.0,1.0,1.0,1.0,1.0,1.0,1.0,1.0,1.0,1.0
N2_M20,2,20,ppo,,1,0,0,15,"[9, 12]",1.1429,1.0968,1.0588,1.027,1.0,0.98,0.9907,0.9966,0.9993,1.0
N2_M20,2,20,ppo,,1,0,1,15,"[9, 12]",1.1429,1.0968,1.0588,1.027,1.0,0.98,0.9907,0.9966,0.9993,1.0
N2_M20,2,20,ppo,,1,0,2,11,"[11, 8]",1.1579,1.1139,1.0732,1.0353,1.0,0.9757,0.9872,0.9947,0.9988,1.0
N2_M20,2,20,ppo,,1,0,3,12,"[11, 9]",1.1,1.0714,1.0455,1.0217,1.0,0.9901,0.9949,0.9979,0.9995,1.0
N2_M20,2,20,ppo,,1,0,4,13,"[11, 9]",1.1,1.0698,1.0435,1.0204,1.0,0.9901,0.9952,0.9981,0.9996,1.0
N2_M20,2,20,ppo,,1,1,0,15,"[8, 14]",1.2727,1.1875,1.1154,1.0536,1.0,0.9308,0.966,0.9869,0.9971,1.0
N2_M20,2,20,ppo,,1,1,1,13,"[12, 11]",1.0435,1.0316,1.0204,1.0099,1.0,0.9981,0.999,0.9996,0.9999,1.0
N2_M20,2,20,ppo,,1,1,2,15,"[8, 13]",1.2381,1.1613,1.098,1.045,1.0,0.9464,0.9746,0.9905,0.998,1.0
N2_M20,2,20,ppo,,1,1,3,16,"[15, 10]",1.2,1.1402,1.0877,1.0413,1.0,0.9615,0.9807,0.9924,0.9983,1.0
N2_M20,2,20,ppo,,1,1,4,16,"[10, 13]",1.1304,1.0891,1.0545,1.0252,1.0,0.9833,0.9921,0.997,0.9994,1.0
N2_M20,2,20,ppo,,1,2,0,29,"[24, 17]",1.1707,1.116,1.0707,1.0326,1.0,0.9717,0.9867,0.995,0.9989,1.0
N2_M20,2,20,ppo,,1,2,1,56,"[22, 16]",1.1579,1.0796,1.04,1.016,1.0,0.9757,0.9937,0.9984,0.9997,1.0
N2_M20,2,20,ppo,,1,2,2,53,"[23, 38]",1.2459,1.1557,1.0898,1.0396,1.0,0.943,0.9763,0.992,0.9984,1.0
N2_M20,2,20,ppo,,1,2,3,28,"[27, 19]",1.1739,1.1237,1.0784,1.0374,1.0,0.9706,0.9849,0.9939,0.9986,1.0
N2_M20,2,20,ppo,,1,2,4,59,"[19, 31]",1.24,1.1343,1.0714,1.0297,1.0,0.9455,0.9823,0.9949,0.9991,1.0
N2_M20,2,20,ppo,,1,3,0,14,"[12, 12]",1.0,1.0,1.0,1.0,1.0,1.0,1.0,1.0,1.0,1.0
N2_M20,2,20,ppo,,1,3,1,11,"[11, 11]",1.0,1.0,1.0,1.0,1.0,1.0,1.0,1.0,1.0,1.0
N2_M20,2,20,ppo,,1,3,2,20,"[7, 18]",1.44,1.287,1.1692,1.0759,1.0,0.8378,0.9239,0.9722,0.9943,1.0
N2_M20,2,20,ppo,,1,3,3,11,"[10, 8]",1.1111,1.0789,1.05,1.0238,1.0,0.9878,0.9938,0.9975,0.9994,1.0
N2_M20,2,20,ppo,,1,3,4,13,"[10, 10]",1.0,1.0,1.0,1.0,1.0,1.0,1.0,1.0,1.0,1.0
N2_M20,2,20,ppo,,1,4,0,13,"[8, 8]",1.0,1.0,1.0,1.0,1.0,1.0,1.0,1.0,1.0,1.0
N2_M20,2,20,ppo,,1,4,1,10,"[8, 9]",1.0588,1.0423,1.027,1.013,1.0,0.9966,0.9982,0.9993,0.9998,1.0
N2_M20,2,20,ppo,,1,4,2,11,"[9, 10]",1.0526,1.038,1.0244,1.0118,1.0,0.9972,0.9986,0.9994,0.9999,1.0
N2_M20,2,20,ppo,,1,4,3,10,"[3, 9]",1.5,1.3214,1.1875,1.0833,1.0,0.8,0.9064,0.966,0.9931,1.0
N2_M20,2,20,ppo,,1,4,4,8,"[5, 8]",1.2308,1.1636,1.1034,1.0492,1.0,0.9494,0.9739,0.9894,0.9976,1.0
N2_M20,2,20,ppo,,1,5,0,65,"[34, 28]",1.0968,1.057,1.0312,1.0133,1.0,0.9907,0.9968,0.999,0.9998,1.0
N2_M20,2,20,ppo,,1,5,1,32,"[19, 20]",1.0256,1.0166,1.0097,1.0043,1.0,0.9993,0.9997,0.9999,1.0,1.0
N2_M20,2,20,ppo,,1,5,2,126,"[75, 57]",1.1364,1.0833,1.0469,1.0203,1.0,0.9817,0.9931,0.9978,0.9996,1.0
N2_M20,2,20,ppo,,1,5,3,53,"[33, 27]",1.1,1.0629,1.0361,1.0159,1.0,0.9901,0.9961,0.9987,0.9997,1.0
N2_M20,2,20,ppo,,1,5,4,33,"[18, 24]",1.1429,1.0938,1.0556,1.025,1.0,0.98,0.9913,0.9969,0.9994,1.0
N2_M20,2,20,ppo,,1,6,0,7,"[7, 5]",1.1667,1.12,1.0769,1.037,1.0,0.973,0.9858,0.9941,0.9986,1.0
N2_M20,2,20,ppo,,1,6,1,3,"[3, 3]",1.0,1.0,1.0,1.0,1.0,1.0,1.0,1.0,1.0,1.0
N2_M20,2,20,ppo,,1,6,2,8,"[8, 8]",1.0,1.0,1.0,1.0,1.0,1.0,1.0,1.0,1.0,1.0
N2_M20,2,20,ppo,,1,6,3,5,"[5, 4]",1.1111,1.0811,1.0526,1.0256,1.0,0.9878,0.9935,0.9972,0.9993,1.0
N2_M20,2,20,ppo,,1,6,4,5,"[4, 5]",1.1111,1.0811,1.0526,1.0256,1.0,0.9878,0.9935,0.9972,0.9993,1.0
N2_M20,2,20,ppo,,1,7,0,8,"[7, 4]",1.2727,1.1837,1.1111,1.0508,1.0,0.9308,0.9674,0.9878,0.9974,1.0
N2_M20,2,20,ppo,,1,7,1,21,"[10, 15]",1.2,1.1282,1.0746,1.0331,1.0,0.9615,0.9838,0.9945,0.9989,1.0
N2_M20,2,20,ppo,,1,7,2,10,"[10, 3]",1.5385,1.3559,1.2121,1.0959,1.0,0.7752,0.8876,0.9569,0.9909,1.0
N2_M20,2,20,ppo,,1,7,3,10,"[9, 5]",1.2857,1.1935,1.1176,1.0541,1.0,0.9245,0.9639,0.9863,0.9971,1.0
N2_M20,2,20,ppo,,1,7,4,6,"[6, 3]",1.3333,1.2308,1.1429,1.0667,1.0,0.9,0.9494,0.98,0.9956,1.0
N2_M20,2,20,ppo,,1,8,0,25,"[19, 11]",1.2667,1.1714,1.1,1.0444,1.0,0.9336,0.9715,0.9901,0.998,1.0
N2_M20,2,20,ppo,,1,8,1,29,"[14, 17]",1.0968,1.0596,1.0337,1.0146,1.0,0.9907,0.9965,0.9989,0.9998,1.0
N2_M20,2,20,ppo,,1,8,2,10,"[10, 4]",1.4286,1.2903,1.1765,1.0811,1.0,0.8448,0.9223,0.9698,0.9935,1.0
N2_M20,2,20,ppo,,1,8,3,9,"[8, 9]",1.0588,1.0435,1.0286,1.0141,1.0,0.9966,0.9981,0.9992,0.9998,1.0
N2_M20,2,20,ppo,,1,8,4,13,"[11, 10]",1.0476,1.0337,1.0213,1.0101,1.0,0.9977,0.9989,0.9995,0.9999,1.0
N2_M20,2,20,ppo,,1,9,0,8,"[5, 4]",1.1111,1.0698,1.04,1.0175,1.0,0.9878,0.9952,0.9984,0.9997,1.0
N2_M20,2,20,ppo,,1,9,1,17,"[13, 7]",1.3,1.1915,1.1111,1.0492,1.0,0.9174,0.9646,0.9878,0.9976,1.0
N2_M20,2,20,ppo,,1,9,2,10,"[8, 6]",1.1429,1.0968,1.0588,1.027,1.0,0.98,0.9907,0.9966,0.9993,1.0
N2_M20,2,20,ppo,,1,9,3,12,"[8, 8]",1.0,1.0,1.0,1.0,1.0,1.0,1.0,1.0,1.0,1.0
N2_M20,2,20,ppo,,1,9,4,27,"[12, 12]",1.0,1.0,1.0,1.0,1.0,1.0,1.0,1.0,1.0,1.0
N2_M20,2,20,ppo,,1,10,0,8,"[7, 2]",1.5556,1.3488,1.2,1.0877,1.0,0.7642,0.8915,0.9615,0.9924,1.0
N2_M20,2,20,ppo,,1,10,1,3,"[2, 1]",1.3333,1.2,1.1111,1.0476,1.0,0.9,0.9615,0.9878,0.9977,1.0
N2_M20,2,20,ppo,,1,10,2,4,"[4, 2]",1.3333,1.2308,1.1429,1.0667,1.0,0.9,0.9494,0.98,0.9956,1.0
N2_M20,2,20,ppo,,1,10,3,3,"[3, 3]",1.0,1.0,1.0,1.0,1.0,1.0,1.0,1.0,1.0,1.0
N2_M20,2,20,ppo,,1,10,4,7,"[3, 5]",1.25,1.1579,1.0909,1.04,1.0,0.9412,0.9757,0.9918,0.9984,1.0
N2_M20,2,20,ppo,,1,11,0,20,"[14, 10]",1.1667,1.1071,1.0625,1.0278,1.0,0.973,0.9887,0.9961,0.9992,1.0
N2_M20,2,20,ppo,,1,11,1,8,"[6, 8]",1.1429,1.1034,1.0667,1.0323,1.0,0.98,0.9894,0.9956,0.999,1.0
N2_M20,2,20,ppo,,1,11,2,5,"[3, 4]",1.1429,1.0968,1.0588,1.027,1.0,0.98,0.9907,0.9966,0.9993,1.0
N2_M20,2,20,ppo,,1,11,3,4,"[4, 4]",1.0,1.0,1.0,1.0,1.0,1.0,1.0,1.0,1.0,1.0
N2_M20,2,20,ppo,,1,11,4,11,"[8, 7]",1.0667,1.0448,1.027,1.0123,1.0,0.9956,0.998,0.9993,0.9998,1.0
N2_M20,2,20,ppo,,1,12,0,89,"[29, 61]",1.3556,1.2143,1.1194,1.0513,1.0,0.8878,0.9561,0.9859,0.9974,1.0
N2_M20,2,20,ppo,,1,12,1,29,"[22, 10]",1.375,1.2338,1.1333,1.0583,1.0,0.8767,0.9482,0.9825,0.9966,1.0
N2_M20,2,20,ppo,,1,12,2,27,"[22, 15]",1.1892,1.1273,1.0769,1.0352,1.0,0.9654,0.9841,0.9941,0.9988,1.0
N2_M20,2,20,ppo,,1,12,3,40,"[28, 22]",1.12,1.0783,1.0462,1.0207,1.0,0.9858,0.9939,0.9979,0.9996,1.0
N2_M20,2,20,ppo,,1,12,4,51,"[29, 25]",1.0741,1.0455,1.0256,1.0111,1.0,0.9945,0.9979,0.9993,0.9999,1.0
N2_M20,2,20,ppo,,1,13,0,34,"[17, 18]",1.0286,1.0173,1.0097,1.0042,1.0,0.9992,0.9997,0.9999,1.0,1.0
N2_M20,2,20,ppo,,1,13,1,52,"[19, 28]",1.1915,1.1102,1.0596,1.0251,1.0,0.9646,0.988,0.9965,0.9994,1.0
N2_M20,2,20,ppo,,1,13,2,122,"[40, 48]",1.0909,1.0472,1.0241,1.0098,1.0,0.9918,0.9978,0.9994,0.9999,1.0
N2_M20,2,20,ppo,,1,13,3,156,"[49, 71]",1.1833,1.0982,1.0509,1.0208,1.0,0.9675,0.9904,0.9974,0.9996,1.0
N2_M20,2,20,ppo,,1,13,4,30,"[17, 21]",1.1053,1.069,1.0408,1.0183,1.0,0.989,0.9953,0.9983,0.9997,1.0
N2_M20,2,20,ppo,,1,14,0,12,"[3, 12]",1.6,1.3913,1.2308,1.1034,1.0,0.7353,0.8672,0.9494,0.9894,1.0
N2_M20,2,20,ppo,,1,14,1,17,"[9, 15]",1.25,1.1698,1.1034,1.0476,1.0,0.9412,0.972,0.9894,0.9977,1.0
N2_M20,2,20,ppo,,1,14,2,9,"[7, 8]",1.0667,1.0476,1.0303,1.0145,1.0,0.9956,0.9977,0.9991,0.9998,1.0
N2_M20,2,20,ppo,,1,14,3,11,"[8, 11]",1.1579,1.1139,1.0732,1.0353,1.0,0.9757,0.9872,0.9947,0.9988,1.0
N2_M20,2,20,ppo,,1,14,4,13,"[7, 11]",1.2222,1.15,1.0909,1.0417,1.0,0.9529,0.978,0.9918,0.9983,1.0
N2_M20,2,20,ppo,,1,15,0,65,"[10, 33]",1.5349,1.2664,1.1329,1.0531,1.0,0.7775,0.9337,0.9826,0.9972,1.0
N2_M20,2,20,ppo,,1,15,1,189,"[101, 77]",1.1348,1.0789,1.0432,1.0183,1.0,0.9821,0.9938,0.9981,0.9997,1.0
N2_M20,2,20,ppo,,1,15,2,24,"[16, 19]",1.0857,1.0588,1.0361,1.0168,1.0,0.9927,0.9966,0.9987,0.9997,1.0
N2_M20,2,20,ppo,,1,15,3,66,"[23, 32]",1.1636,1.0909,1.0481,1.02,1.0,0.9739,0.9918,0.9977,0.9996,1.0
N2_M20,2,20,ppo,,1,15,4,124,"[47, 25]",1.3056,1.1422,1.0688,1.027,1.0,0.9146,0.9802,0.9953,0.9993,1.0
N2_M20,2,20,ppo,,1,16,0,6,"[6, 5]",1.0909,1.0667,1.0435,1.0213,1.0,0.9918,0.9956,0.9981,0.9995,1.0
N2_M20,2,20,ppo,,1,16,1,6,"[6, 4]",1.2,1.1429,1.0909,1.0435,1.0,0.9615,0.98,0.9918,0.9981,1.0
N2_M20,2,20,ppo,,1,16,2,5,"[4, 4]",1.0,1.0,1.0,1.0,1.0,1.0,1.0,1.0,1.0,1.0
N2_M20,2,20,ppo,,1,16,3,17,"[9, 13]",1.1818,1.12,1.0714,1.0323,1.0,0.968,0.9858,0.9949,0.999,1.0
N2_M20,2,20,ppo,,1,16,4,15,"[12, 12]",1.0,1.0,1.0,1.0,1.0,1.0,1.0,1.0,1.0,1.0
N2_M20,2,20,ppo,,1,17,0,7,"[6, 6]",1.0,1.0,1.0,1.0,1.0,1.0,1.0,1.0,1.0,1.0
N2_M20,2,20,ppo,,1,17,1,6,"[4, 6]",1.2,1.1429,1.0909,1.0435,1.0,0.9615,0.98,0.9918,0.9981,1.0
N2_M20,2,20,ppo,,1,17,2,8,"[7, 8]",1.0667,1.0492,1.0323,1.0159,1.0,0.9956,0.9976,0.999,0.9997,1.0
N2_M20,2,20,ppo,,1,17,3,7,"[6, 5]",1.0909,1.0638,1.04,1.0189,1.0,0.9918,0.9959,0.9984,0.9996,1.0
N2_M20,2,20,ppo,,1,17,4,5,"[5, 5]",1.0,1.0,1.0,1.0,1.0,1.0,1.0,1.0,1.0,1.0
N2_M20,2,20,ppo,,1,18,0,5,"[5, 4]",1.1111,1.0811,1.0526,1.0256,1.0,0.9878,0.9935,0.9972,0.9993,1.0
N2_M20,2,20,ppo,,1,18,1,8,"[8, 6]",1.1429,1.1034,1.0667,1.0323,1.0,0.98,0.9894,0.9956,0.999,1.0
N2_M20,2,20,ppo,,1,18,2,5,"[4, 5]",1.1111,1.0811,1.0526,1.0256,1.0,0.9878,0.9935,0.9972,0.9993,1.0
N2_M20,2,20,ppo,,1,18,3,6,"[6, 6]",1.0,1.0,1.0,1.0,1.0,1.0,1.0,1.0,1.0,1.0
N2_M20,2,20,ppo,,1,18,4,5,"[4, 5]",1.1111,1.0811,1.0526,1.0256,1.0,0.9878,0.9935,0.9972,0.9993,1.0
N2_M20,2,20,ppo,,1,19,0,1,"[0, 1]",2.0,1.6,1.3333,1.1429,1.0,0.5,0.7353,0.9,0.98,1.0
N2_M20,2,20,ppo,,1,19,1,1,"[1, 1]",1.0,1.0,1.0,1.0,1.0,1.0,1.0,1.0,1.0,1.0
N2_M20,2,20,ppo,,1,19,2,2,"[1, 1]",1.0,1.0,1.0,1.0,1.0,1.0,1.0,1.0,1.0,1.0
N2_M20,2,20,ppo,,1,19,3,2,"[1, 2]",1.3333,1.2308,1.1429,1.0667,1.0,0.9,0.9494,0.98,0.9956,1.0
N2_M20,2,20,ppo,,1,19,4,1,"[1, 1]",1.0,1.0,1.0,1.0,1.0,1.0,1.0,1.0,1.0,1.0
N2_M20,2,20,ppo,,2,0,0,51,"[37, 28]",1.1385,1.0909,1.0539,1.0243,1.0,0.9812,0.9918,0.9971,0.9994,1.0
N2_M20,2,20,ppo,,2,0,1,12,"[10, 9]",1.0526,1.037,1.0233,1.011,1.0,0.9972,0.9986,0.9995,0.9999,1.0
N2_M20,2,20,ppo,,2,0,2,12,"[9, 9]",1.0,1.0,1.0,1.0,1.0,1.0,1.0,1.0,1.0,1.0
N2_M20,2,20,ppo,,2,0,3,12,"[7, 8]",1.0667,1.0435,1.0256,1.0115,1.0,0.9956,0.9981,0.9993,0.9999,1.0
N2_M20,2,20,ppo,,2,0,4,15,"[13, 11]",1.0833,1.0588,1.037,1.0175,1.0,0.9931,0.9966,0.9986,0.9997,1.0
N2_M20,2,20,ppo,,2,1,0,16,"[10, 15]",1.2,1.1402,1.0877,1.0413,1.0,0.9615,0.9807,0.9924,0.9983,1.0
N2_M20,2,20,ppo,,2,1,1,13,"[12, 10]",1.0909,1.0652,1.0417,1.02,1.0,0.9918,0.9958,0.9983,0.9996,1.0
N2_M20,2,20,ppo,,2,1,2,12,"[10, 11]",1.0476,1.0345,1.0222,1.0108,1.0,0.9977,0.9988,0.9995,0.9999,1.0
N2_M20,2,20,ppo,,2,1,3,15,"[14, 9]",1.2174,1.1515,1.0943,1.0442,1.0,0.9549,0.9776,0.9912,0.998,1.0
N2_M20,2,20,ppo,,2,1,4,16,"[11, 13]",1.0833,1.0577,1.0357,1.0167,1.0,0.9931,0.9967,0.9987,0.9997,1.0
N2_M20,2,20,ppo,,2,2,0,50,"[26, 34]",1.1333,1.0857,1.05,1.0222,1.0,0.9825,0.9927,0.9975,0.9995,1.0
N2_M20,2,20,ppo,,2,2,1,46,"[15, 27]",1.2857,1.1651,1.0896,1.0377,1.0,0.9245,0.9735,0.992,0.9986,1.0
N2_M20,2,20,ppo,,2,2,2,27,"[21, 16]",1.1351,1.0909,1.0549,1.0251,1.0,0.9821,0.9918,0.997,0.9994,1.0
N2_M20,2,20,ppo,,2,2,3,19,"[19, 15]",1.1176,1.0857,1.0556,1.027,1.0,0.9863,0.9927,0.9969,0.9993,1.0
N2_M20,2,20,ppo,,2,2,4,16,"[11, 8]",1.1579,1.1011,1.0588,1.0261,1.0,0.9757,0.9899,0.9966,0.9993,1.0
N2_M20,2,20,ppo,,2,3,0,15,"[13, 12]",1.04,1.0286,1.0182,1.0087,1.0,0.9984,0.9992,0.9997,0.9999,1.0
N2_M20,2,20,ppo,,2,3,1,11,"[10, 11]",1.0476,1.0353,1.0233,1.0115,1.0,0.9977,0.9988,0.9995,0.9999,1.0
N2_M20,2,20,ppo,,2,3,2,26,"[21, 20]",1.0244,1.0171,1.0108,1.0051,1.0,0.9994,0.9997,0.9999,1.0,1.0
N2_M20,2,20,ppo,,2,3,3,12,"[12, 9]",1.1429,1.1034,1.0667,1.0323,1.0,0.98,0.9894,0.9956,0.999,1.0
N2_M20,2,20,ppo,,2,3,4,13,"[9, 10]",1.0526,1.0361,1.0222,1.0103,1.0,0.9972,0.9987,0.9995,0.9999,1.0
N2_M20,2,20,ppo,,2,4,0,18,"[6, 13]",1.3684,1.2258,1.1273,1.0551,1.0,0.8805,0.9515,0.9841,0.997,1.0
N2_M20,2,20,ppo,,2,4,1,24,"[17, 17]",1.0,1.0,1.0,1.0,1.0,1.0,1.0,1.0,1.0,1.0
N2_M20,2,20,ppo,,2,4,2,11,"[8, 10]",1.1111,1.0789,1.05,1.0238,1.0,0.9878,0.9938,0.9975,0.9994,1.0
N2_M20,2,20,ppo,,2,4,3,12,"[5, 9]",1.2857,1.1818,1.1053,1.0465,1.0,0.9245,0.968,0.989,0.9978,1.0
N2_M20,2,20,ppo,,2,4,4,15,"[11, 12]",1.0435,1.0303,1.0189,1.0088,1.0,0.9981,0.9991,0.9996,0.9999,1.0
N2_M20,2,20,ppo,,2,5,0,17,"[13, 12]",1.04,1.0275,1.0169,1.0079,1.0,0.9984,0.9992,0.9997,0.9999,1.0
N2_M20,2,20,ppo,,2,5,1,54,"[39, 41]",1.025,1.0172,1.0106,1.005,1.0,0.9994,0.9997,0.9999,1.0,1.0
N2_M20,2,20,ppo,,2,5,2,52,"[36, 38]",1.027,1.0184,1.0112,1.0052,1.0,0.9993,0.9997,0.9999,1.0,1.0
N2_M20,2,20,ppo,,2,5,3,9,"[7, 8]",1.0667,1.0476,1.0303,1.0145,1.0,0.9956,0.9977,0.9991,0.9998,1.0
N2_M20,2,20,ppo,,2,5,4,17,"[10, 15]",1.2,1.1376,1.0847,1.0394,1.0,0.9615,0.9814,0.9929,0.9985,1.0
N2_M20,2,20,ppo,,2,6,0,6,"[6, 4]",1.2,1.1429,1.0909,1.0435,1.0,0.9615,0.98,0.9918,0.9981,1.0
N2_M20,2,20,ppo,,2,6,1,5,"[4, 5]",1.1111,1.0811,1.0526,1.0256,1.0,0.9878,0.9935,0.9972,0.9993,1.0
N2_M20,2,20,ppo,,2,6,2,6,"[5, 6]",1.0909,1.0667,1.0435,1.0213,1.0,0.9918,0.9956,0.9981,0.9995,1.0
N2_M20,2,20,ppo,,2,6,3,5,"[5, 4]",1.1111,1.0811,1.0526,1.0256,1.0,0.9878,0.9935,0.9972,0.9993,1.0
N2_M20,2,20,ppo,,2,6,4,5,"[3, 5]",1.25,1.1765,1.1111,1.0526,1.0,0.9412,0.9698,0.9878,0.9972,1.0
N2_M20,2,20,ppo,,2,7,0,8,"[8, 5]",1.2308,1.1636,1.1034,1.0492,1.0,0.9494,0.9739,0.9894,0.9976,1.0
N2_M20,2,20,ppo,,2,7,1,10,"[9, 8]",1.0588,1.0423,1.027,1.013,1.0,0.9966,0.9982,0.9993,0.9998,1.0
N2_M20,2,20,ppo,,2,7,2,35,"[22, 19]",1.0732,1.0466,1.027,1.012,1.0,0.9947,0.9978,0.9993,0.9999,1.0
N2_M20,2,20,ppo,,2,7,3,6,"[6, 3]",1.3333,1.2308,1.1429,1.0667,1.0,0.9,0.9494,0.98,0.9956,1.0
N2_M20,2,20,ppo,,2,7,4,6,"[6, 4]",1.2,1.1429,1.0909,1.0435,1.0,0.9615,0.98,0.9918,0.9981,1.0
N2_M20,2,20,ppo,,2,8,0,27,"[19, 18]",1.027,1.0182,1.011,1.005,1.0,0.9993,0.9997,0.9999,1.0,1.0
N2_M20,2,20,ppo,,2,8,1,22,"[13, 16]",1.1034,1.0687,1.0411,1.0186,1.0,0.9894,0.9953,0.9983,0.9997,1.0
N2_M20,2,20,ppo,,2,8,2,14,"[10, 8]",1.1111,1.0732,1.0435,1.0196,1.0,0.9878,0.9947,0.9981,0.9996,1.0
N2_M20,2,20,ppo,,2,8,3,11,"[9, 11]",1.1,1.0732,1.0476,1.0233,1.0,0.9901,0.9947,0.9977,0.9995,1.0
N2_M20,2,20,ppo,,2,8,4,7,"[7, 7]",1.0,1.0,1.0,1.0,1.0,1.0,1.0,1.0,1.0,1.0
N2_M20,2,20,ppo,,2,9,0,22,"[15, 5]",1.5,1.2885,1.1562,1.0658,1.0,0.8,0.9232,0.9762,0.9957,1.0
N2_M20,2,20,ppo,,2,9,1,19,"[13, 9]",1.1818,1.1154,1.0667,1.0294,1.0,0.968,0.9869,0.9956,0.9991,1.0
N2_M20,2,20,ppo,,2,9,2,17,"[13, 13]",1.0,1.0,1.0,1.0,1.0,1.0,1.0,1.0,1.0,1.0
N2_M20,2,20,ppo,,2,9,3,10,"[8, 8]",1.0,1.0,1.0,1.0,1.0,1.0,1.0,1.0,1.0,1.0
N2_M20,2,20,ppo,,2,9,4,19,"[8, 8]",1.0,1.0,1.0,1.0,1.0,1.0,1.0,1.0,1.0,1.0
N2_M20,2,20,ppo,,2,10,0,8,"[6, 2]",1.5,1.3,1.1667,1.0714,1.0,0.8,0.9174,0.973,0.9949,1.0
N2_M20,2,20,ppo,,2,10,1,3,"[2, 1]",1.3333,1.2,1.1111,1.0476,1.0,0.9,0.9615,0.9878,0.9977,1.0
N2_M20,2,20,ppo,,2,10,2,2,"[2, 2]",1.0,1.0,1.0,1.0,1.0,1.0,1.0,1.0,1.0,1.0
N2_M20,2,20,ppo,,2,10,3,2,"[2, 2]",1.0,1.0,1.0,1.0,1.0,1.0,1.0,1.0,1.0,1.0
N2_M20,2,20,ppo,,2,10,4,4,"[2, 4]",1.3333,1.2308,1.1429,1.0667,1.0,0.9,0.9494,0.98,0.9956,1.0
N2_M20,2,20,ppo,,2,11,0,10,"[8, 7]",1.0667,1.0462,1.0286,1.0133,1.0,0.9956,0.9979,0.9992,0.9998,1.0
N2_M20,2,20,ppo,,2,11,1,5,"[2, 5]",1.4286,1.2903,1.1765,1.0811,1.0,0.8448,0.9223,0.9698,0.9935,1.0
N2_M20,2,20,ppo,,2,11,2,4,"[3, 3]",1.0,1.0,1.0,1.0,1.0,1.0,1.0,1.0,1.0,1.0
N2_M20,2,20,ppo,,2,11,3,4,"[4, 4]",1.0,1.0,1.0,1.0,1.0,1.0,1.0,1.0,1.0,1.0
N2_M20,2,20,ppo,,2,11,4,6,"[6, 5]",1.0909,1.0667,1.0435,1.0213,1.0,0.9918,0.9956,0.9981,0.9995,1.0
N2_M20,2,20,ppo,,2,12,0,38,"[22, 25]",1.0638,1.0415,1.0244,1.0109,1.0,0.9959,0.9983,0.9994,0.9999,1.0
N2_M20,2,20,ppo,,2,12,1,29,"[25, 14]",1.2821,1.1886,1.1134,1.0516,1.0,0.9263,0.9657,0.9873,0.9973,1.0
N2_M20,2,20,ppo,,2,12,2,27,"[21, 13]",1.2353,1.1538,1.0909,1.0408,1.0,0.9475,0.9769,0.9918,0.9983,1.0
N2_M20,2,20,ppo,,2,12,3,15,"[13, 3]",1.625,1.3846,1.2174,1.0943,1.0,0.7191,0.8711,0.9549,0.9912,1.0
N2_M20,2,20,ppo,,2,12,4,62,"[40, 30]",1.1429,1.0898,1.0515,1.0226,1.0,0.98,0.992,0.9974,0.9995,1.0
N2_M20,2,20,ppo,,2,13,0,22,"[18, 17]",1.0286,1.0201,1.0127,1.006,1.0,0.9992,0.9996,0.9998,1.0,1.0
N2_M20,2,20,ppo,,2,13,1,25,"[22, 17]",1.1282,1.0898,1.0562,1.0265,1.0,0.9838,0.992,0.9969,0.9993,1.0
N2_M20,2,20,ppo,,2,13,2,87,"[31, 58]",1.3034,1.1837,1.1027,1.0442,1.0,0.9157,0.9674,0.9896,0.9981,1.0
N2_M20,2,20,ppo,,2,13,3,43,"[27, 16]",1.2558,1.1535,1.0853,1.0365,1.0,0.9386,0.977,0.9928,0.9987,1.0
N2_M20,2,20,ppo,,2,13,4,29,"[21, 21]",1.0,1.0,1.0,1.0,1.0,1.0,1.0,1.0,1.0,1.0
N2_M20,2,20,ppo,,2,14,0,12,"[3, 12]",1.6,1.3913,1.2308,1.1034,1.0,0.7353,0.8672,0.9494,0.9894,1.0
N2_M20,2,20,ppo,,2,14,1,14,"[4, 12]",1.5,1.3158,1.1818,1.08,1.0,0.8,0.9093,0.968,0.9936,1.0
N2_M20,2,20,ppo,,2,14,2,8,"[6, 7]",1.0769,1.0545,1.0345,1.0164,1.0,0.9941,0.997,0.9988,0.9997,1.0
N2_M20,2,20,ppo,,2,14,3,11,"[8, 11]",1.1579,1.1139,1.0732,1.0353,1.0,0.9757,0.9872,0.9947,0.9988,1.0
N2_M20,2,20,ppo,,2,14,4,17,"[9, 14]",1.2174,1.1456,1.0877,1.04,1.0,0.9549,0.9792,0.9924,0.9984,1.0
N2_M20,2,20,ppo,,2,15,0,129,"[34, 46]",1.15,1.0723,1.0355,1.0141,1.0,0.978,0.9948,0.9987,0.9998,1.0
N2_M20,2,20,ppo,,2,15,1,29,"[11, 25]",1.3889,1.253,1.1489,1.0667,1.0,0.8686,0.9398,0.9783,0.9956,1.0
N2_M20,2,20,ppo,,2,15,2,30,"[22, 20]",1.0476,1.0323,1.0196,1.009,1.0,0.9977,0.999,0.9996,0.9999,1.0
N2_M20,2,20,ppo,,2,15,3,24,"[16, 12]",1.1429,1.0909,1.0526,1.0233,1.0,0.98,0.9918,0.9972,0.9995,1.0
N2_M20,2,20,ppo,,2,15,4,88,"[26, 32]",1.1034,1.0514,1.0256,1.0102,1.0,0.9894,0.9974,0.9993,0.9999,1.0
N2_M20,2,20,ppo,,2,16,0,6,"[6, 5]",1.0909,1.0667,1.0435,1.0213,1.0,0.9918,0.9956,0.9981,0.9995,1.0
N2_M20,2,20,ppo,,2,16,1,5,"[5, 3]",1.25,1.1765,1.1111,1.0526,1.0,0.9412,0.9698,0.9878,0.9972,1.0
N2_M20,2,20,ppo,,2,16,2,7,"[6, 7]",1.0769,1.0566,1.037,1.0182,1.0,0.9941,0.9968,0.9986,0.9997,1.0
N2_M20,2,20,ppo,,2,16,3,7,"[6, 6]",1.0,1.0,1.0,1.0,1.0,1.0,1.0,1.0,1.0,1.0
N2_M20,2,20,ppo,,2,16,4,9,"[9, 8]",1.0588,1.0435,1.0286,1.0141,1.0,0.9966,0.9981,0.9992,0.9998,1.0
N2_M20,2,20,ppo,,2,17,0,6,"[6, 5]",1.0909,1.0667,1.0435,1.0213,1.0,0.9918,0.9956,0.9981,0.9995,1.0
N2_M20,2,20,ppo,,2,17,1,7,"[6, 7]",1.0769,1.0566,1.037,1.0182,1.0,0.9941,0.9968,0.9986,0.9997,1.0
N2_M20,2,20,ppo,,2,17,2,6,"[6, 5]",1.0909,1.0667,1.0435,1.0213,1.0,0.9918,0.9956,0.9981,0.9995,1.0
N2_M20,2,20,ppo,,2,17,3,9,"[8, 7]",1.0667,1.0476,1.0303,1.0145,1.0,0.9956,0.9977,0.9991,0.9998,1.0
N2_M20,2,20,ppo,,2,17,4,11,"[9, 9]",1.0,1.0,1.0,1.0,1.0,1.0,1.0,1.0,1.0,1.0
N2_M20,2,20,ppo,,2,18,0,5,"[5, 5]",1.0,1.0,1.0,1.0,1.0,1.0,1.0,1.0,1.0,1.0
N2_M20,2,20,ppo,,2,18,1,8,"[8, 6]",1.1429,1.1034,1.0667,1.0323,1.0,0.98,0.9894,0.9956,0.999,1.0
N2_M20,2,20,ppo,,2,18,2,6,"[5, 5]",1.0,1.0,1.0,1.0,1.0,1.0,1.0,1.0,1.0,1.0
N2_M20,2,20,ppo,,2,18,3,7,"[7, 6]",1.0769,1.0566,1.037,1.0182,1.0,0.9941,0.9968,0.9986,0.9997,1.0
N2_M20,2,20,ppo,,2,18,4,5,"[4, 5]",1.1111,1.0811,1.0526,1.0256,1.0,0.9878,0.9935,0.9972,0.9993,1.0
N2_M20,2,20,ppo,,2,19,0,1,"[0, 1]",2.0,1.6,1.3333,1.1429,1.0,0.5,0.7353,0.9,0.98,1.0
N2_M20,2,20,ppo,,2,19,1,6,"[5, 4]",1.1111,1.0769,1.0476,1.0222,1.0,0.9878,0.9941,0.9977,0.9995,1.0
N2_M20,2,20,ppo,,2,19,2,2,"[1, 1]",1.0,1.0,1.0,1.0,1.0,1.0,1.0,1.0,1.0,1.0
N2_M20,2,20,ppo,,2,19,3,5,"[5, 4]",1.1111,1.0811,1.0526,1.0256,1.0,0.9878,0.9935,0.9972,0.9993,1.0
N2_M20,2,20,ppo,,2,19,4,1,"[1, 1]",1.0,1.0,1.0,1.0,1.0,1.0,1.0,1.0,1.0,1.0
N2_M20,2,20,astar,bbox,-1,0,0,25,"[11, 12]",1.0435,1.0252,1.0137,1.0058,1.0,0.9981,0.9994,0.9998,1.0,1.0
N2_M20,2,20,astar,bbox,-1,1,0,12,"[11, 12]",1.0435,1.0323,1.0213,1.0105,1.0,0.9981,0.999,0.9995,0.9999,1.0
N2_M20,2,20,astar,bbox,-1,2,0,9,"[8, 7]",1.0667,1.0476,1.0303,1.0145,1.0,0.9956,0.9977,0.9991,0.9998,1.0
N2_M20,2,20,astar,bbox,-1,3,0,15,"[9, 14]",1.2174,1.1515,1.0943,1.0442,1.0,0.9549,0.9776,0.9912,0.998,1.0
N2_M20,2,20,astar,bbox,-1,4,0,6,"[6, 6]",1.0,1.0,1.0,1.0,1.0,1.0,1.0,1.0,1.0,1.0
N2_M20,2,20,astar,bbox,-1,5,0,14,"[11, 9]",1.1,1.0682,1.0417,1.0192,1.0,0.9901,0.9954,0.9983,0.9996,1.0
N2_M20,2,20,astar,bbox,-1,6,0,3,"[3, 3]",1.0,1.0,1.0,1.0,1.0,1.0,1.0,1.0,1.0,1.0
N2_M20,2,20,astar,bbox,-1,7,0,3,"[3, 3]",1.0,1.0,1.0,1.0,1.0,1.0,1.0,1.0,1.0,1.0
N2_M20,2,20,astar,bbox,-1,8,0,29,"[8, 5]",1.2308,1.0928,1.0423,1.016,1.0,0.9494,0.9915,0.9982,0.9997,1.0
N2_M20,2,20,astar,bbox,-1,9,0,26,"[5, 6]",1.0909,1.0353,1.0159,1.006,1.0,0.9918,0.9988,0.9997,1.0,1.0
N2_M20,2,20,astar,bbox,-1,10,0,12,"[2, 2]",1.0,1.0,1.0,1.0,1.0,1.0,1.0,1.0,1.0,1.0
N2_M20,2,20,astar,bbox,-1,11,0,3,"[3, 3]",1.0,1.0,1.0,1.0,1.0,1.0,1.0,1.0,1.0,1.0
N2_M20,2,20,astar,bbox,-1,12,0,9,"[9, 5]",1.2857,1.2,1.125,1.0588,1.0,0.9245,0.9615,0.9846,0.9966,1.0
N2_M20,2,20,astar,bbox,-1,13,0,13,"[11, 13]",1.0833,1.0612,1.04,1.0196,1.0,0.9931,0.9963,0.9984,0.9996,1.0
N2_M20,2,20,astar,bbox,-1,14,0,7,"[7, 7]",1.0,1.0,1.0,1.0,1.0,1.0,1.0,1.0,1.0,1.0
N2_M20,2,20,astar,bbox,-1,15,0,11,"[7, 11]",1.2222,1.1579,1.1,1.0476,1.0,0.9529,0.9757,0.9901,0.9977,1.0
N2_M20,2,20,astar,bbox,-1,16,0,3,"[3, 3]",1.0,1.0,1.0,1.0,1.0,1.0,1.0,1.0,1.0,1.0
N2_M20,2,20,astar,bbox,-1,17,0,5,"[5, 5]",1.0,1.0,1.0,1.0,1.0,1.0,1.0,1.0,1.0,1.0
N2_M20,2,20,astar,bbox,-1,18,0,4,"[4, 4]",1.0,1.0,1.0,1.0,1.0,1.0,1.0,1.0,1.0,1.0
N2_M20,2,20,astar,bbox,-1,19,0,1,"[1, 1]",1.0,1.0,1.0,1.0,1.0,1.0,1.0,1.0,1.0,1.0
N2_M20,2,20,astar,median,-1,0,0,25,"[11, 12]",1.0435,1.0252,1.0137,1.0058,1.0,0.9981,0.9994,0.9998,1.0,1.0
N2_M20,2,20,astar,median,-1,1,0,12,"[11, 12]",1.0435,1.0323,1.0213,1.0105,1.0,0.9981,0.999,0.9995,0.9999,1.0
N2_M20,2,20,astar,median,-1,2,0,35,"[10, 12]",1.0909,1.0441,1.0217,1.0086,1.0,0.9918,0.9981,0.9995,0.9999,1.0
N2_M20,2,20,astar,median,-1,3,0,15,"[9, 14]",1.2174,1.1515,1.0943,1.0442,1.0,0.9549,0.9776,0.9912,0.998,1.0
N2_M20,2,20,astar,median,-1,4,0,6,"[6, 6]",1.0,1.0,1.0,1.0,1.0,1.0,1.0,1.0,1.0,1.0
N2_M20,2,20,astar,median,-1,5,0,14,"[11, 9]",1.1,1.0682,1.0417,1.0192,1.0,0.9901,0.9954,0.9983,0.9996,1.0
N2_M20,2,20,astar,median,-1,6,0,3,"[3, 3]",1.0,1.0,1.0,1.0,1.0,1.0,1.0,1.0,1.0,1.0
N2_M20,2,20,astar,median,-1,7,0,3,"[3, 3]",1.0,1.0,1.0,1.0,1.0,1.0,1.0,1.0,1.0,1.0
N2_M20,2,20,astar,median,-1,8,0,29,"[8, 5]",1.2308,1.0928,1.0423,1.016,1.0,0.9494,0.9915,0.9982,0.9997,1.0
N2_M20,2,20,astar,median,-1,9,0,4,"[4, 4]",1.0,1.0,1.0,1.0,1.0,1.0,1.0,1.0,1.0,1.0
N2_M20,2,20,astar,median,-1,10,0,12,"[2, 2]",1.0,1.0,1.0,1.0,1.0,1.0,1.0,1.0,1.0,1.0
N2_M20,2,20,astar,median,-1,11,0,3,"[3, 3]",1.0,1.0,1.0,1.0,1.0,1.0,1.0,1.0,1.0,1.0
N2_M20,2,20,astar,median,-1,12,0,9,"[9, 5]",1.2857,1.2,1.125,1.0588,1.0,0.9245,0.9615,0.9846,0.9966,1.0
N2_M20,2,20,astar,median,-1,13,0,13,"[11, 13]",1.0833,1.0612,1.04,1.0196,1.0,0.9931,0.9963,0.9984,0.9996,1.0
N2_M20,2,20,astar,median,-1,14,0,7,"[7, 7]",1.0,1.0,1.0,1.0,1.0,1.0,1.0,1.0,1.0,1.0
N2_M20,2,20,astar,median,-1,15,0,11,"[7, 11]",1.2222,1.1579,1.1,1.0476,1.0,0.9529,0.9757,0.9901,0.9977,1.0
N2_M20,2,20,astar,median,-1,16,0,3,"[3, 3]",1.0,1.0,1.0,1.0,1.0,1.0,1.0,1.0,1.0,1.0
N2_M20,2,20,astar,median,-1,17,0,5,"[5, 5]",1.0,1.0,1.0,1.0,1.0,1.0,1.0,1.0,1.0,1.0
N2_M20,2,20,astar,median,-1,18,0,4,"[4, 4]",1.0,1.0,1.0,1.0,1.0,1.0,1.0,1.0,1.0,1.0
N2_M20,2,20,astar,median,-1,19,0,1,"[1, 1]",1.0,1.0,1.0,1.0,1.0,1.0,1.0,1.0,1.0,1.0
N2_M20,2,20,astar,minimax,-1,0,0,11,"[9, 8]",1.0588,1.0411,1.0256,1.012,1.0,0.9966,0.9983,0.9993,0.9999,1.0
N2_M20,2,20,astar,minimax,-1,1,0,12,"[11, 12]",1.0435,1.0323,1.0213,1.0105,1.0,0.9981,0.999,0.9995,0.9999,1.0
N2_M20,2,20,astar,minimax,-1,2,0,22,"[12, 10]",1.0909,1.0545,1.0303,1.013,1.0,0.9918,0.997,0.9991,0.9998,1.0
N2_M20,2,20,astar,minimax,-1,3,0,18,"[12, 14]",1.0769,1.0526,1.0323,1.0149,1.0,0.9941,0.9972,0.999,0.9998,1.0
N2_M20,2,20,astar,minimax,-1,4,0,7,"[7, 7]",1.0,1.0,1.0,1.0,1.0,1.0,1.0,1.0,1.0,1.0
N2_M20,2,20,astar,minimax,-1,5,0,18,"[7, 7]",1.0,1.0,1.0,1.0,1.0,1.0,1.0,1.0,1.0,1.0
N2_M20,2,20,astar,minimax,-1,6,0,3,"[3, 3]",1.0,1.0,1.0,1.0,1.0,1.0,1.0,1.0,1.0,1.0
N2_M20,2,20,astar,minimax,-1,7,0,37,"[7, 6]",1.0769,1.0265,1.0115,1.0043,1.0,0.9941,0.9993,0.9999,1.0,1.0
N2_M20,2,20,astar,minimax,-1,8,0,40,"[9, 6]",1.2,1.072,1.0316,1.0118,1.0,0.9615,0.9948,0.999,0.9999,1.0
N2_M20,2,20,astar,minimax,-1,9,0,4,"[4, 4]",1.0,1.0,1.0,1.0,1.0,1.0,1.0,1.0,1.0,1.0
N2_M20,2,20,astar,minimax,-1,10,0,12,"[2, 1]",1.3333,1.0909,1.037,1.0133,1.0,0.9,0.9918,0.9986,0.9998,1.0
N2_M20,2,20,astar,minimax,-1,11,0,4,"[4, 4]",1.0,1.0,1.0,1.0,1.0,1.0,1.0,1.0,1.0,1.0
N2_M20,2,20,astar,minimax,-1,12,0,39,"[16, 9]",1.28,1.1373,1.068,1.027,1.0,0.9273,0.9815,0.9954,0.9993,1.0
N2_M20,2,20,astar,minimax,-1,13,0,13,"[13, 13]",1.0,1.0,1.0,1.0,1.0,1.0,1.0,1.0,1.0,1.0
N2_M20,2,20,astar,minimax,-1,14,0,8,"[8, 8]",1.0,1.0,1.0,1.0,1.0,1.0,1.0,1.0,1.0,1.0
N2_M20,2,20,astar,minimax,-1,15,0,12,"[8, 12]",1.2,1.1429,1.0909,1.0435,1.0,0.9615,0.98,0.9918,0.9981,1.0
N2_M20,2,20,astar,minimax,-1,16,0,4,"[4, 4]",1.0,1.0,1.0,1.0,1.0,1.0,1.0,1.0,1.0,1.0
N2_M20,2,20,astar,minimax,-1,17,0,6,"[6, 6]",1.0,1.0,1.0,1.0,1.0,1.0,1.0,1.0,1.0,1.0
N2_M20,2,20,astar,minimax,-1,18,0,5,"[5, 5]",1.0,1.0,1.0,1.0,1.0,1.0,1.0,1.0,1.0,1.0
N2_M20,2,20,astar,minimax,-1,19,0,1,"[1, 1]",1.0,1.0,1.0,1.0,1.0,1.0,1.0,1.0,1.0,1.0
N3_M20,3,20,ppo,,0,0,0,26,"[11, 17, 19]",1.2128,1.137,1.08,1.0356,1.0,0.955,0.9809,0.9934,0.9987,1.0
N3_M20,3,20,ppo,,0,0,1,40,"[18, 28, 14]",1.4,1.24,1.1333,1.0571,1.0,0.9202,0.9697,0.9905,0.9982,1.0
N3_M20,3,20,ppo,,0,0,2,55,"[34, 30, 39]",1.1359,1.0886,1.0522,1.0234,1.0,0.9886,0.9951,0.9983,0.9997,1.0
N3_M20,3,20,ppo,,0,0,3,105,"[64, 67, 78]",1.1196,1.0796,1.0477,1.0217,1.0,0.9926,0.9967,0.9988,0.9998,1.0
N3_M20,3,20,ppo,,0,0,4,14,"[7, 13, 9]",1.3448,1.2326,1.1408,1.0645,1.0,0.9376,0.9706,0.989,0.9977,1.0
N3_M20,3,20,ppo,,0,1,0,38,"[32, 20, 27]",1.2152,1.1453,1.0881,1.0404,1.0,0.9662,0.9843,0.9942,0.9988,1.0
N3_M20,3,20,ppo,,0,1,1,55,"[24, 39, 34]",1.2062,1.1316,1.0763,1.0338,1.0,0.9641,0.9851,0.9949,0.999,1.0
N3_M20,3,20,ppo,,0,1,2,67,"[45, 52, 38]",1.1556,1.104,1.0625,1.0285,1.0,0.9841,0.9928,0.9974,0.9995,1.0
N3_M20,3,20,ppo,,0,1,3,40,"[23, 31, 29]",1.1205,1.0813,1.0493,1.0226,1.0,0.9851,0.9932,0.9975,0.9995,1.0
N3_M20,3,20,ppo,,0,1,4,56,"[31, 40, 35]",1.1321,1.0864,1.0511,1.023,1.0,0.9893,0.9954,0.9984,0.9997,1.0
N3_M20,3,20,ppo,,0,2,0,156,"[86, 94, 95]",1.0364,1.0232,1.0135,1.006,1.0,0.9981,0.9992,0.9997,0.9999,1.0
N3_M20,3,20,ppo,,0,2,1,169,"[80, 58, 76]",1.1215,1.0679,1.0361,1.015,1.0,0.9823,0.9944,0.9984,0.9997,1.0
N3_M20,3,20,ppo,,0,2,2,67,"[48, 37, 38]",1.1707,1.1105,1.0648,1.0289,1.0,0.9855,0.9939,0.9979,0.9996,1.0
N3_M20,3,20,ppo,,0,2,3,44,"[23, 35, 23]",1.2963,1.192,1.1127,1.0503,1.0,0.958,0.9819,0.9937,0.9987,1.0
N3_M20,3,20,ppo,,0,2,4,300,"[122, 101, 120]",1.0671,1.0358,1.0185,1.0076,1.0,0.9932,0.9981,0.9995,0.9999,1.0
N3_M20,3,20,ppo,,0,3,0,15,"[14, 8, 9]",1.3548,1.2391,1.1447,1.0663,1.0,0.9394,0.9715,0.9894,0.9978,1.0
N3_M20,3,20,ppo,,0,3,1,86,"[49, 50, 65]",1.189,1.124,1.0735,1.033,1.0,0.9824,0.9923,0.9973,0.9995,1.0
N3_M20,3,20,ppo,,0,3,2,63,"[50, 32, 43]",1.2,1.133,1.0796,1.0361,1.0,0.9694,0.9862,0.995,0.999,1.0
N3_M20,3,20,ppo,,0,3,3,76,"[58, 43, 54]",1.1226,1.0823,1.0496,1.0226,1.0,0.9852,0.9933,0.9975,0.9995,1.0
N3_M20,3,20,ppo,,0,3,4,31,"[26, 24, 25]",1.04,1.0283,1.0179,1.0085,1.0,0.9989,0.9995,0.9998,1.0,1.0
N3_M20,3,20,ppo,,0,4,0,33,"[27, 21, 15]",1.2857,1.1875,1.1111,1.05,1.0,0.9484,0.9771,0.9918,0.9983,1.0
N3_M20,3,20,ppo,,0,4,1,59,"[35, 38, 14]",1.3103,1.1849,1.1023,1.0437,1.0,0.8806,0.9541,0.9855,0.9973,1.0
N3_M20,3,20,ppo,,0,4,2,28,"[21, 23, 21]",1.0615,1.043,1.0268,1.0126,1.0,0.9981,0.9991,0.9996,0.9999,1.0
N3_M20,3,20,ppo,,0,4,3,43,"[27, 31, 24]",1.1341,1.088,1.0521,1.0235,1.0,0.9891,0.9953,0.9983,0.9997,1.0
N3_M20,3,20,ppo,,0,4,4,28,"[19, 22, 15]",1.1786,1.119,1.0714,1.0325,1.0,0.9769,0.9896,0.9962,0.9992,1.0
N3_M20,3,20,ppo,,0,5,0,30,"[18, 21, 20]",1.0678,1.0449,1.0268,1.0122,1.0,0.996,0.9982,0.9994,0.9999,1.0
N3_M20,3,20,ppo,,0,5,1,69,"[39, 42, 35]",1.0862,1.0541,1.031,1.0136,1.0,0.9945,0.9978,0.9993,0.9999,1.0
N3_M20,3,20,ppo,,0,5,2,30,"[19, 22, 20]",1.082,1.0549,1.0331,1.0151,1.0,0.9963,0.9983,0.9994,0.9999,1.0
N3_M20,3,20,ppo,,0,5,3,48,"[29, 28, 27]",1.0357,1.0227,1.0132,1.0058,1.0,0.9992,0.9997,0.9999,1.0,1.0
N3_M20,3,20,ppo,,0,5,4,61,"[39, 41, 28]",1.1389,1.0888,1.0515,1.0228,1.0,0.9754,0.9898,0.9965,0.9993,1.0
N3_M20,3,20,ppo,,0,6,0,52,"[42, 44, 18]",1.2692,1.1795,1.1077,1.049,1.0,0.896,0.9509,0.9818,0.9962,1.0
N3_M20,3,20,ppo,,0,6,1,34,"[21, 28, 23]",1.1667,1.1132,1.069,1.0317,1.0,0.9852,0.9931,0.9974,0.9995,1.0
N3_M20,3,20,ppo,,0,6,2,29,"[23, 24, 19]",1.0909,1.0632,1.0392,1.0183,1.0,0.9905,0.9954,0.9982,0.9996,1.0
N3_M20,3,20,ppo,,0,6,3,52,"[37, 39, 37]",1.0354,1.0242,1.0149,1.0069,1.0,0.9994,0.9997,0.9999,1.0,1.0
N3_M20,3,20,ppo,,0,6,4,58,"[41, 43, 13]",1.3299,1.2065,1.1181,1.0517,1.0,0.8479,0.9344,0.9775,0.9956,1.0
N3_M20,3,20,ppo,,0,7,0,108,"[64, 37, 66]",1.1856,1.1127,1.0631,1.0272,1.0,0.9466,0.9796,0.9935,0.9988,1.0
N3_M20,3,20,ppo,,0,7,1,177,"[97, 51, 84]",1.2543,1.1443,1.0773,1.0323,1.0,0.941,0.9802,0.9942,0.999,1.0
N3_M20,3,20,ppo,,0,7,2,122,"[69, 38, 67]",1.1897,1.1115,1.0611,1.0259,1.0,0.9437,0.9798,0.9938,0.9989,1.0
N3_M20,3,20,ppo,,0,7,3,232,"[104, 94, 157]",1.3268,1.1976,1.1104,1.0475,1.0,0.9482,0.9804,0.9938,0.9988,1.0
N3_M20,3,20,ppo,,0,7,4,132,"[90, 29, 96]",1.3395,1.2104,1.1195,1.052,1.0,0.8486,0.9359,0.9784,0.9958,1.0
N3_M20,3,20,ppo,,0,8,0,99,"[63, 36, 77]",1.3125,1.2,1.1163,1.0515,1.0,0.9224,0.9667,0.9885,0.9977,1.0
N3_M20,3,20,ppo,,0,8,1,48,"[22, 32, 25]",1.2152,1.1339,1.0762,1.0333,1.0,0.9753,0.9903,0.9968,0.9994,1.0
N3_M20,3,20,ppo,,0,8,2,71,"[39, 33, 38]",1.0636,1.0387,1.0217,1.0093,1.0,0.9949,0.9981,0.9994,0.9999,1.0
N3_M20,3,20,ppo,,0,8,3,34,"[22, 13, 25]",1.25,1.1596,1.0926,1.041,1.0,0.939,0.9742,0.9912,0.9983,1.0
N3_M20,3,20,ppo,,0,8,4,28,"[14, 19, 20]",1.1321,1.0864,1.0511,1.023,1.0,0.9784,0.9906,0.9967,0.9993,1.0
N3_M20,3,20,ppo,,0,9,0,22,"[18, 15, 11]",1.2273,1.1515,1.0909,1.0413,1.0,0.9632,0.9833,0.9939,0.9987,1.0
N3_M20,3,20,ppo,,0,9,1,18,"[12, 15, 17]",1.1591,1.1129,1.0714,1.034,1.0,0.9807,0.9902,0.9961,0.9991,1.0
N3_M20,3,20,ppo,,0,9,2,17,"[9, 12, 17]",1.3421,1.2364,1.1461,1.0681,1.0,0.9364,0.9686,0.9878,0.9973,1.0
N3_M20,3,20,ppo,,0,9,3,15,"[10, 11, 7]",1.1786,1.1163,1.0685,1.0307,1.0,0.9679,0.9861,0.9951,0.999,1.0
N3_M20,3,20,ppo,,0,9,4,21,"[13, 11, 13]",1.0541,1.0345,1.02,1.0088,1.0,0.9942,0.9976,0.9992,0.9998,1.0
N3_M20,3,20,ppo,,0,10,0,21,"[10, 11, 12]",1.0909,1.0556,1.0312,1.0135,1.0,0.9945,0.9979,0.9993,0.9999,1.0
N3_M20,3,20,ppo,,0,10,1,38,"[15, 26, 29]",1.2429,1.1574,1.0924,1.0413,1.0,0.9376,0.9728,0.9905,0.9981,1.0
N3_M20,3,20,ppo,,0,10,2,13,"[9, 8, 12]",1.2414,1.1667,1.1029,1.0479,1.0,0.97,0.9855,0.9944,0.9988,1.0
N3_M20,3,20,ppo,,0,10,3,43,"[27, 28, 21]",1.1053,1.0672,1.039,1.0173,1.0,0.9853,0.994,0.998,0.9996,1.0
N3_M20,3,20,ppo,,0,10,4,34,"[12, 12, 19]",1.3256,1.1818,1.0966,1.0401,1.0,0.9497,0.9837,0.9954,0.9992,1.0
N3_M20,3,20,ppo,,0,11,0,20,"[12, 19, 12]",1.3256,1.2222,1.1359,1.0628,1.0,0.9497,0.9759,0.9908,0.998,1.0
N3_M20,3,20,ppo,,0,11,1,8,"[5, 7, 6]",1.1667,1.1154,1.0714,1.0333,1.0,0.9818,0.9912,0.9966,0.9993,1.0
N3_M20,3,20,ppo,,0,11,2,10,"[6, 9, 7]",1.2273,1.1562,1.0962,1.0446,1.0,0.9719,0.9865,0.9948,0.9989,1.0
N3_M20,3,20,ppo,,0,11,3,13,"[11, 12, 10]",1.0909,1.0652,1.0417,1.02,1.0,0.9945,0.9972,0.9988,0.9997,1.0
N3_M20,3,20,ppo,,0,11,4,9,"[8, 6, 5]",1.2632,1.1786,1.1087,1.05,1.0,0.9627,0.9825,0.9934,0.9986,1.0
N3_M20,3,20,ppo,,0,12,0,30,"[17, 21, 13]",1.2353,1.1481,1.0851,1.0374,1.0,0.9644,0.9856,0.9952,0.9991,1.0
N3_M20,3,20,ppo,,0,12,1,48,"[26, 32, 23]",1.1852,1.1163,1.0667,1.0292,1.0,0.9812,0.9925,0.9975,0.9995,1.0
N3_M20,3,20,ppo,,0,12,2,150,"[98, 72, 85]",1.1529,1.0963,1.0553,1.0243,1.0,0.9846,0.9939,0.998,0.9996,1.0
N3_M20,3,20,ppo,,0,12,3,79,"[30, 51, 23]",1.4712,1.2678,1.1437,1.0601,1.0,0.8946,0.9634,0.9892,0.9981,1.0
N3_M20,3,20,ppo,,0,12,4,104,"[56, 63, 44]",1.1595,1.0974,1.0547,1.0237,1.0,0.9796,0.9923,0.9976,0.9995,1.0
N3_M20,3,20,ppo,,0,13,0,150,"[70, 75, 38]",1.2295,1.1261,1.0664,1.0274,1.0,0.9327,0.9787,0.994,0.999,1.0
N3_M20,3,20,ppo,,0,13,1,160,"[90, 62, 89]",1.1203,1.0723,1.0402,1.0173,1.0,0.9746,0.9907,0.9971,0.9995,1.0
N3_M20,3,20,ppo,,0,13,2,72,"[29, 36, 45]",1.2273,1.1374,1.0767,1.033,1.0,0.9691,0.9885,0.9964,0.9993,1.0
N3_M20,3,20,ppo,,0,13,3,175,"[62, 82, 88]",1.1379,1.0786,1.0423,1.0177,1.0,0.9798,0.9933,0.9981,0.9997,1.0
N3_M20,3,20,ppo,,0,13,4,250,"[124, 129, 61]",1.2325,1.1294,1.0686,1.0285,1.0,0.9196,0.9736,0.9924,0.9987,1.0
N3_M20,3,20,ppo,,0,14,0,123,"[58, 55, 78]",1.2251,1.1369,1.0768,1.0331,1.0,0.9749,0.9906,0.997,0.9994,1.0
N3_M20,3,20,ppo,,0,14,1,19,"[16, 16, 12]",1.0909,1.0635,1.0396,1.0186,1.0,0.9837,0.992,0.9969,0.9993,1.0
N3_M20,3,20,ppo,,0,14,2,70,"[32, 45, 41]",1.1441,1.0904,1.0518,1.0227,1.0,0.9813,0.9925,0.9975,0.9995,1.0
N3_M20,3,20,ppo,,0,14,3,19,"[11, 11, 15]",1.2162,1.1429,1.0851,1.0385,1.0,0.9772,0.9899,0.9964,0.9993,1.0
N3_M20,3,20,ppo,,0,14,4,19,"[13, 14, 17]",1.1591,1.1111,1.0693,1.0326,1.0,0.9867,0.9935,0.9975,0.9994,1.0
N3_M20,3,20,ppo,,0,15,0,27,"[20, 18, 11]",1.2245,1.1447,1.0846,1.0377,1.0,0.9471,0.9773,0.9921,0.9984,1.0
N3_M20,3,20,ppo,,0,15,1,18,"[16, 16, 10]",1.1429,1.1,1.0625,1.0294,1.0,0.9608,0.9804,0.9922,0.9983,1.0
N3_M20,3,20,ppo,,0,15,2,30,"[14, 18, 21]",1.1887,1.1205,1.0699,1.031,1.0,0.9743,0.9894,0.9964,0.9993,1.0
N3_M20,3,20,ppo,,0,15,3,37,"[15, 29, 19]",1.381,1.24,1.1379,1.0606,1.0,0.9271,0.9697,0.9898,0.998,1.0
N3_M20,3,20,ppo,,0,15,4,66,"[51, 35, 36]",1.2541,1.1649,1.0969,1.0433,1.0,0.9686,0.9865,0.9953,0.9991,1.0
N3_M20,3,20,ppo,,0,16,0,8,"[3, 8, 7]",1.3333,1.2308,1.1429,1.0667,1.0,0.8852,0.9415,0.9767,0.9948,1.0
N3_M20,3,20,ppo,,0,16,1,11,"[7, 11, 10]",1.1786,1.1282,1.082,1.0394,1.0,0.9679,0.9832,0.9931,0.9984,1.0
N3_M20,3,20,ppo,,0,16,2,10,"[9, 8, 8]",1.08,1.0571,1.0364,1.0174,1.0,0.9968,0.9984,0.9993,0.9998,1.0
N3_M20,3,20,ppo,,0,16,3,9,"[4, 8, 7]",1.2632,1.1786,1.1087,1.05,1.0,0.9328,0.9679,0.9879,0.9974,1.0
N3_M20,3,20,ppo,,0,16,4,16,"[9, 11, 14]",1.2353,1.16,1.0976,1.0449,1.0,0.9682,0.985,0.9944,0.9988,1.0
N3_M20,3,20,ppo,,0,17,0,22,"[10, 14, 12]",1.1667,1.1034,1.0588,1.0256,1.0,0.9818,0.9929,0.9977,0.9996,1.0
N3_M20,3,20,ppo,,0,17,1,7,"[7, 6, 4]",1.2353,1.1667,1.1053,1.05,1.0,0.9538,0.9763,0.9904,0.9978,1.0
N3_M20,3,20,ppo,,0,17,2,7,"[6, 6, 6]",1.0,1.0,1.0,1.0,1.0,1.0,1.0,1.0,1.0,1.0
N3_M20,3,20,ppo,,0,17,3,10,"[7, 8, 6]",1.1429,1.0968,1.0588,1.027,1.0,0.9866,0.9938,0.9977,0.9995,1.0
N3_M20,3,20,ppo,,0,17,4,10,"[6, 6, 7]",1.1053,1.069,1.0408,1.0183,1.0,0.9945,0.9976,0.9992,0.9998,1.0
N3_M20,3,20,ppo,,0,18,0,22,"[17, 10, 18]",1.2,1.1343,1.0811,1.037,1.0,0.9467,0.9752,0.9908,0.9981,1.0
N3_M20,3,20,ppo,,0,18,1,23,"[16, 13, 13]",1.1429,1.0923,1.0541,1.0241,1.0,0.9899,0.9958,0.9985,0.9997,1.0
N3_M20,3,20,ppo,,0,18,2,28,"[25, 20, 18]",1.1905,1.1319,1.0816,1.0381,1.0,0.9807,0.9907,0.9964,0.9992,1.0
N3_M20,3,20,ppo,,0,18,3,63,"[42, 29, 38]",1.156,1.0988,1.057,1.0251,1.0,0.9781,0.9911,0.997,0.9994,1.0
N3_M20,3,20,ppo,,0,18,4,20,"[13, 13, 16]",1.1429,1.0968,1.0588,1.027,1.0,0.9899,0.9953,0.9983,0.9996,1.0
N3_M20,3,20,ppo,,0,19,0,44,"[26, 31, 25]",1.1341,1.0873,1.0514,1.023,1.0,0.9909,0.9961,0.9986,0.9997,1.0
N3_M20,3,20,ppo,,0,19,1,23,"[20, 18, 14]",1.1538,1.1067,1.0661,1.0309,1.0,0.9797,0.9901,0.9962,0.9992,1.0
N3_M20,3,20,ppo,,0,19,2,123,"[71, 52, 55]",1.1966,1.1163,1.064,1.0272,1.0,0.9806,0.9931,0.9979,0.9996,1.0
N3_M20,3,20,ppo,,0,19,3,49,"[27, 34, 28]",1.1461,1.0942,1.0551,1.0245,1.0,0.9893,0.9955,0.9985,0.9997,1.0
N3_M20,3,20,ppo,,0,19,4,120,"[41, 84, 76]",1.2537,1.1589,1.0909,1.0398,1.0,0.9279,0.9704,0.9901,0.9981,1.0
N3_M20,3,20,ppo,,1,0,0,57,"[40, 33, 33]",1.1321,1.0859,1.0505,1.0226,1.0,0.9914,0.9963,0.9987,0.9997,1.0
N3_M20,3,20,ppo,,1,0,1,33,"[15, 23, 20]",1.1897,1.1209,1.0701,1.031,1.0,0.9717,0.9883,0.996,0.9992,1.0
N3_M20,3,20,ppo,,1,0,2,47,"[30, 28, 29]",1.0345,1.0224,1.0132,1.0059,1.0,0.9992,0.9997,0.9999,1.0,1.0
N3_M20,3,20,ppo,,1,0,3,43,"[26, 31, 30]",1.069,1.0462,1.0278,1.0127,1.0,0.9945,0.9975,0.9991,0.9998,1.0
N3_M20,3,20,ppo,,1,0,4,87,"[40, 45, 39]",1.0887,1.0521,1.0286,1.0121,1.0,0.996,0.9986,0.9996,0.9999,1.0
N3_M20,3,20,ppo,,1,1,0,39,"[32, 29, 23]",1.1429,1.0976,1.0597,1.0276,1.0,0.9825,0.9917,0.9969,0.9993,1.0
N3_M20,3,20,ppo,,1,1,1,75,"[32, 48, 50]",1.1538,1.0976,1.0563,1.0248,1.0,0.9666,0.9863,0.9954,0.9991,1.0
N3_M20,3,20,ppo,,1,1,2,63,"[35, 49, 45]",1.1395,1.0938,1.0566,1.0259,1.0,0.9816,0.9916,0.9969,0.9994,1.0
N3_M20,3,20,ppo,,1,1,3,300,"[192, 143, 145]",1.2,1.1231,1.0696,1.0302,1.0,0.9804,0.9925,0.9976,0.9995,1.0
N3_M20,3,20,ppo,,1,1,4,37,"[22, 26, 25]",1.0685,1.0455,1.0272,1.0123,1.0,0.9951,0.9979,0.9992,0.9998,1.0
N3_M20,3,20,ppo,,1,2,0,27,"[19, 15, 18]",1.0962,1.0633,1.0376,1.0169,1.0,0.9905,0.9959,0.9985,0.9997,1.0
N3_M20,3,20,ppo,,1,2,1,232,"[64, 94, 69]",1.2423,1.1198,1.0596,1.0238,1.0,0.9708,0.9927,0.9982,0.9997,1.0
N3_M20,3,20,ppo,,1,2,2,106,"[39, 59, 61]",1.1509,1.0906,1.0503,1.0216,1.0,0.9661,0.9875,0.9961,0.9993,1.0
N3_M20,3,20,ppo,,1,2,3,84,"[36, 55, 42]",1.2406,1.1475,1.0831,1.036,1.0,0.969,0.9881,0.9962,0.9993,1.0
N3_M20,3,20,ppo,,1,2,4,48,"[27, 21, 20]",1.1912,1.1121,1.0613,1.026,1.0,0.9817,0.9936,0.9981,0.9997,1.0
N3_M20,3,20,ppo,,1,3,0,69,"[52, 42, 28]",1.2787,1.178,1.1033,1.0458,1.0,0.9447,0.9767,0.992,0.9984,1.0
N3_M20,3,20,ppo,,1,3,1,44,"[26, 23, 24]",1.0685,1.0427,1.0244,1.0107,1.0,0.9974,0.999,0.9997,0.9999,1.0
N3_M20,3,20,ppo,,1,3,2,23,"[20, 10, 17]",1.2766,1.1857,1.1121,1.0512,1.0,0.9332,0.9688,0.9884,0.9976,1.0
N3_M20,3,20,ppo,,1,3,3,47,"[34, 28, 25]",1.1724,1.1119,1.0658,1.0294,1.0,0.9836,0.993,0.9976,0.9995,1.0
N3_M20,3,20,ppo,,1,3,4,24,"[19, 17, 14]",1.14,1.0946,1.0574,1.0263,1.0,0.985,0.9931,0.9975,0.9995,1.0
N3_M20,3,20,ppo,,1,4,0,57,"[35, 30, 17]",1.2805,1.1655,1.0909,1.0387,1.0,0.9285,0.9739,0.992,0.9985,1.0
N3_M20,3,20,ppo,,1,4,1,77,"[39, 38, 17]",1.2447,1.1345,1.0708,1.0292,1.0,0.9051,0.9693,0.9913,0.9985,1.0
N3_M20,3,20,ppo,,1,4,2,52,"[29, 35, 29]",1.129,1.0828,1.0482,1.0214,1.0,0.9917,0.9966,0.9988,0.9998,1.0
N3_M20,3,20,ppo,,1,4,3,17,"[10, 12, 15]",1.2162,1.1481,1.0909,1.0421,1.0,0.973,0.9871,0.9951,0.9989,1.0
N3_M20,3,20,ppo,,1,4,4,40,"[26, 30, 20]",1.1842,1.1207,1.0714,1.0321,1.0,0.9744,0.9888,0.9961,0.9992,1.0
N3_M20,3,20,ppo,,1,5,0,172,"[55, 69, 72]",1.102,1.0543,1.0281,1.0115,1.0,0.9873,0.9964,0.999,0.9998,1.0
N3_M20,3,20,ppo,,1,5,1,32,"[22, 26, 25]",1.0685,1.0476,1.0296,1.0139,1.0,0.9951,0.9976,0.9991,0.9998,1.0
N3_M20,3,20,ppo,,1,5,2,100,"[61, 66, 65]",1.0312,1.0205,1.0122,1.0055,1.0,0.9989,0.9995,0.9998,1.0,1.0
N3_M20,3,20,ppo,,1,5,3,244,"[111, 139, 81]",1.2598,1.1496,1.0809,1.034,1.0,0.956,0.985,0.9956,0.9992,1.0
N3_M20,3,20,ppo,,1,5,4,52,"[23, 39, 30]",1.2717,1.1736,1.1008,1.0446,1.0,0.9564,0.9817,0.9938,0.9988,1.0
N3_M20,3,20,ppo,,1,6,0,83,"[58, 53, 28]",1.2518,1.1577,1.0902,1.0395,1.0,0.9257,0.9695,0.9898,0.998,1.0
N3_M20,3,20,ppo,,1,6,1,46,"[30, 32, 29]",1.0549,1.0365,1.0218,1.0099,1.0,0.9983,0.9993,0.9997,0.9999,1.0
N3_M20,3,20,ppo,,1,6,2,25,"[22, 21, 17]",1.1,1.0706,1.0444,1.0211,1.0,0.9885,0.9942,0.9977,0.9995,1.0
N3_M20,3,20,ppo,,1,6,3,32,"[25, 22, 22]",1.087,1.0594,1.0364,1.0168,1.0,0.9962,0.9982,0.9993,0.9999,1.0
N3_M20,3,20,ppo,,1,6,4,57,"[47, 39, 12]",1.4388,1.2774,1.1599,1.0704,1.0,0.8264,0.9225,0.9729,0.9946,1.0
N3_M20,3,20,ppo,,1,7,0,148,"[81, 39, 82]",1.2178,1.1257,1.0681,1.0287,1.0,0.9186,0.9713,0.9914,0.9985,1.0
N3_M20,3,20,ppo,,1,7,1,157,"[88, 50, 71]",1.2632,1.1503,1.0809,1.0339,1.0,0.9526,0.984,0.9953,0.9992,1.0
N3_M20,3,20,ppo,,1,7,2,300,"[158, 79, 150]",1.2248,1.1266,1.0676,1.0282,1.0,0.9296,0.9765,0.9932,0.9988,1.0
N3_M20,3,20,ppo,,1,7,3,90,"[24, 41, 61]",1.4524,1.2639,1.1439,1.0609,1.0,0.8852,0.9578,0.987,0.9977,1.0
N3_M20,3,20,ppo,,1,7,4,186,"[86, 51, 105]",1.3017,1.1706,1.0912,1.0381,1.0,0.9286,0.976,0.993,0.9988,1.0
N3_M20,3,20,ppo,,1,8,0,87,"[51, 34, 51]",1.125,1.0762,1.0428,1.0185,1.0,0.9697,0.9885,0.9963,0.9993,1.0
N3_M20,3,20,ppo,,1,8,1,37,"[19, 25, 20]",1.1719,1.1089,1.0629,1.0277,1.0,0.9851,0.994,0.998,0.9996,1.0
N3_M20,3,20,ppo,,1,8,2,66,"[30, 38, 32]",1.14,1.0843,1.047,1.0202,1.0,0.9897,0.9962,0.9988,0.9998,1.0
N3_M20,3,20,ppo,,1,8,3,67,"[35, 18, 42]",1.3263,1.1914,1.1047,1.0444,1.0,0.908,0.9663,0.9897,0.9981,1.0
N3_M20,3,20,ppo,,1,8,4,73,"[41, 29, 43]",1.1416,1.086,1.0482,1.0208,1.0,0.9738,0.9902,0.9969,0.9994,1.0
N3_M20,3,20,ppo,,1,9,0,57,"[32, 30, 22]",1.1429,1.0851,1.0471,1.0201,1.0,0.9767,0.9916,0.9974,0.9995,1.0
N3_M20,3,20,ppo,,1,9,1,47,"[22, 32, 31]",1.1294,1.0833,1.0487,1.0217,1.0,0.9754,0.9897,0.9964,0.9993,1.0
N3_M20,3,20,ppo,,1,9,2,12,"[9, 7, 11]",1.2222,1.1538,1.0952,1.0444,1.0,0.9681,0.9845,0.994,0.9987,1.0
N3_M20,3,20,ppo,,1,9,3,9,"[6, 8, 7]",1.1429,1.1,1.0625,1.0294,1.0,0.9866,0.9934,0.9974,0.9994,1.0
N3_M20,3,20,ppo,,1,9,4,11,"[6, 11, 7]",1.375,1.2571,1.1579,1.0732,1.0,0.932,0.9669,0.9872,0.9972,1.0
N3_M20,3,20,ppo,,1,10,0,13,"[9, 9, 10]",1.0714,1.0488,1.0299,1.0138,1.0,0.9975,0.9988,0.9996,0.9999,1.0
N3_M20,3,20,ppo,,1,10,1,16,"[9, 12, 12]",1.0909,1.0612,1.037,1.0169,1.0,0.9837,0.9926,0.9973,0.9994,1.0
N3_M20,3,20,ppo,,1,10,2,19,"[15, 11, 17]",1.186,1.129,1.08,1.0374,1.0,0.9706,0.9856,0.9944,0.9988,1.0
N3_M20,3,20,ppo,,1,10,3,39,"[30, 19, 24]",1.2329,1.1518,1.0895,1.0401,1.0,0.967,0.9857,0.995,0.999,1.0
N3_M20,3,20,ppo,,1,10,4,15,"[11, 10, 11]",1.0312,1.0213,1.013,1.006,1.0,0.9981,0.9991,0.9997,0.9999,1.0
N3_M20,3,20,ppo,,1,11,0,15,"[11, 14, 7]",1.3125,1.2128,1.1299,1.0599,1.0,0.9326,0.9676,0.9877,0.9974,1.0
N3_M20,3,20,ppo,,1,11,1,13,"[8, 8, 11]",1.2222,1.15,1.0909,1.0417,1.0,0.9759,0.9889,0.9959,0.9991,1.0
N3_M20,3,20,ppo,,1,11,2,9,"[7, 8, 8]",1.0435,1.0312,1.02,1.0096,1.0,0.9962,0.9981,0.9992,0.9998,1.0
N3_M20,3,20,ppo,,1,11,3,7,"[7, 5, 7]",1.1053,1.0769,1.05,1.0244,1.0,0.9783,0.9883,0.995,0.9988,1.0
N3_M20,3,20,ppo,,1,11,4,11,"[10, 5, 7]",1.3636,1.2424,1.1455,1.0661,1.0,0.9272,0.9663,0.9876,0.9974,1.0
N3_M20,3,20,ppo,,1,12,0,61,"[34, 27, 24]",1.2,1.1164,1.0634,1.0268,1.0,0.9786,0.9926,0.9978,0.9996,1.0
N3_M20,3,20,ppo,,1,12,1,122,"[61, 66, 55]",1.0879,1.0526,1.0292,1.0125,1.0,0.9945,0.998,0.9994,0.9999,1.0
N3_M20,3,20,ppo,,1,12,2,24,"[16, 15, 12]",1.1163,1.0746,1.0435,1.0193,1.0,0.9861,0.9942,0.998,0.9996,1.0
N3_M20,3,20,ppo,,1,12,3,122,"[58, 49, 48]",1.1226,1.0686,1.0365,1.0152,1.0,0.9925,0.9976,0.9993,0.9999,1.0
N3_M20,3,20,ppo,,1,12,4,104,"[47, 63, 49]",1.1887,1.1141,1.0637,1.0274,1.0,0.9823,0.9935,0.9979,0.9996,1.0
N3_M20,3,20,ppo,,1,13,0,191,"[61, 98, 68]",1.2952,1.1603,1.0837,1.0344,1.0,0.957,0.9869,0.9964,0.9994,1.0
N3_M20,3,20,ppo,,1,13,1,68,"[34, 33, 15]",1.2439,1.1333,1.0699,1.0288,1.0,0.9074,0.9704,0.9917,0.9986,1.0
N3_M20,3,20,ppo,,1,13,2,182,"[60, 106, 76]",1.314,1.1792,1.0964,1.0404,1.0,0.9471,0.9821,0.9948,0.9991,1.0
N3_M20,3,20,ppo,,1,13,3,117,"[47, 55, 46]",1.1149,1.0642,1.0341,1.0142,1.0,0.9934,0.9979,0.9994,0.9999,1.0
N3_M20,3,20,ppo,,1,13,4,27,"[19, 19, 17]",1.0364,1.0244,1.0147,1.0067,1.0,0.9974,0.9988,0.9996,0.9999,1.0
N3_M20,3,20,ppo,,1,14,0,193,"[85, 90, 111]",1.1643,1.0981,1.0543,1.0232,1.0,0.9862,0.995,0.9985,0.9997,1.0
N3_M20,3,20,ppo,,1,14,1,19,"[14, 14, 11]",1.0769,1.0517,1.0312,1.0143,1.0,0.9883,0.9947,0.9981,0.9996,1.0
N3_M20,3,20,ppo,,1,14,2,153,"[67, 74, 83]",1.1116,1.0663,1.0366,1.0156,1.0,0.9924,0.9973,0.9992,0.9998,1.0
N3_M20,3,20,ppo,,1,14,3,31,"[21, 20, 23]",1.0781,1.0526,1.0318,1.0146,1.0,0.9966,0.9985,0.9994,0.9999,1.0
N3_M20,3,20,ppo,,1,14,4,23,"[20, 17, 18]",1.0909,1.0641,1.0403,1.0191,1.0,0.9954,0.9977,0.9991,0.9998,1.0
N3_M20,3,20,ppo,,1,15,0,22,"[18, 13, 12]",1.2558,1.1692,1.1009,1.0456,1.0,0.9676,0.9855,0.9948,0.9989,1.0
N3_M20,3,20,ppo,,1,15,1,19,"[17, 14, 11]",1.2143,1.1475,1.0909,1.0423,1.0,0.9703,0.9857,0.9945,0.9988,1.0
N3_M20,3,20,ppo,,1,15,2,30,"[15, 19, 24]",1.2414,1.1591,1.0946,1.0427,1.0,0.965,0.9845,0.9945,0.9989,1.0
N3_M20,3,20,ppo,,1,15,3,36,"[12, 27, 30]",1.3043,1.2,1.1186,1.0534,1.0,0.8951,0.9518,0.9825,0.9964,1.0
N3_M20,3,20,ppo,,1,15,4,69,"[50, 36, 50]",1.1029,1.0683,1.0408,1.0185,1.0,0.9792,0.9908,0.9967,0.9993,1.0
N3_M20,3,20,ppo,,1,16,0,8,"[2, 8, 7]",1.4118,1.28,1.1707,1.0787,1.0,0.8234,0.9098,0.9644,0.9922,1.0
N3_M20,3,20,ppo,,1,16,1,11,"[7, 10, 9]",1.1538,1.1081,1.0678,1.032,1.0,0.9797,0.9899,0.996,0.9991,1.0
N3_M20,3,20,ppo,,1,16,2,10,"[7, 8, 8]",1.0435,1.0303,1.0189,1.0088,1.0,0.9962,0.9982,0.9993,0.9998,1.0
N3_M20,3,20,ppo,,1,16,3,9,"[4, 8, 6]",1.3333,1.2222,1.1333,1.0606,1.0,0.931,0.9681,0.9883,0.9976,1.0
N3_M20,3,20,ppo,,1,16,4,17,"[10, 10, 16]",1.3333,1.2264,1.1379,1.0635,1.0,0.9474,0.975,0.9906,0.998,1.0
N3_M20,3,20,ppo,,1,17,0,29,"[19, 23, 18]",1.15,1.1011,1.0612,1.028,1.0,0.9885,0.9947,0.9981,0.9996,1.0
N3_M20,3,20,ppo,,1,17,1,7,"[7, 6, 5]",1.1667,1.12,1.0769,1.037,1.0,0.9818,0.9905,0.9961,0.9991,1.0
N3_M20,3,20,ppo,,1,17,2,8,"[7, 6, 7]",1.05,1.0357,1.0227,1.0109,1.0,0.995,0.9975,0.999,0.9998,1.0
N3_M20,3,20,ppo,,1,17,3,25,"[15, 18, 16]",1.102,1.0676,1.0403,1.0182,1.0,0.9942,0.9974,0.9991,0.9998,1.0
N3_M20,3,20,ppo,,1,17,4,31,"[22, 23, 18]",1.0952,1.0638,1.0385,1.0175,1.0,0.9895,0.9953,0.9983,0.9996,1.0
N3_M20,3,20,ppo,,1,18,0,69,"[41, 36, 42]",1.0588,1.0372,1.0215,1.0095,1.0,0.9956,0.9982,0.9994,0.9999,1.0
N3_M20,3,20,ppo,,1,18,1,106,"[49, 55, 61]",1.1091,1.0664,1.0373,1.0161,1.0,0.9921,0.9971,0.9991,0.9998,1.0
N3_M20,3,20,ppo,,1,18,2,28,"[23, 20, 21]",1.0781,1.0543,1.0338,1.0158,1.0,0.9966,0.9983,0.9994,0.9999,1.0
N3_M20,3,20,ppo,,1,18,3,76,"[37, 42, 62]",1.3191,1.2074,1.122,1.0545,1.0,0.9498,0.9782,0.9923,0.9985,1.0
N3_M20,3,20,ppo,,1,18,4,22,"[15, 16, 16]",1.0213,1.0145,1.0088,1.0041,1.0,0.9991,0.9996,0.9998,1.0,1.0
N3_M20,3,20,ppo,,1,19,0,113,"[40, 62, 67]",1.1893,1.1135,1.063,1.027,1.0,0.9585,0.9847,0.9952,0.9991,1.0
N3_M20,3,20,ppo,,1,19,1,300,"[59, 199, 201]",1.3137,1.1897,1.106,1.0456,1.0,0.8412,0.9354,0.9789,0.996,1.0
N3_M20,3,20,ppo,,1,19,2,70,"[51, 40, 36]",1.2047,1.132,1.0772,1.0343,1.0,0.978,0.9908,0.9968,0.9994,1.0
N3_M20,3,20,ppo,,1,19,3,133,"[58, 71, 92]",1.2489,1.1554,1.0887,1.0388,1.0,0.9651,0.9861,0.9954,0.9991,1.0
N3_M20,3,20,ppo,,1,19,4,60,"[33, 39, 40]",1.0714,1.0465,1.0274,1.0123,1.0,0.9932,0.9971,0.999,0.9998,1.0
N3_M20,3,20,ppo,,2,0,0,38,"[22, 24, 24]",1.0286,1.0185,1.0109,1.0049,1.0,0.9984,0.9993,0.9998,1.0,1.0
N3_M20,3,20,ppo,,2,0,1,44,"[23, 31, 29]",1.1205,1.0787,1.0465,1.0209,1.0,0.9851,0.9936,0.9978,0.9995,1.0
N3_M20,3,20,ppo,,2,0,2,13,"[10, 11, 9]",1.1,1.0698,1.0435,1.0204,1.0,0.9934,0.9968,0.9987,0.9997,1.0
N3_M20,3,20,ppo,,2,0,3,43,"[26, 31, 25]",1.1341,1.088,1.0521,1.0235,1.0,0.9909,0.996,0.9986,0.9997,1.0
N3_M20,3,20,ppo,,2,0,4,17,"[12, 16, 12]",1.2,1.1404,1.0879,1.0415,1.0,0.9804,0.9902,0.9962,0.9991,1.0
N3_M20,3,20,ppo,,2,1,0,40,"[33, 28, 26]",1.1379,1.0945,1.058,1.0268,1.0,0.9898,0.9952,0.9982,0.9996,1.0
N3_M20,3,20,ppo,,2,1,1,46,"[18, 31, 27]",1.2237,1.1393,1.0794,1.0347,1.0,0.956,0.9824,0.9942,0.9989,1.0
N3_M20,3,20,ppo,,2,1,2,47,"[32, 37, 33]",1.0882,1.0604,1.037,1.0171,1.0,0.996,0.9981,0.9993,0.9998,1.0
N3_M20,3,20,ppo,,2,1,3,110,"[57, 45, 63]",1.1455,1.0873,1.0485,1.0208,1.0,0.9818,0.9934,0.9979,0.9996,1.0
N3_M20,3,20,ppo,,2,1,4,27,"[16, 17, 15]",1.0625,1.04,1.0233,1.0103,1.0,0.9974,0.9989,0.9996,0.9999,1.0
N3_M20,3,20,ppo,,2,2,0,136,"[86, 71, 78]",1.0979,1.062,1.0358,1.0158,1.0,0.9939,0.9976,0.9992,0.9998,1.0
N3_M20,3,20,ppo,,2,2,1,243,"[145, 100, 94]",1.2832,1.1649,1.0899,1.038,1.0,0.961,0.9864,0.9959,0.9993,1.0
N3_M20,3,20,ppo,,2,2,2,46,"[35, 30, 20]",1.2353,1.1527,1.0897,1.0401,1.0,0.9538,0.98,0.993,0.9986,1.0
N3_M20,3,20,ppo,,2,2,3,137,"[82, 69, 83]",1.0641,1.0404,1.0233,1.0102,1.0,0.9934,0.9973,0.9991,0.9998,1.0
N3_M20,3,20,ppo,,2,2,4,192,"[68, 69, 73]",1.0429,1.0224,1.0115,1.0046,1.0,0.999,0.9997,0.9999,1.0,1.0
N3_M20,3,20,ppo,,2,3,0,40,"[28, 27, 23]",1.0769,1.0508,1.0303,1.0137,1.0,0.9931,0.997,0.9989,0.9998,1.0
N3_M20,3,20,ppo,,2,3,1,87,"[45, 52, 43]",1.1143,1.0705,1.0399,1.0173,1.0,0.9932,0.9974,0.9992,0.9998,1.0
N3_M20,3,20,ppo,,2,3,2,55,"[40, 32, 22]",1.2766,1.1745,1.1004,1.0441,1.0,0.9477,0.9785,0.9928,0.9986,1.0
N3_M20,3,20,ppo,,2,3,3,58,"[41, 33, 32]",1.1604,1.1037,1.0607,1.0271,1.0,0.9872,0.9946,0.9981,0.9996,1.0
N3_M20,3,20,ppo,,2,3,4,70,"[50, 49, 30]",1.1628,1.1055,1.0619,1.0277,1.0,0.9562,0.9811,0.9934,0.9987,1.0
N3_M20,3,20,ppo,,2,4,0,42,"[23, 24, 19]",1.0909,1.0556,1.0312,1.0135,1.0,0.9905,0.9964,0.9989,0.9998,1.0
N3_M20,3,20,ppo,,2,4,1,66,"[28, 35, 29]",1.1413,1.0823,1.0448,1.019,1.0,0.9899,0.9966,0.999,0.9998,1.0
N3_M20,3,20,ppo,,2,4,2,70,"[35, 53, 25]",1.4071,1.2514,1.1424,1.0619,1.0,0.9136,0.9652,0.9886,0.9978,1.0
N3_M20,3,20,ppo,,2,4,3,33,"[20, 25, 15]",1.25,1.1613,1.0943,1.042,1.0,0.96,0.983,0.9941,0.9988,1.0
N3_M20,3,20,ppo,,2,4,4,81,"[47, 56, 22]",1.344,1.2087,1.1168,1.0504,1.0,0.8935,0.958,0.9864,0.9975,1.0
N3_M20,3,20,ppo,,2,5,0,133,"[50, 41, 68]",1.283,1.1541,1.0806,1.0332,1.0,0.9571,0.9869,0.9964,0.9994,1.0
N3_M20,3,20,ppo,,2,5,1,96,"[41, 61, 64]",1.1566,1.0992,1.0573,1.0252,1.0,0.9671,0.9865,0.9955,0.9991,1.0
N3_M20,3,20,ppo,,2,5,2,20,"[14, 13, 17]",1.1591,1.1094,1.0673,1.0312,1.0,0.9867,0.9937,0.9976,0.9995,1.0
N3_M20,3,20,ppo,,2,5,3,31,"[17, 16, 23]",1.2321,1.1494,1.0872,1.0388,1.0,0.9733,0.9888,0.9961,0.9992,1.0
N3_M20,3,20,ppo,,2,5,4,83,"[34, 39, 40]",1.0619,1.0357,1.0193,1.0081,1.0,0.9952,0.9984,0.9995,0.9999,1.0
N3_M20,3,20,ppo,,2,6,0,83,"[54, 63, 41]",1.1962,1.1286,1.0762,1.0343,1.0,0.9714,0.9875,0.9956,0.9991,1.0
N3_M20,3,20,ppo,,2,6,1,34,"[24, 25, 23]",1.0417,1.0283,1.0172,1.0079,1.0,0.9988,0.9995,0.9998,1.0,1.0
N3_M20,3,20,ppo,,2,6,2,41,"[36, 27, 26]",1.2135,1.1462,1.0896,1.0415,1.0,0.9775,0.9893,0.996,0.9991,1.0
N3_M20,3,20,ppo,,2,6,3,32,"[29, 21, 18]",1.2794,1.19,1.1159,1.0534,1.0,0.9597,0.981,0.9928,0.9985,1.0
N3_M20,3,20,ppo,,2,6,4,82,"[62, 57, 20]",1.3381,1.2127,1.1221,1.0536,1.0,0.8595,0.9393,0.9791,0.9959,1.0
N3_M20,3,20,ppo,,2,7,0,138,"[67, 43, 85]",1.3077,1.1802,1.0985,1.0418,1.0,0.9345,0.9765,0.9929,0.9987,1.0
N3_M20,3,20,ppo,,2,7,1,151,"[72, 65, 57]",1.1134,1.0638,1.034,1.0142,1.0,0.9911,0.9972,0.9992,0.9999,1.0
N3_M20,3,20,ppo,,2,7,2,168,"[82, 66, 97]",1.1878,1.1114,1.0614,1.0262,1.0,0.9765,0.9916,0.9974,0.9995,1.0
N3_M20,3,20,ppo,,2,7,3,121,"[52, 47, 64]",1.1779,1.1021,1.0551,1.0232,1.0,0.9831,0.9944,0.9983,0.9997,1.0
N3_M20,3,20,ppo,,2,7,4,42,"[25, 17, 31]",1.274,1.1739,1.1005,1.0443,1.0,0.9474,0.9781,0.9926,0.9985,1.0
N3_M20,3,20,ppo,,2,8,0,86,"[51, 22, 70]",1.4685,1.2926,1.1671,1.0731,1.0,0.8536,0.9373,0.9787,0.9958,1.0
N3_M20,3,20,ppo,,2,8,1,31,"[24, 18, 16]",1.2414,1.1573,1.0927,1.0415,1.0,0.97,0.987,0.9955,0.9991,1.0
N3_M20,3,20,ppo,,2,8,2,42,"[21, 22, 25]",1.1029,1.0636,1.0361,1.0157,1.0,0.9944,0.9979,0.9993,0.9999,1.0
N3_M20,3,20,ppo,,2,8,3,83,"[51, 37, 52]",1.1143,1.0717,1.0411,1.018,1.0,0.9789,0.9916,0.9972,0.9995,1.0
N3_M20,3,20,ppo,,2,8,4,69,"[38, 29, 37]",1.0962,1.0578,1.0322,1.0138,1.0,0.9867,0.9951,0.9985,0.9997,1.0
N3_M20,3,20,ppo,,2,9,0,30,"[18, 20, 16]",1.1111,1.0714,1.0417,1.0185,1.0,0.9918,0.9966,0.9988,0.9998,1.0
N3_M20,3,20,ppo,,2,9,1,18,"[14, 15, 17]",1.1087,1.0781,1.05,1.024,1.0,0.9934,0.9966,0.9986,0.9997,1.0
N3_M20,3,20,ppo,,2,9,2,13,"[10, 10, 12]",1.125,1.0889,1.0563,1.0268,1.0,0.9922,0.9961,0.9984,0.9996,1.0
N3_M20,3,20,ppo,,2,9,3,10,"[7, 9, 7]",1.1739,1.1212,1.0755,1.0354,1.0,0.9851,0.9927,0.9972,0.9994,1.0
N3_M20,3,20,ppo,,2,9,4,12,"[7, 12, 11]",1.2,1.1429,1.0909,1.0435,1.0,0.9554,0.9767,0.9905,0.9978,1.0
N3_M20,3,20,ppo,,2,10,0,9,"[7, 7, 8]",1.0909,1.0645,1.0408,1.0194,1.0,0.9959,0.9979,0.9992,0.9998,1.0
N3_M20,3,20,ppo,,2,10,1,18,"[10, 13, 14]",1.1351,1.0909,1.0549,1.0251,1.0,0.9814,0.9915,0.9969,0.9993,1.0
N3_M20,3,20,ppo,,2,10,2,18,"[13, 12, 15]",1.125,1.0862,1.0532,1.0248,1.0,0.9913,0.9959,0.9984,0.9997,1.0
N3_M20,3,20,ppo,,2,10,3,31,"[21, 18, 16]",1.1455,1.093,1.0541,1.024,1.0,0.9876,0.9949,0.9983,0.9997,1.0
N3_M20,3,20,ppo,,2,10,4,15,"[9, 11, 10]",1.1,1.0667,1.04,1.0182,1.0,0.9934,0.997,0.9989,0.9998,1.0
N3_M20,3,20,ppo,,2,11,0,33,"[23, 22, 18]",1.0952,1.0625,1.037,1.0167,1.0,0.9895,0.9955,0.9984,0.9997,1.0
N3_M20,3,20,ppo,,2,11,1,13,"[8, 9, 10]",1.1111,1.075,1.0455,1.0208,1.0,0.9918,0.9963,0.9986,0.9997,1.0
N3_M20,3,20,ppo,,2,11,2,11,"[7, 8, 8]",1.0435,1.0294,1.0179,1.0082,1.0,0.9962,0.9983,0.9994,0.9999,1.0
N3_M20,3,20,ppo,,2,11,3,7,"[7, 5, 7]",1.1053,1.0769,1.05,1.0244,1.0,0.9783,0.9883,0.995,0.9988,1.0
N3_M20,3,20,ppo,,2,11,4,8,"[7, 5, 4]",1.3125,1.2083,1.125,1.0568,1.0,0.9481,0.9763,0.9913,0.9982,1.0
N3_M20,3,20,ppo,,2,12,0,72,"[41, 36, 35]",1.0982,1.0598,1.0335,1.0145,1.0,0.9951,0.9982,0.9994,0.9999,1.0
N3_M20,3,20,ppo,,2,12,1,190,"[72, 128, 101]",1.2757,1.169,1.0953,1.0413,1.0,0.9506,0.9809,0.9938,0.9988,1.0
N3_M20,3,20,ppo,,2,12,2,41,"[23, 26, 26]",1.04,1.0259,1.0152,1.0068,1.0,0.9968,0.9987,0.9995,0.9999,1.0
N3_M20,3,20,ppo,,2,12,3,220,"[65, 133, 119]",1.2587,1.1527,1.0839,1.0357,1.0,0.9285,0.9739,0.992,0.9985,1.0
N3_M20,3,20,ppo,,2,12,4,19,"[16, 11, 8]",1.3714,1.2407,1.1413,1.0631,1.0,0.9259,0.9675,0.9886,0.9977,1.0
N3_M20,3,20,ppo,,2,13,0,300,"[86, 112, 98]",1.1351,1.0671,1.0334,1.0134,1.0,0.9885,0.9971,0.9993,0.9999,1.0
N3_M20,3,20,ppo,,2,13,1,39,"[21, 25, 13]",1.2712,1.1633,1.0909,1.039,1.0,0.9395,0.9772,0.9928,0.9987,1.0
N3_M20,3,20,ppo,,2,13,2,17,"[11, 14, 10]",1.2,1.1346,1.0814,1.0372,1.0,0.9792,0.9905,0.9965,0.9993,1.0
N3_M20,3,20,ppo,,2,13,3,136,"[47, 71, 57]",1.2171,1.1222,1.0652,1.0272,1.0,0.9723,0.9911,0.9974,0.9996,1.0
N3_M20,3,20,ppo,,2,13,4,106,"[46, 49, 46]",1.0426,1.0243,1.0131,1.0055,1.0,0.9991,0.9997,0.9999,1.0,1.0
N3_M20,3,20,ppo,,2,14,0,20,"[18, 9, 19]",1.2391,1.1667,1.1038,1.0487,1.0,0.9208,0.9599,0.9841,0.9964,1.0
N3_M20,3,20,ppo,,2,14,1,15,"[13, 14, 10]",1.1351,1.0962,1.061,1.0291,1.0,0.9814,0.9905,0.9961,0.9991,1.0
N3_M20,3,20,ppo,,2,14,2,16,"[13, 12, 12]",1.0541,1.0377,1.0235,1.011,1.0,0.9985,0.9993,0.9997,0.9999,1.0
N3_M20,3,20,ppo,,2,14,3,75,"[47, 39, 47]",1.0602,1.0385,1.0223,1.0099,1.0,0.9928,0.9971,0.999,0.9998,1.0
N3_M20,3,20,ppo,,2,14,4,15,"[10, 10, 15]",1.2857,1.2,1.125,1.0588,1.0,0.9608,0.9804,0.9922,0.9983,1.0
N3_M20,3,20,ppo,,2,15,0,18,"[15, 12, 10]",1.2162,1.1455,1.0879,1.0402,1.0,0.973,0.9876,0.9954,0.999,1.0
N3_M20,3,20,ppo,,2,15,1,18,"[9, 17, 13]",1.3077,1.2105,1.129,1.0597,1.0,0.9406,0.9713,0.989,0.9976,1.0
N3_M20,3,20,ppo,,2,15,2,42,"[23, 20, 32]",1.28,1.1795,1.1045,1.0464,1.0,0.9601,0.9832,0.9942,0.9989,1.0
N3_M20,3,20,ppo,,2,15,3,40,"[16, 30, 21]",1.3433,1.215,1.123,1.0539,1.0,0.937,0.9743,0.9914,0.9983,1.0
N3_M20,3,20,ppo,,2,15,4,46,"[33, 19, 32]",1.1786,1.1154,1.0676,1.0301,1.0,0.9507,0.9788,0.9926,0.9985,1.0
N3_M20,3,20,ppo,,2,16,0,14,"[6, 13, 9]",1.3929,1.2619,1.1571,1.0714,1.0,0.9138,0.9597,0.9851,0.9969,1.0
N3_M20,3,20,ppo,,2,16,1,12,"[8, 9, 10]",1.1111,1.0769,1.0476,1.0222,1.0,0.9918,0.9961,0.9985,0.9997,1.0
N3_M20,3,20,ppo,,2,16,2,10,"[7, 7, 8]",1.0909,1.0625,1.0385,1.0179,1.0,0.9959,0.9981,0.9993,0.9998,1.0
N3_M20,3,20,ppo,,2,16,3,10,"[3, 8, 7]",1.3333,1.2143,1.125,1.0556,1.0,0.8852,0.9492,0.9821,0.9964,1.0
N3_M20,3,20,ppo,,2,16,4,14,"[10, 9, 14]",1.2727,1.1915,1.12,1.0566,1.0,0.9629,0.9813,0.9926,0.9983,1.0
N3_M20,3,20,ppo,,2,17,0,32,"[18, 16, 21]",1.1455,1.092,1.053,1.0233,1.0,0.9876,0.995,0.9983,0.9997,1.0
N3_M20,3,20,ppo,,2,17,1,7,"[7, 6, 5]",1.1667,1.12,1.0769,1.037,1.0,0.9818,0.9905,0.9961,0.9991,1.0
N3_M20,3,20,ppo,,2,17,2,8,"[6, 6, 7]",1.1053,1.0741,1.0465,1.022,1.0,0.9945,0.9973,0.9989,0.9998,1.0
N3_M20,3,20,ppo,,2,17,3,22,"[13, 18, 16]",1.1489,1.1014,1.0619,1.0286,1.0,0.9831,0.9921,0.997,0.9994,1.0
N3_M20,3,20,ppo,,2,17,4,10,"[5, 5, 8]",1.3333,1.2143,1.125,1.0556,1.0,0.9474,0.9776,0.9922,0.9985,1.0
N3_M20,3,20,ppo,,2,18,0,71,"[43, 31, 40]",1.1316,1.0811,1.0459,1.0199,1.0,0.9823,0.9932,0.9978,0.9996,1.0
N3_M20,3,20,ppo,,2,18,1,24,"[17, 17, 14]",1.0625,1.0417,1.025,1.0114,1.0,0.9922,0.9965,0.9988,0.9997,1.0
N3_M20,3,20,ppo,,2,18,2,174,"[72, 67, 71]",1.0286,1.0156,1.0082,1.0034,1.0,0.999,0.9997,0.9999,1.0,1.0
N3_M20,3,20,ppo,,2,18,3,101,"[61, 50, 69]",1.15,1.0961,1.0559,1.0248,1.0,0.9834,0.9931,0.9977,0.9995,1.0
N3_M20,3,20,ppo,,2,18,4,33,"[21, 19, 18]",1.0862,1.0549,1.0318,1.0141,1.0,0.9959,0.9983,0.9994,0.9999,1.0
N3_M20,3,20,ppo,,2,19,0,32,"[22, 20, 13]",1.2,1.1264,1.0728,1.0321,1.0,0.9576,0.9826,0.9942,0.9989,1.0
N3_M20,3,20,ppo,,2,19,1,130,"[44, 87, 98]",1.2838,1.1811,1.105,1.0465,1.0,0.9148,0.9635,0.9874,0.9975,1.0
N3_M20,3,20,ppo,,2,19,2,76,"[36, 35, 40]",1.0811,1.0481,1.0265,1.0113,1.0,0.9966,0.9988,0.9996,0.9999,1.0
N3_M20,3,20,ppo,,2,19,3,122,"[54, 72, 77]",1.1379,1.0862,1.0492,1.0215,1.0,0.9791,0.9918,0.9973,0.9995,1.0
N3_M20,3,20,ppo,,2,19,4,60,"[28, 37, 34]",1.1212,1.0755,1.043,1.0188,1.0,0.9873,0.995,0.9984,0.9997,1.0
N3_M20,3,20,astar,median,-1,0,0,21,"[2, 18, 0]",2.7,1.8293,1.4096,1.1627,1.0,0.4065,0.7422,0.9219,0.9868,1.0
N3_M20,3,20,astar,median,-1,1,0,12,"[11, 8, 10]",1.1379,1.0976,1.0615,1.0292,1.0,0.9836,0.9917,0.9967,0.9993,1.0
N3_M20,3,20,astar,median,-1,2,0,37,"[2, 3, 15]",2.25,1.4386,1.1908,1.0708,1.0,0.5602,0.9119,0.982,0.9975,1.0
N3_M20,3,20,astar,median,-1,3,0,11,"[11, 2, 9]",1.5,1.3333,1.2,1.0909,1.0,0.7832,0.8904,0.9576,0.9909,1.0
N3_M20,3,20,astar,median,-1,4,0,15,"[1, 1, 15]",2.6471,1.875,1.4516,1.1842,1.0,0.4244,0.7232,0.9075,0.9833,1.0
N3_M20,3,20,astar,median,-1,5,0,13,"[9, 4, 5]",1.5,1.2903,1.1579,1.0667,1.0,0.8852,0.9581,0.9872,0.9977,1.0
N3_M20,3,20,astar,median,-1,6,0,29,"[2, 0, 26]",2.7857,1.8772,1.4348,1.173,1.0,0.3843,0.7212,0.9133,0.9852,1.0
N3_M20,3,20,astar,median,-1,7,0,17,"[5, 11, 3]",1.7368,1.3889,1.2,1.0814,1.0,0.7763,0.9257,0.9792,0.9965,1.0
N3_M20,3,20,astar,median,-1,8,0,12,"[9, 5, 4]",1.5,1.3,1.1667,1.0714,1.0,0.8852,0.9554,0.9858,0.9974,1.0
N3_M20,3,20,astar,median,-1,9,0,39,"[8, 4, 1]",1.8462,1.2115,1.0846,1.0302,1.0,0.6955,0.9734,0.9956,0.9994,1.0
N3_M20,3,20,astar,median,-1,10,0,8,"[0, 5, 8]",1.8462,1.5238,1.2973,1.1294,1.0,0.633,0.8182,0.9332,0.9866,1.0
N3_M20,3,20,astar,median,-1,11,0,5,"[5, 5, 0]",1.5,1.3333,1.2,1.0909,1.0,0.6667,0.8182,0.9259,0.9837,1.0
N3_M20,3,20,astar,median,-1,12,0,19,"[9, 0, 13]",1.7727,1.4146,1.2152,1.0881,1.0,0.6453,0.8634,0.9591,0.9929,1.0
N3_M20,3,20,astar,median,-1,13,0,22,"[16, 13, 1]",1.6,1.3462,1.1875,1.0789,1.0,0.7042,0.8774,0.9606,0.9928,1.0
N3_M20,3,20,astar,median,-1,14,0,23,"[5, 0, 17]",2.3182,1.6444,1.3187,1.1266,1.0,0.5138,0.8155,0.9476,0.9913,1.0
N3_M20,3,20,astar,median,-1,15,0,16,"[7, 14, 2]",1.8261,1.4872,1.2676,1.1138,1.0,0.7082,0.8746,0.9585,0.9922,1.0
N3_M20,3,20,astar,median,-1,16,0,5,"[3, 5, 1]",1.6667,1.4286,1.25,1.1111,1.0,0.7714,0.8909,0.96,0.9918,1.0
N3_M20,3,20,astar,median,-1,17,0,5,"[4, 5, 0]",1.6667,1.4286,1.25,1.1111,1.0,0.6585,0.8235,0.932,0.9858,1.0
N3_M20,3,20,astar,median,-1,18,0,9,"[0, 9, 9]",1.5,1.3333,1.2,1.0909,1.0,0.6667,0.8182,0.9259,0.9837,1.0
N3_M20,3,20,astar,median,-1,19,0,18,"[18, 3, 0]",2.5714,1.8462,1.44,1.1803,1.0,0.4414,0.7316,0.9098,0.9836,1.0
N3_M20,3,20,astar,minimax,-1,0,0,12,"[10, 8, 10]",1.0714,1.05,1.0312,1.0147,1.0,0.9899,0.995,0.9981,0.9996,1.0
N3_M20,3,20,astar,minimax,-1,1,0,11,"[10, 9, 11]",1.1,1.0732,1.0476,1.0233,1.0,0.9934,0.9964,0.9985,0.9996,1.0
N3_M20,3,20,astar,minimax,-1,2,0,38,"[14, 13, 13]",1.05,1.0256,1.013,1.0052,1.0,0.9988,0.9997,0.9999,1.0,1.0
N3_M20,3,20,astar,minimax,-1,3,0,14,"[14, 8, 9]",1.3548,1.2444,1.1507,1.0701,1.0,0.9394,0.9703,0.9885,0.9975,1.0
N3_M20,3,20,astar,minimax,-1,4,0,8,"[8, 8, 8]",1.0,1.0,1.0,1.0,1.0,1.0,1.0,1.0,1.0,1.0
N3_M20,3,20,astar,minimax,-1,5,0,11,"[7, 7, 8]",1.0909,1.0606,1.0364,1.0165,1.0,0.9959,0.9982,0.9993,0.9999,1.0
N3_M20,3,20,astar,minimax,-1,6,0,16,"[16, 14, 13]",1.1163,1.0847,1.0549,1.0267,1.0,0.9925,0.996,0.9983,0.9996,1.0
N3_M20,3,20,astar,minimax,-1,7,0,75,"[13, 9, 13]",1.1143,1.0364,1.0154,1.0056,1.0,0.9745,0.9974,0.9995,0.9999,1.0
N3_M20,3,20,astar,minimax,-1,8,0,13,"[7, 8, 7]",1.0909,1.0571,1.0328,1.0144,1.0,0.9959,0.9984,0.9995,0.9999,1.0
N3_M20,3,20,astar,minimax,-1,9,0,37,"[7, 6, 2]",1.4,1.1154,1.0476,1.0172,1.0,0.8427,0.9847,0.9974,0.9997,1.0
N3_M20,3,20,astar,minimax,-1,10,0,7,"[2, 7, 7]",1.3125,1.2174,1.1351,1.0633,1.0,0.8366,0.9136,0.9648,0.9921,1.0
N3_M20,3,20,astar,minimax,-1,11,0,5,"[5, 5, 1]",1.3636,1.25,1.1538,1.0714,1.0,0.7908,0.8889,0.9548,0.9899,1.0
N3_M20,3,20,astar,minimax,-1,12,0,79,"[17, 8, 11]",1.4167,1.1304,1.0549,1.0201,1.0,0.9114,0.9906,0.9983,0.9998,1.0
N3_M20,3,20,astar,minimax,-1,13,0,16,"[14, 12, 4]",1.4,1.2609,1.1538,1.069,1.0,0.8427,0.9264,0.9731,0.9945,1.0
N3_M20,3,20,astar,minimax,-1,14,0,10,"[10, 5, 10]",1.2,1.1429,1.0909,1.0435,1.0,0.9259,0.9608,0.9837,0.9962,1.0
N3_M20,3,20,astar,minimax,-1,15,0,13,"[11, 9, 6]",1.2692,1.1795,1.1077,1.049,1.0,0.9468,0.9756,0.9911,0.9981,1.0
N3_M20,3,20,astar,minimax,-1,16,0,5,"[5, 5, 3]",1.1538,1.1111,1.0714,1.0345,1.0,0.9548,0.9759,0.9899,0.9976,1.0
N3_M20,3,20,astar,minimax,-1,17,0,5,"[5, 5, 1]",1.3636,1.25,1.1538,1.0714,1.0,0.7908,0.8889,0.9548,0.9899,1.0
N3_M20,3,20,astar,minimax,-1,18,0,43,"[6, 9, 11]",1.2692,1.1014,1.0452,1.0169,1.0,0.9468,0.9921,0.9984,0.9998,1.0
N3_M20,3,20,astar,minimax,-1,19,0,33,"[13, 13, 10]",1.0833,1.0435,1.0222,1.009,1.0,0.9863,0.9962,0.999,0.9998,1.0
N4_M20,4,20,ppo,,0,0,0,36,"[26, 22, 22, 20]",1.1556,1.1014,1.0598,1.0268,1.0,0.9907,0.996,0.9986,0.9997,1.0
N4_M20,4,20,ppo,,0,0,1,52,"[31, 35, 32, 31]",1.0853,1.0555,1.0326,1.0146,1.0,0.9974,0.9989,0.9996,0.9999,1.0
N4_M20,4,20,ppo,,0,0,2,23,"[19, 19, 20, 11]",1.1594,1.1104,1.0683,1.0319,1.0,0.9576,0.9792,0.9919,0.9982,1.0
N4_M20,4,20,ppo,,0,0,3,22,"[14, 19, 20, 9]",1.2903,1.1971,1.12,1.0552,1.0,0.9258,0.9644,0.9865,0.9971,1.0
N4_M20,4,20,ppo,,0,0,4,32,"[24, 24, 24, 23]",1.0105,1.0073,1.0045,1.0021,1.0,0.9997,0.9998,0.9999,1.0,1.0
N4_M20,4,20,ppo,,0,1,0,61,"[47, 35, 27, 48]",1.2229,1.1469,1.0873,1.0394,1.0,0.9529,0.979,0.9925,0.9985,1.0
N4_M20,4,20,ppo,,0,1,1,30,"[22, 19, 20, 20]",1.0864,1.0579,1.0348,1.0159,1.0,0.9971,0.9987,0.9995,0.9999,1.0
N4_M20,4,20,ppo,,0,1,2,32,"[24, 24, 24, 26]",1.0612,1.0427,1.0265,1.0124,1.0,0.9988,0.9994,0.9998,0.9999,1.0
N4_M20,4,20,ppo,,0,1,3,69,"[46, 36, 39, 40]",1.1429,1.0909,1.0526,1.0233,1.0,0.9919,0.9967,0.9989,0.9998,1.0
N4_M20,4,20,ppo,,0,1,4,37,"[27, 29, 24, 28]",1.0741,1.0508,1.0312,1.0145,1.0,0.9952,0.9977,0.9991,0.9998,1.0
N4_M20,4,20,ppo,,0,2,0,278,"[147, 97, 113, 148]",1.1723,1.0994,1.0538,1.0227,1.0,0.9705,0.99,0.997,0.9995,1.0
N4_M20,4,20,ppo,,0,2,1,214,"[108, 93, 94, 86]",1.1339,1.0765,1.0412,1.0173,1.0,0.993,0.9977,0.9993,0.9999,1.0
N4_M20,4,20,ppo,,0,2,2,300,"[97, 131, 110, 137]",1.1537,1.0834,1.0436,1.0179,1.0,0.982,0.9946,0.9985,0.9998,1.0
N4_M20,4,20,ppo,,0,2,3,300,"[119, 83, 127, 128]",1.1204,1.0642,1.0332,1.0136,1.0,0.9748,0.9927,0.998,0.9997,1.0
N4_M20,4,20,ppo,,0,2,4,46,"[25, 24, 23, 25]",1.0309,1.0189,1.0107,1.0046,1.0,0.9988,0.9996,0.9999,1.0,1.0
N4_M20,4,20,ppo,,0,3,0,47,"[22, 24, 34, 23]",1.3204,1.1992,1.1134,1.0495,1.0,0.9662,0.9867,0.9956,0.9992,1.0
N4_M20,4,20,ppo,,0,3,1,26,"[18, 15, 19, 22]",1.1892,1.1288,1.0787,1.0363,1.0,0.9821,0.9916,0.9969,0.9993,1.0
N4_M20,4,20,ppo,,0,3,2,110,"[59, 38, 61, 82]",1.3667,1.2276,1.1294,1.0564,1.0,0.9369,0.9747,0.9917,0.9984,1.0
N4_M20,4,20,ppo,,0,3,3,63,"[46, 28, 19, 48]",1.3617,1.2267,1.1298,1.0569,1.0,0.8931,0.9551,0.9848,0.9971,1.0
N4_M20,4,20,ppo,,0,3,4,60,"[38, 31, 44, 32]",1.2138,1.1378,1.0805,1.0358,1.0,0.9797,0.9915,0.9971,0.9994,1.0
N4_M20,4,20,ppo,,0,4,0,41,"[34, 24, 26, 28]",1.2143,1.144,1.087,1.0397,1.0,0.9825,0.992,0.9971,0.9994,1.0
N4_M20,4,20,ppo,,0,4,1,159,"[66, 43, 86, 101]",1.3649,1.2126,1.1159,1.049,1.0,0.9203,0.9714,0.9913,0.9984,1.0
N4_M20,4,20,ppo,,0,4,2,38,"[25, 25, 20, 27]",1.1134,1.0745,1.0442,1.0199,1.0,0.9888,0.9951,0.9983,0.9997,1.0
N4_M20,4,20,ppo,,0,4,3,41,"[26, 22, 30, 13]",1.3187,1.1991,1.1137,1.0497,1.0,0.9288,0.9709,0.9903,0.9981,1.0
N4_M20,4,20,ppo,,0,4,4,25,"[12, 16, 17, 20]",1.2308,1.1525,1.0909,1.0411,1.0,0.9699,0.9866,0.9952,0.999,1.0
N4_M20,4,20,ppo,,0,5,0,61,"[42, 28, 38, 35]",1.1748,1.1114,1.0646,1.0286,1.0,0.9799,0.9917,0.9972,0.9995,1.0
N4_M20,4,20,ppo,,0,5,1,84,"[49, 49, 47, 44]",1.037,1.0233,1.0133,1.0058,1.0,0.9981,0.9993,0.9998,1.0,1.0
N4_M20,4,20,ppo,,0,5,2,229,"[125, 112, 122, 69]",1.1682,1.0982,1.0536,1.0227,1.0,0.9578,0.9852,0.9956,0.9992,1.0
N4_M20,4,20,ppo,,0,5,3,56,"[41, 34, 37, 17]",1.2713,1.1718,1.0992,1.0437,1.0,0.9255,0.9687,0.9894,0.9979,1.0
N4_M20,4,20,ppo,,0,5,4,20,"[16, 15, 20, 17]",1.1765,1.1268,1.0811,1.039,1.0,0.988,0.9938,0.9974,0.9994,1.0
N4_M20,4,20,ppo,,0,6,0,71,"[38, 43, 44, 33]",1.1139,1.0712,1.0407,1.0178,1.0,0.9878,0.9952,0.9984,0.9997,1.0
N4_M20,4,20,ppo,,0,6,1,70,"[46, 46, 45, 48]",1.0378,1.0251,1.0151,1.0068,1.0,0.9994,0.9998,0.9999,1.0,1.0
N4_M20,4,20,ppo,,0,6,2,35,"[27, 28, 19, 28]",1.098,1.0673,1.0413,1.0192,1.0,0.9786,0.9898,0.9961,0.9992,1.0
N4_M20,4,20,ppo,,0,6,3,38,"[25, 28, 23, 26]",1.098,1.0655,1.0394,1.0179,1.0,0.995,0.9978,0.9992,0.9998,1.0
N4_M20,4,20,ppo,,0,6,4,40,"[27, 27, 29, 25]",1.0741,1.0496,1.0299,1.0136,1.0,0.9973,0.9988,0.9996,0.9999,1.0
N4_M20,4,20,ppo,,0,7,0,205,"[69, 108, 93, 81]",1.2308,1.1297,1.0692,1.0288,1.0,0.9736,0.9915,0.9976,0.9996,1.0
N4_M20,4,20,ppo,,0,7,1,125,"[45, 93, 66, 82]",1.3007,1.19,1.1094,1.0482,1.0,0.94,0.9752,0.9916,0.9984,1.0
N4_M20,4,20,ppo,,0,7,2,129,"[31, 85, 79, 68]",1.2928,1.177,1.0988,1.0425,1.0,0.9077,0.9642,0.9885,0.9979,1.0
N4_M20,4,20,ppo,,0,7,3,96,"[45, 66, 46, 49]",1.2816,1.1737,1.0983,1.0427,1.0,0.9735,0.9897,0.9967,0.9994,1.0
N4_M20,4,20,ppo,,0,7,4,95,"[35, 67, 30, 63]",1.3744,1.2269,1.127,1.0547,1.0,0.8983,0.96,0.9871,0.9976,1.0
N4_M20,4,20,ppo,,0,8,0,16,"[13, 12, 10, 9]",1.1818,1.1224,1.0741,1.0339,1.0,0.9798,0.9907,0.9966,0.9993,1.0
N4_M20,4,20,ppo,,0,8,1,23,"[10, 13, 17, 13]",1.283,1.1793,1.1034,1.0456,1.0,0.966,0.9861,0.9953,0.9991,1.0
N4_M20,4,20,ppo,,0,8,2,96,"[47, 48, 38, 56]",1.1852,1.1104,1.0611,1.0261,1.0,0.9821,0.9936,0.998,0.9996,1.0
N4_M20,4,20,ppo,,0,8,3,17,"[11, 13, 10, 10]",1.1818,1.12,1.0714,1.0323,1.0,0.9878,0.9946,0.9981,0.9996,1.0
N4_M20,4,20,ppo,,0,8,4,31,"[24, 22, 21, 14]",1.1852,1.1226,1.0732,1.0331,1.0,0.9666,0.9851,0.9946,0.9989,1.0
N4_M20,4,20,ppo,,0,9,0,19,"[13, 16, 16, 12]",1.1228,1.085,1.0526,1.0246,1.0,0.9845,0.9925,0.9971,0.9994,1.0
N4_M20,4,20,ppo,,0,9,1,12,"[7, 11, 10, 11]",1.1282,1.0909,1.0575,1.0273,1.0,0.9725,0.986,0.9944,0.9987,1.0
N4_M20,4,20,ppo,,0,9,2,17,"[9, 12, 16, 14]",1.2549,1.1765,1.1092,1.051,1.0,0.9605,0.9807,0.9925,0.9984,1.0
N4_M20,4,20,ppo,,0,9,3,17,"[10, 13, 10, 13]",1.1304,1.0874,1.0526,1.024,1.0,0.9833,0.9924,0.9972,0.9994,1.0
N4_M20,4,20,ppo,,0,9,4,19,"[13, 16, 14, 15]",1.1034,1.072,1.0448,1.021,1.0,0.9941,0.9971,0.9989,0.9998,1.0
N4_M20,4,20,ppo,,0,10,0,57,"[40, 30, 32, 37]",1.1511,1.0977,1.0572,1.0255,1.0,0.9872,0.9946,0.9981,0.9996,1.0
N4_M20,4,20,ppo,,0,10,1,50,"[31, 35, 35, 39]",1.1143,1.0774,1.0471,1.0216,1.0,0.9935,0.997,0.9989,0.9998,1.0
N4_M20,4,20,ppo,,0,10,2,102,"[70, 62, 68, 48]",1.129,1.0833,1.0488,1.0217,1.0,0.9811,0.992,0.9973,0.9995,1.0
N4_M20,4,20,ppo,,0,10,3,161,"[94, 59, 88, 85]",1.1534,1.0925,1.0515,1.0221,1.0,0.9737,0.9903,0.997,0.9994,1.0
N4_M20,4,20,ppo,,0,10,4,14,"[9, 11, 13, 10]",1.2093,1.1459,1.0909,1.0427,1.0,0.9814,0.9909,0.9964,0.9992,1.0
N4_M20,4,20,ppo,,0,11,0,17,"[14, 14, 13, 10]",1.098,1.0679,1.042,1.0196,1.0,0.9837,0.9921,0.997,0.9993,1.0
N4_M20,4,20,ppo,,0,11,1,28,"[22, 13, 19, 14]",1.2941,1.1899,1.1111,1.0495,1.0,0.9554,0.9809,0.9934,0.9987,1.0
N4_M20,4,20,ppo,,0,11,2,32,"[25, 25, 23, 16]",1.1236,1.0835,1.0507,1.0233,1.0,0.9731,0.9875,0.9954,0.999,1.0
N4_M20,4,20,ppo,,0,11,3,17,"[11, 11, 14, 9]",1.2444,1.1626,1.0973,1.0442,1.0,0.9754,0.989,0.996,0.9992,1.0
N4_M20,4,20,ppo,,0,11,4,21,"[16, 16, 17, 14]",1.0794,1.0549,1.034,1.0159,1.0,0.9952,0.9977,0.9991,0.9998,1.0
N4_M20,4,20,ppo,,0,12,0,138,"[60, 94, 86, 88]",1.1463,1.0938,1.0545,1.0242,1.0,0.9753,0.9897,0.9965,0.9993,1.0
N4_M20,4,20,ppo,,0,12,1,20,"[17, 12, 13, 12]",1.2593,1.1736,1.1045,1.0476,1.0,0.9772,0.9897,0.9962,0.9992,1.0
N4_M20,4,20,ppo,,0,12,2,20,"[17, 15, 15, 11]",1.1724,1.1181,1.0725,1.0336,1.0,0.9779,0.9895,0.996,0.9991,1.0
N4_M20,4,20,ppo,,0,12,3,173,"[44, 86, 115, 85]",1.3939,1.2319,1.1272,1.054,1.0,0.9141,0.9685,0.9903,0.9982,1.0
N4_M20,4,20,ppo,,0,12,4,34,"[26, 24, 25, 25]",1.04,1.0275,1.0169,1.0079,1.0,0.9992,0.9996,0.9999,1.0,1.0
N4_M20,4,20,ppo,,0,13,0,150,"[80, 79, 57, 38]",1.2598,1.1454,1.0773,1.0321,1.0,0.9305,0.9771,0.9934,0.9989,1.0
N4_M20,4,20,ppo,,0,13,1,33,"[25, 21, 15, 19]",1.25,1.1613,1.0943,1.042,1.0,0.9685,0.9867,0.9954,0.9991,1.0
N4_M20,4,20,ppo,,0,13,2,89,"[52, 59, 35, 46]",1.2292,1.1416,1.0803,1.0349,1.0,0.9675,0.9873,0.9959,0.9992,1.0
N4_M20,4,20,ppo,,0,13,3,164,"[102, 56, 90, 106]",1.1977,1.1222,1.0693,1.0301,1.0,0.9529,0.9815,0.994,0.9989,1.0
N4_M20,4,20,ppo,,0,13,4,132,"[77, 52, 56, 34]",1.4064,1.2253,1.1191,1.0494,1.0,0.9277,0.9766,0.9933,0.9989,1.0
N4_M20,4,20,ppo,,0,14,0,15,"[13, 15, 10, 13]",1.1765,1.1268,1.0811,1.039,1.0,0.9808,0.99,0.9959,0.999,1.0
N4_M20,4,20,ppo,,0,14,1,26,"[14, 16, 15, 23]",1.3529,1.2338,1.1395,1.0632,1.0,0.9585,0.9814,0.9933,0.9986,1.0
N4_M20,4,20,ppo,,0,14,2,36,"[21, 16, 24, 28]",1.2584,1.1679,1.0987,1.0441,1.0,0.9627,0.9839,0.9944,0.9989,1.0
N4_M20,4,20,ppo,,0,14,3,42,"[21, 25, 28, 37]",1.3333,1.2216,1.1326,1.0602,1.0,0.9569,0.9805,0.9929,0.9985,1.0
N4_M20,4,20,ppo,,0,14,4,28,"[18, 16, 18, 20]",1.1111,1.0732,1.0435,1.0196,1.0,0.9939,0.9973,0.9991,0.9998,1.0
N4_M20,4,20,ppo,,0,15,0,40,"[28, 23, 13, 24]",1.2727,1.1698,1.0968,1.0423,1.0,0.9407,0.9762,0.9921,0.9985,1.0
N4_M20,4,20,ppo,,0,15,1,103,"[69, 59, 40, 56]",1.2321,1.1439,1.0818,1.0356,1.0,0.9666,0.9869,0.9957,0.9992,1.0
N4_M20,4,20,ppo,,0,15,2,42,"[32, 22, 27, 30]",1.1532,1.1018,1.0609,1.0276,1.0,0.9819,0.9919,0.9971,0.9994,1.0
N4_M20,4,20,ppo,,0,15,3,63,"[53, 36, 27, 42]",1.3418,1.2231,1.1317,1.0591,1.0,0.9459,0.9762,0.9916,0.9983,1.0
N4_M20,4,20,ppo,,0,15,4,42,"[26, 29, 16, 24]",1.2211,1.1391,1.0798,1.0351,1.0,0.9605,0.984,0.9947,0.999,1.0
N4_M20,4,20,ppo,,0,16,0,13,"[5, 11, 11, 7]",1.2941,1.1948,1.1163,1.0526,1.0,0.9146,0.9606,0.9856,0.997,1.0
N4_M20,4,20,ppo,,0,16,1,10,"[6, 8, 8, 7]",1.1034,1.0709,1.0435,1.0201,1.0,0.9871,0.9939,0.9977,0.9995,1.0
N4_M20,4,20,ppo,,0,16,2,11,"[8, 7, 10, 9]",1.1765,1.1233,1.0769,1.0361,1.0,0.983,0.9916,0.9967,0.9993,1.0
N4_M20,4,20,ppo,,0,16,3,25,"[9, 16, 22, 11]",1.5172,1.3285,1.1899,1.0838,1.0,0.8928,0.9538,0.9841,0.9969,1.0
N4_M20,4,20,ppo,,0,16,4,14,"[8, 12, 10, 9]",1.2308,1.1561,1.0947,1.0435,1.0,0.9775,0.9896,0.9961,0.9992,1.0
N4_M20,4,20,ppo,,0,17,0,165,"[84, 112, 77, 90]",1.2342,1.1458,1.0831,1.0363,1.0,0.9796,0.992,0.9974,0.9995,1.0
N4_M20,4,20,ppo,,0,17,1,300,"[130, 188, 46, 144]",1.4803,1.2687,1.1429,1.0594,1.0,0.8591,0.9512,0.9857,0.9975,1.0
N4_M20,4,20,ppo,,0,17,2,300,"[137, 202, 92, 142]",1.4101,1.2415,1.1325,1.0563,1.0,0.9306,0.9748,0.9923,0.9986,1.0
N4_M20,4,20,ppo,,0,17,3,300,"[152, 183, 24, 156]",1.4214,1.2372,1.1265,1.0527,1.0,0.8135,0.9323,0.9797,0.9964,1.0
N4_M20,4,20,ppo,,0,17,4,300,"[132, 176, 47, 129]",1.4545,1.2489,1.1306,1.0539,1.0,0.8708,0.9574,0.9879,0.9979,1.0
N4_M20,4,20,ppo,,0,18,0,15,"[8, 13, 14, 13]",1.1667,1.1176,1.0741,1.0351,1.0,0.9632,0.9813,0.9925,0.9983,1.0
N4_M20,4,20,ppo,,0,18,1,29,"[21, 20, 19, 17]",1.0909,1.0605,1.0363,1.0165,1.0,0.9941,0.9974,0.9991,0.9998,1.0
N4_M20,4,20,ppo,,0,18,2,177,"[108, 73, 59, 83]",1.3375,1.195,1.1057,1.0445,1.0,0.9532,0.9839,0.9952,0.9991,1.0
N4_M20,4,20,ppo,,0,18,3,21,"[12, 16, 16, 16]",1.0667,1.0455,1.0278,1.0128,1.0,0.9868,0.9938,0.9977,0.9995,1.0
N4_M20,4,20,ppo,,0,18,4,31,"[20, 26, 25, 21]",1.1304,1.09,1.0556,1.0259,1.0,0.9879,0.9942,0.9978,0.9995,1.0
N4_M20,4,20,ppo,,0,19,0,72,"[36, 42, 39, 29]",1.1507,1.0909,1.0507,1.0218,1.0,0.9828,0.9937,0.998,0.9996,1.0
N4_M20,4,20,ppo,,0,19,1,300,"[156, 174, 92, 132]",1.2563,1.1488,1.081,1.0342,1.0,0.9532,0.9837,0.9951,0.9991,1.0
N4_M20,4,20,ppo,,0,19,2,129,"[45, 79, 62, 61]",1.2794,1.1647,1.0904,1.0384,1.0,0.9634,0.987,0.996,0.9993,1.0
N4_M20,4,20,ppo,,0,19,3,300,"[123, 107, 130, 100]",1.1304,1.0698,1.0361,1.0148,1.0,0.9892,0.9969,0.9992,0.9999,1.0
N4_M20,4,20,ppo,,0,19,4,223,"[93, 75, 65, 73]",1.2157,1.1094,1.0551,1.0221,1.0,0.9824,0.9954,0.9988,0.9998,1.0
N4_M20,4,20,ppo,,1,0,0,24,"[16, 10, 18, 16]",1.2,1.1304,1.0769,1.0345,1.0,0.9615,0.9833,0.9941,0.9988,1.0
N4_M20,4,20,ppo,,1,0,1,44,"[30, 35, 30, 30]",1.12,1.0817,1.0498,1.023,1.0,0.9952,0.9978,0.9992,0.9998,1.0
N4_M20,4,20,ppo,,1,0,2,42,"[27, 31, 30, 26]",1.0877,1.0588,1.0355,1.0162,1.0,0.9948,0.9977,0.9991,0.9998,1.0
N4_M20,4,20,ppo,,1,0,3,58,"[30, 42, 38, 37]",1.1429,1.0936,1.0554,1.0249,1.0,0.9864,0.9941,0.9979,0.9996,1.0
N4_M20,4,20,ppo,,1,0,4,38,"[21, 19, 26, 24]",1.1556,1.0995,1.0579,1.0256,1.0,0.9859,0.9942,0.998,0.9996,1.0
N4_M20,4,20,ppo,,1,1,0,34,"[22, 20, 14, 22]",1.1282,1.0811,1.0467,1.0206,1.0,0.9725,0.9888,0.9963,0.9993,1.0
N4_M20,4,20,ppo,,1,1,1,28,"[19, 22, 21, 18]",1.1,1.0682,1.0417,1.0192,1.0,0.9938,0.9971,0.9989,0.9998,1.0
N4_M20,4,20,ppo,,1,1,2,72,"[43, 36, 42, 36]",1.0955,1.0593,1.0337,1.0147,1.0,0.9931,0.9973,0.9991,0.9998,1.0
N4_M20,4,20,ppo,,1,1,3,75,"[48, 43, 43, 35]",1.1361,1.0855,1.049,1.0215,1.0,0.988,0.9952,0.9984,0.9997,1.0
N4_M20,4,20,ppo,,1,1,4,56,"[35, 39, 30, 28]",1.1818,1.1161,1.0674,1.0299,1.0,0.9833,0.9931,0.9977,0.9995,1.0
N4_M20,4,20,ppo,,1,2,0,201,"[67, 95, 47, 47]",1.4844,1.2366,1.117,1.0465,1.0,0.9137,0.9779,0.9945,0.9991,1.0
N4_M20,4,20,ppo,,1,2,1,232,"[68, 108, 122, 114]",1.1845,1.1054,1.0567,1.0238,1.0,0.9608,0.9869,0.9962,0.9993,1.0
N4_M20,4,20,ppo,,1,2,2,33,"[21, 20, 20, 20]",1.037,1.024,1.0141,1.0063,1.0,0.9995,0.9998,0.9999,1.0,1.0
N4_M20,4,20,ppo,,1,2,3,143,"[45, 75, 74, 76]",1.1259,1.0738,1.0404,1.0171,1.0,0.9642,0.9874,0.9962,0.9993,1.0
N4_M20,4,20,ppo,,1,2,4,65,"[30, 31, 34, 22]",1.1624,1.0933,1.0504,1.0212,1.0,0.9775,0.9925,0.9978,0.9996,1.0
N4_M20,4,20,ppo,,1,3,0,35,"[20, 23, 23, 23]",1.0337,1.0221,1.0131,1.0059,1.0,0.9966,0.9985,0.9995,0.9999,1.0
N4_M20,4,20,ppo,,1,3,1,31,"[20, 17, 19, 23]",1.1646,1.108,1.064,1.0288,1.0,0.9881,0.9948,0.9982,0.9996,1.0
N4_M20,4,20,ppo,,1,3,2,58,"[38, 29, 34, 42]",1.1748,1.1135,1.0667,1.0298,1.0,0.9822,0.9924,0.9974,0.9995,1.0
N4_M20,4,20,ppo,,1,3,3,65,"[33, 31, 27, 46]",1.3431,1.2101,1.1184,1.0513,1.0,0.9586,0.984,0.9949,0.999,1.0
N4_M20,4,20,ppo,,1,3,4,72,"[44, 36, 41, 47]",1.119,1.0758,1.0439,1.0194,1.0,0.9907,0.9962,0.9987,0.9998,1.0
N4_M20,4,20,ppo,,1,4,0,85,"[23, 45, 40, 52]",1.3,1.1756,1.096,1.0407,1.0,0.9332,0.9761,0.9927,0.9987,1.0
N4_M20,4,20,ppo,,1,4,1,108,"[51, 27, 54, 68]",1.36,1.2093,1.1139,1.0481,1.0,0.92,0.9714,0.9914,0.9984,1.0
N4_M20,4,20,ppo,,1,4,2,107,"[36, 60, 61, 71]",1.2456,1.1511,1.0854,1.037,1.0,0.9515,0.9811,0.9939,0.9988,1.0
N4_M20,4,20,ppo,,1,4,3,87,"[50, 28, 41, 33]",1.3158,1.1791,1.096,1.0401,1.0,0.9541,0.9848,0.9956,0.9992,1.0
N4_M20,4,20,ppo,,1,4,4,152,"[83, 66, 63, 86]",1.1544,1.0919,1.0508,1.0217,1.0,0.9819,0.9935,0.998,0.9996,1.0
N4_M20,4,20,ppo,,1,5,0,18,"[14, 5, 13, 12]",1.2727,1.1765,1.1034,1.0462,1.0,0.9064,0.9585,0.9854,0.9971,1.0
N4_M20,4,20,ppo,,1,5,1,85,"[49, 58, 45, 35]",1.2406,1.1498,1.0854,1.0373,1.0,0.9697,0.988,0.9961,0.9993,1.0
N4_M20,4,20,ppo,,1,5,2,78,"[65, 32, 50, 18]",1.5758,1.3532,1.1992,1.0863,1.0,0.8431,0.9346,0.9782,0.9958,1.0
N4_M20,4,20,ppo,,1,5,3,86,"[57, 46, 45, 33]",1.2597,1.159,1.0895,1.0387,1.0,0.9659,0.987,0.9958,0.9992,1.0
N4_M20,4,20,ppo,,1,5,4,22,"[16, 15, 16, 17]",1.0625,1.0429,1.0263,1.0122,1.0,0.9981,0.9991,0.9997,0.9999,1.0
N4_M20,4,20,ppo,,1,6,0,50,"[30, 35, 22, 29]",1.2069,1.1314,1.0759,1.0335,1.0,0.9751,0.9898,0.9966,0.9993,1.0
N4_M20,4,20,ppo,,1,6,1,56,"[34, 31, 31, 42]",1.2174,1.1411,1.0829,1.037,1.0,0.9833,0.9929,0.9975,0.9995,1.0
N4_M20,4,20,ppo,,1,6,2,33,"[21, 25, 21, 27]",1.1489,1.1014,1.0619,1.0286,1.0,0.9879,0.9944,0.9979,0.9996,1.0
N4_M20,4,20,ppo,,1,6,3,123,"[60, 69, 40, 51]",1.2545,1.1458,1.0787,1.033,1.0,0.9632,0.9876,0.9964,0.9994,1.0
N4_M20,4,20,ppo,,1,6,4,46,"[35, 25, 19, 34]",1.2389,1.1549,1.0909,1.0406,1.0,0.9481,0.9775,0.9921,0.9984,1.0
N4_M20,4,20,ppo,,1,7,0,58,"[36, 33, 20, 32]",1.1901,1.116,1.0652,1.0282,1.0,0.9609,0.9851,0.9952,0.9991,1.0
N4_M20,4,20,ppo,,1,7,1,300,"[138, 121, 66, 142]",1.2163,1.1165,1.0606,1.0248,1.0,0.9367,0.9808,0.9947,0.9991,1.0
N4_M20,4,20,ppo,,1,7,2,38,"[26, 23, 10, 19]",1.3333,1.2021,1.113,1.0487,1.0,0.913,0.9662,0.9892,0.998,1.0
N4_M20,4,20,ppo,,1,7,3,60,"[36, 39, 20, 31]",1.2381,1.1456,1.082,1.0355,1.0,0.95,0.9807,0.9938,0.9988,1.0
N4_M20,4,20,ppo,,1,7,4,31,"[21, 15, 15, 20]",1.1831,1.1157,1.0667,1.0293,1.0,0.9762,0.9903,0.9968,0.9994,1.0
N4_M20,4,20,ppo,,1,8,0,35,"[20, 19, 15, 19]",1.0959,1.0585,1.0329,1.0142,1.0,0.989,0.9959,0.9987,0.9998,1.0
N4_M20,4,20,ppo,,1,8,1,122,"[60, 55, 44, 62]",1.1222,1.0704,1.0381,1.016,1.0,0.9843,0.9947,0.9985,0.9997,1.0
N4_M20,4,20,ppo,,1,8,2,53,"[31, 22, 23, 30]",1.1698,1.1019,1.0566,1.0243,1.0,0.9774,0.9917,0.9974,0.9995,1.0
N4_M20,4,20,ppo,,1,8,3,19,"[10, 12, 12, 11]",1.0667,1.0427,1.0248,1.011,1.0,0.9946,0.9978,0.9992,0.9999,1.0
N4_M20,4,20,ppo,,1,8,4,39,"[23, 22, 18, 16]",1.1646,1.0992,1.0553,1.0238,1.0,0.9794,0.9924,0.9976,0.9996,1.0
N4_M20,4,20,ppo,,1,9,0,25,"[13, 12, 16, 10]",1.2549,1.1542,1.0861,1.037,1.0,0.972,0.9896,0.9967,0.9994,1.0
N4_M20,4,20,ppo,,1,9,1,42,"[29, 31, 26, 29]",1.0783,1.0526,1.0318,1.0145,1.0,0.9962,0.9983,0.9994,0.9999,1.0
N4_M20,4,20,ppo,,1,9,2,20,"[13, 12, 10, 13]",1.0833,1.0536,1.0312,1.0139,1.0,0.9897,0.9957,0.9985,0.9997,1.0
N4_M20,4,20,ppo,,1,9,3,34,"[21, 21, 20, 22]",1.0476,1.0309,1.0182,1.0081,1.0,0.9989,0.9995,0.9998,1.0,1.0
N4_M20,4,20,ppo,,1,9,4,22,"[13, 14, 10, 15]",1.1538,1.0984,1.0571,1.0253,1.0,0.9797,0.9916,0.9972,0.9994,1.0
N4_M20,4,20,ppo,,1,10,0,55,"[26, 34, 28, 40]",1.25,1.1589,1.092,1.0406,1.0,0.9715,0.9883,0.9961,0.9992,1.0
N4_M20,4,20,ppo,,1,10,1,33,"[17, 26, 20, 27]",1.2,1.1343,1.0811,1.037,1.0,0.967,0.9849,0.9944,0.9988,1.0
N4_M20,4,20,ppo,,1,10,2,48,"[32, 34, 27, 29]",1.1148,1.0753,1.0446,1.0201,1.0,0.9923,0.9967,0.9988,0.9998,1.0
N4_M20,4,20,ppo,,1,10,3,217,"[91, 90, 133, 100]",1.285,1.1678,1.092,1.0391,1.0,0.9723,0.9902,0.997,0.9995,1.0
N4_M20,4,20,ppo,,1,10,4,20,"[8, 13, 18, 11]",1.44,1.287,1.1692,1.0759,1.0,0.9218,0.9652,0.9876,0.9975,1.0
N4_M20,4,20,ppo,,1,11,0,32,"[17, 23, 21, 21]",1.122,1.0802,1.0476,1.0215,1.0,0.9888,0.9951,0.9983,0.9997,1.0
N4_M20,4,20,ppo,,1,11,1,17,"[11, 10, 12, 13]",1.1304,1.0874,1.0526,1.024,1.0,0.9906,0.9958,0.9985,0.9997,1.0
N4_M20,4,20,ppo,,1,11,2,31,"[16, 25, 22, 17]",1.25,1.1648,1.098,1.0442,1.0,0.9674,0.9855,0.9948,0.9989,1.0
N4_M20,4,20,ppo,,1,11,3,16,"[6, 10, 12, 10]",1.2632,1.1685,1.098,1.0435,1.0,0.95,0.9789,0.9927,0.9986,1.0
N4_M20,4,20,ppo,,1,11,4,18,"[11, 14, 14, 12]",1.098,1.0667,1.0407,1.0187,1.0,0.9897,0.9952,0.9982,0.9996,1.0
N4_M20,4,20,ppo,,1,12,0,81,"[37, 47, 31, 45]",1.175,1.1045,1.0579,1.0247,1.0,0.975,0.9909,0.9972,0.9995,1.0
N4_M20,4,20,ppo,,1,12,1,42,"[30, 24, 18, 20]",1.3043,1.1892,1.1077,1.047,1.0,0.9618,0.9849,0.9951,0.9991,1.0
N4_M20,4,20,ppo,,1,12,2,44,"[27, 19, 21, 16]",1.3012,1.1765,1.0965,1.0409,1.0,0.9638,0.9873,0.9962,0.9993,1.0
N4_M20,4,20,ppo,,1,12,3,36,"[22, 13, 10, 17]",1.4194,1.2364,1.1262,1.0526,1.0,0.9223,0.9739,0.9924,0.9987,1.0
N4_M20,4,20,ppo,,1,12,4,48,"[29, 20, 17, 20]",1.3488,1.2,1.1079,1.0453,1.0,0.958,0.9858,0.9958,0.9993,1.0
N4_M20,4,20,ppo,,1,13,0,81,"[42, 47, 36, 24]",1.2617,1.1518,1.0825,1.0348,1.0,0.9496,0.9825,0.9948,0.9991,1.0
N4_M20,4,20,ppo,,1,13,1,53,"[36, 33, 16, 32]",1.2308,1.1439,1.0821,1.0359,1.0,0.9338,0.9732,0.9911,0.9983,1.0
N4_M20,4,20,ppo,,1,13,2,105,"[55, 52, 39, 62]",1.1923,1.1149,1.0637,1.0272,1.0,0.9749,0.9909,0.9972,0.9995,1.0
N4_M20,4,20,ppo,,1,13,3,104,"[58, 24, 45, 43]",1.3647,1.2009,1.1058,1.0437,1.0,0.9246,0.9759,0.9932,0.9988,1.0
N4_M20,4,20,ppo,,1,13,4,245,"[121, 95, 88, 112]",1.1635,1.0916,1.0487,1.0203,1.0,0.9843,0.995,0.9986,0.9998,1.0
N4_M20,4,20,ppo,,1,14,0,17,"[15, 16, 13, 13]",1.1228,1.0879,1.056,1.0268,1.0,0.9918,0.9958,0.9983,0.9996,1.0
N4_M20,4,20,ppo,,1,14,1,25,"[15, 16, 14, 18]",1.1429,1.0934,1.0552,1.0248,1.0,0.9913,0.9962,0.9987,0.9997,1.0
N4_M20,4,20,ppo,,1,14,2,110,"[42, 59, 50, 56]",1.1401,1.082,1.0448,1.019,1.0,0.9845,0.9946,0.9984,0.9997,1.0
N4_M20,4,20,ppo,,1,14,3,27,"[14, 15, 20, 25]",1.3514,1.2364,1.1429,1.0653,1.0,0.9467,0.9752,0.9908,0.9981,1.0
N4_M20,4,20,ppo,,1,14,4,56,"[16, 38, 32, 36]",1.2459,1.1525,1.0867,1.0378,1.0,0.9256,0.97,0.9901,0.9981,1.0
N4_M20,4,20,ppo,,1,15,0,74,"[20, 39, 35, 35]",1.2093,1.1186,1.0635,1.0265,1.0,0.9518,0.984,0.9954,0.9992,1.0
N4_M20,4,20,ppo,,1,15,1,55,"[35, 42, 40, 31]",1.1351,1.0904,1.0543,1.0248,1.0,0.9867,0.994,0.9978,0.9995,1.0
N4_M20,4,20,ppo,,1,15,2,41,"[25, 28, 23, 31]",1.1589,1.1052,1.0627,1.0284,1.0,0.9873,0.9944,0.998,0.9996,1.0
N4_M20,4,20,ppo,,1,15,3,117,"[66, 69, 64, 55]",1.0866,1.0537,1.0305,1.0133,1.0,0.9933,0.9974,0.9992,0.9998,1.0
N4_M20,4,20,ppo,,1,15,4,147,"[58, 74, 111, 87]",1.3455,1.2167,1.1242,1.0544,1.0,0.9476,0.9787,0.9929,0.9986,1.0
N4_M20,4,20,ppo,,1,16,0,19,"[8, 12, 13, 7]",1.3,1.1837,1.1034,1.0448,1.0,0.939,0.9762,0.9923,0.9986,1.0
N4_M20,4,20,ppo,,1,16,1,16,"[11, 11, 12, 8]",1.1429,1.0947,1.0566,1.0256,1.0,0.98,0.9911,0.9968,0.9993,1.0
N4_M20,4,20,ppo,,1,16,2,14,"[8, 10, 12, 8]",1.2632,1.1765,1.1064,1.0485,1.0,0.9704,0.9865,0.995,0.999,1.0
N4_M20,4,20,ppo,,1,16,3,30,"[17, 17, 26, 12]",1.4444,1.2857,1.1667,1.0741,1.0,0.927,0.9685,0.9891,0.9978,1.0
N4_M20,4,20,ppo,,1,16,4,14,"[8, 9, 10, 8]",1.1429,1.0932,1.0549,1.0246,1.0,0.9911,0.9962,0.9987,0.9997,1.0
N4_M20,4,20,ppo,,1,17,0,267,"[120, 158, 49, 184]",1.4403,1.2595,1.1425,1.0606,1.0,0.8633,0.9478,0.9837,0.997,1.0
N4_M20,4,20,ppo,,1,17,1,238,"[116, 141, 47, 138]",1.276,1.1607,1.0875,1.037,1.0,0.8947,0.9616,0.9883,0.9979,1.0
N4_M20,4,20,ppo,,1,17,2,300,"[159, 188, 106, 158]",1.2308,1.1395,1.0779,1.0335,1.0,0.9639,0.9865,0.9958,0.9992,1.0
N4_M20,4,20,ppo,,1,17,3,300,"[175, 193, 48, 191]",1.2718,1.1639,1.0913,1.0392,1.0,0.8636,0.9457,0.9825,0.9967,1.0
N4_M20,4,20,ppo,,1,17,4,60,"[35, 38, 17, 36]",1.2063,1.1262,1.071,1.0307,1.0,0.933,0.9738,0.9916,0.9984,1.0
N4_M20,4,20,ppo,,1,18,0,33,"[21, 30, 22, 20]",1.2903,1.1971,1.12,1.0552,1.0,0.9718,0.9868,0.9951,0.999,1.0
N4_M20,4,20,ppo,,1,18,1,26,"[17, 19, 17, 18]",1.0704,1.0473,1.0286,1.0131,1.0,0.9978,0.999,0.9996,0.9999,1.0
N4_M20,4,20,ppo,,1,18,2,149,"[72, 83, 55, 48]",1.2868,1.162,1.0867,1.0362,1.0,0.9563,0.9856,0.9958,0.9993,1.0
N4_M20,4,20,ppo,,1,18,3,23,"[12, 19, 13, 14]",1.3103,1.203,1.12,1.0539,1.0,0.9667,0.9855,0.9949,0.999,1.0
N4_M20,4,20,ppo,,1,18,4,71,"[39, 51, 43, 33]",1.2289,1.1458,1.0844,1.0373,1.0,0.9758,0.99,0.9966,0.9993,1.0
N4_M20,4,20,ppo,,1,19,0,72,"[43, 36, 35, 44]",1.1139,1.0709,1.0404,1.0176,1.0,0.9897,0.996,0.9987,0.9998,1.0
N4_M20,4,20,ppo,,1,19,1,300,"[165, 126, 79, 153]",1.262,1.1484,1.0795,1.0332,1.0,0.9399,0.9799,0.9941,0.999,1.0
N4_M20,4,20,ppo,,1,19,2,155,"[76, 71, 79, 83]",1.0744,1.0446,1.0248,1.0106,1.0,0.9968,0.9988,0.9996,0.9999,1.0
N4_M20,4,20,ppo,,1,19,3,206,"[99, 54, 72, 87]",1.2692,1.1432,1.0739,1.0302,1.0,0.9555,0.987,0.9965,0.9994,1.0
N4_M20,4,20,ppo,,1,19,4,74,"[39, 27, 43, 42]",1.1391,1.0841,1.047,1.0202,1.0,0.9722,0.9897,0.9968,0.9994,1.0
N4_M20,4,20,ppo,,2,0,0,28,"[16, 9, 23, 14]",1.4839,1.302,1.1724,1.0754,1.0,0.9049,0.9607,0.9868,0.9975,1.0
N4_M20,4,20,ppo,,2,0,1,30,"[19, 21, 22, 17]",1.1139,1.0756,1.0452,1.0205,1.0,0.9906,0.9959,0.9985,0.9997,1.0
N4_M20,4,20,ppo,,2,0,2,16,"[12, 12, 12, 5]",1.1707,1.1123,1.0667,1.03,1.0,0.9196,0.9635,0.9868,0.9973,1.0
N4_M20,4,20,ppo,,2,0,3,53,"[35, 35, 36, 28]",1.0746,1.0489,1.0289,1.013,1.0,0.9909,0.9961,0.9986,0.9997,1.0
N4_M20,4,20,ppo,,2,0,4,14,"[10, 8, 10, 10]",1.0526,1.0353,1.0213,1.0097,1.0,0.9918,0.9963,0.9986,0.9997,1.0
N4_M20,4,20,ppo,,2,1,0,69,"[44, 36, 32, 54]",1.3012,1.1938,1.1131,1.0503,1.0,0.9605,0.9833,0.9942,0.9989,1.0
N4_M20,4,20,ppo,,2,1,1,57,"[33, 33, 32, 33]",1.0076,1.0048,1.0028,1.0012,1.0,0.9998,0.9999,1.0,1.0,1.0
N4_M20,4,20,ppo,,2,1,2,131,"[52, 40, 68, 73]",1.2532,1.1447,1.0779,1.0327,1.0,0.952,0.9838,0.9952,0.9992,1.0
N4_M20,4,20,ppo,,2,1,3,67,"[39, 31, 39, 43]",1.1316,1.0829,1.0476,1.0209,1.0,0.987,0.9948,0.9983,0.9997,1.0
N4_M20,4,20,ppo,,2,1,4,41,"[28, 27, 21, 27]",1.0874,1.0571,1.0337,1.0151,1.0,0.9885,0.9951,0.9983,0.9997,1.0
N4_M20,4,20,ppo,,2,2,0,76,"[38, 41, 30, 36]",1.131,1.0771,1.0423,1.018,1.0,0.9878,0.9957,0.9987,0.9998,1.0
N4_M20,4,20,ppo,,2,2,1,197,"[52, 85, 62, 73]",1.25,1.1272,1.0642,1.0258,1.0,0.9683,0.9916,0.9978,0.9997,1.0
N4_M20,4,20,ppo,,2,2,2,32,"[18, 19, 21, 20]",1.0769,1.0497,1.0291,1.013,1.0,0.9967,0.9986,0.9995,0.9999,1.0
N4_M20,4,20,ppo,,2,2,3,61,"[33, 26, 31, 31]",1.0909,1.0544,1.0301,1.0129,1.0,0.9927,0.9974,0.9992,0.9999,1.0
N4_M20,4,20,ppo,,2,2,4,203,"[81, 99, 72, 88]",1.1647,1.0917,1.0486,1.0202,1.0,0.9867,0.9958,0.9988,0.9998,1.0
N4_M20,4,20,ppo,,2,3,0,139,"[67, 84, 49, 80]",1.2,1.1203,1.067,1.0287,1.0,0.9633,0.9864,0.9957,0.9992,1.0
N4_M20,4,20,ppo,,2,3,1,52,"[30, 34, 26, 39]",1.2093,1.1361,1.0801,1.0359,1.0,0.9782,0.9907,0.9967,0.9993,1.0
N4_M20,4,20,ppo,,2,3,2,82,"[48, 33, 40, 55]",1.25,1.1542,1.0873,1.0379,1.0,0.9658,0.9867,0.9957,0.9992,1.0
N4_M20,4,20,ppo,,2,3,3,63,"[42, 32, 22, 43]",1.2374,1.148,1.0844,1.0369,1.0,0.9432,0.9771,0.9925,0.9986,1.0
N4_M20,4,20,ppo,,2,3,4,60,"[44, 33, 43, 29]",1.1812,1.1179,1.0694,1.0311,1.0,0.9712,0.9876,0.9957,0.9991,1.0
N4_M20,4,20,ppo,,2,4,0,77,"[54, 28, 44, 52]",1.2135,1.1354,1.0782,1.0345,1.0,0.9498,0.9792,0.993,0.9986,1.0
N4_M20,4,20,ppo,,2,4,1,124,"[66, 30, 60, 71]",1.2511,1.1453,1.0788,1.0332,1.0,0.927,0.9743,0.9923,0.9986,1.0
N4_M20,4,20,ppo,,2,4,2,58,"[33, 38, 33, 30]",1.1343,1.0852,1.0492,1.0217,1.0,0.9927,0.9971,0.999,0.9998,1.0
N4_M20,4,20,ppo,,2,4,3,146,"[46, 73, 76, 73]",1.1343,1.0778,1.0423,1.0178,1.0,0.968,0.989,0.9967,0.9994,1.0
N4_M20,4,20,ppo,,2,4,4,67,"[33, 19, 48, 43]",1.3427,1.2109,1.1192,1.0517,1.0,0.9124,0.9649,0.9885,0.9978,1.0
N4_M20,4,20,ppo,,2,5,0,43,"[30, 27, 26, 16]",1.2121,1.1343,1.0775,1.0341,1.0,0.9568,0.9822,0.994,0.9988,1.0
N4_M20,4,20,ppo,,2,5,1,34,"[22, 24, 25, 20]",1.0989,1.066,1.0396,1.018,1.0,0.9929,0.9968,0.9989,0.9998,1.0
N4_M20,4,20,ppo,,2,5,2,101,"[65, 64, 64, 22]",1.2093,1.1287,1.0727,1.0315,1.0,0.8958,0.9579,0.9862,0.9974,1.0
N4_M20,4,20,ppo,,2,5,3,207,"[101, 92, 87, 92]",1.086,1.0494,1.0267,1.0112,1.0,0.9971,0.999,0.9997,0.9999,1.0
N4_M20,4,20,ppo,,2,5,4,85,"[51, 50, 59, 46]",1.1456,1.0939,1.0549,1.0245,1.0,0.9917,0.9965,0.9988,0.9998,1.0
N4_M20,4,20,ppo,,2,6,0,51,"[32, 35, 28, 34]",1.0853,1.0558,1.033,1.0148,1.0,0.9931,0.997,0.999,0.9998,1.0
N4_M20,4,20,ppo,,2,6,1,55,"[24, 29, 34, 41]",1.2812,1.1788,1.1034,1.0457,1.0,0.9629,0.9846,0.9948,0.999,1.0
N4_M20,4,20,ppo,,2,6,2,265,"[133, 99, 105, 121]",1.1616,1.0912,1.0487,1.0203,1.0,0.9865,0.9957,0.9988,0.9998,1.0
N4_M20,4,20,ppo,,2,6,3,43,"[27, 25, 25, 33]",1.2,1.1315,1.078,1.0351,1.0,0.986,0.9939,0.9978,0.9996,1.0
N4_M20,4,20,ppo,,2,6,4,45,"[26, 22, 30, 35]",1.2389,1.1561,1.0922,1.0413,1.0,0.9718,0.9878,0.9957,0.9991,1.0
N4_M20,4,20,ppo,,2,7,0,181,"[67, 97, 59, 98]",1.2212,1.1263,1.0679,1.0285,1.0,0.9547,0.9848,0.9955,0.9992,1.0
N4_M20,4,20,ppo,,2,7,1,91,"[36, 53, 43, 38]",1.2471,1.1442,1.0787,1.0333,1.0,0.9766,0.9919,0.9976,0.9996,1.0
N4_M20,4,20,ppo,,2,7,2,98,"[46, 64, 21, 70]",1.393,1.2382,1.1332,1.0574,1.0,0.8743,0.9498,0.9837,0.9969,1.0
N4_M20,4,20,ppo,,2,7,3,147,"[46, 86, 49, 85]",1.2932,1.1688,1.0913,1.0384,1.0,0.9243,0.9736,0.9921,0.9986,1.0
N4_M20,4,20,ppo,,2,7,4,147,"[72, 96, 25, 96]",1.3287,1.1959,1.1083,1.0463,1.0,0.8614,0.9459,0.9828,0.9968,1.0
N4_M20,4,20,ppo,,2,8,0,66,"[44, 49, 31, 47]",1.1462,1.0965,1.0575,1.026,1.0,0.9738,0.9884,0.9959,0.9992,1.0
N4_M20,4,20,ppo,,2,8,1,84,"[53, 36, 49, 65]",1.2808,1.181,1.1058,1.0471,1.0,0.96,0.983,0.9941,0.9988,1.0
N4_M20,4,20,ppo,,2,8,2,41,"[25, 20, 20, 21]",1.1628,1.0995,1.056,1.0242,1.0,0.9909,0.9966,0.9989,0.9998,1.0
N4_M20,4,20,ppo,,2,8,3,21,"[16, 15, 15, 13]",1.0847,1.0575,1.035,1.0161,1.0,0.9946,0.9975,0.9991,0.9998,1.0
N4_M20,4,20,ppo,,2,8,4,26,"[19, 21, 14, 18]",1.1667,1.1125,1.0682,1.0312,1.0,0.9803,0.9909,0.9967,0.9993,1.0
N4_M20,4,20,ppo,,2,9,0,43,"[24, 31, 29, 27]",1.1171,1.0772,1.0459,1.0207,1.0,0.9914,0.9962,0.9987,0.9997,1.0
N4_M20,4,20,ppo,,2,9,1,20,"[13, 14, 15, 15]",1.0526,1.0359,1.0219,1.0101,1.0,0.9966,0.9984,0.9994,0.9999,1.0
N4_M20,4,20,ppo,,2,9,2,18,"[10, 10, 17, 15]",1.3077,1.2105,1.129,1.0597,1.0,0.9468,0.9744,0.9902,0.9979,1.0
N4_M20,4,20,ppo,,2,9,3,25,"[16, 13, 16, 17]",1.0968,1.0629,1.037,1.0166,1.0,0.9907,0.9961,0.9986,0.9997,1.0
N4_M20,4,20,ppo,,2,9,4,22,"[17, 18, 14, 16]",1.1077,1.0742,1.0458,1.0213,1.0,0.9918,0.9961,0.9985,0.9997,1.0
N4_M20,4,20,ppo,,2,10,0,24,"[11, 15, 13, 16]",1.1636,1.1034,1.0596,1.0262,1.0,0.9809,0.9923,0.9974,0.9995,1.0
N4_M20,4,20,ppo,,2,10,1,23,"[10, 13, 16, 19]",1.3103,1.203,1.12,1.0539,1.0,0.9492,0.9776,0.9921,0.9984,1.0
N4_M20,4,20,ppo,,2,10,2,132,"[70, 56, 61, 67]",1.1024,1.0605,1.0332,1.0141,1.0,0.9928,0.9975,0.9992,0.9999,1.0
N4_M20,4,20,ppo,,2,10,3,216,"[117, 80, 101, 136]",1.2535,1.1524,1.0847,1.0364,1.0,0.9652,0.9871,0.996,0.9993,1.0
N4_M20,4,20,ppo,,2,10,4,172,"[110, 28, 97, 97]",1.3253,1.1924,1.1059,1.0451,1.0,0.8692,0.95,0.9843,0.9971,1.0
N4_M20,4,20,ppo,,2,11,0,17,"[14, 12, 13, 11]",1.12,1.0826,1.0508,1.0236,1.0,0.9921,0.9962,0.9986,0.9997,1.0
N4_M20,4,20,ppo,,2,11,1,17,"[13, 11, 13, 7]",1.1818,1.12,1.0714,1.0323,1.0,0.9528,0.9789,0.9924,0.9984,1.0
N4_M20,4,20,ppo,,2,11,2,13,"[8, 11, 12, 10]",1.1707,1.12,1.0753,1.0355,1.0,0.9796,0.9898,0.996,0.9991,1.0
N4_M20,4,20,ppo,,2,11,3,11,"[7, 8, 9, 8]",1.125,1.0857,1.0526,1.0244,1.0,0.9922,0.9963,0.9986,0.9997,1.0
N4_M20,4,20,ppo,,2,11,4,13,"[7, 11, 11, 8]",1.1892,1.1288,1.0787,1.0363,1.0,0.9641,0.983,0.9936,0.9986,1.0
N4_M20,4,20,ppo,,2,12,0,135,"[43, 73, 75, 89]",1.2714,1.1652,1.0927,1.04,1.0,0.9458,0.9792,0.9934,0.9988,1.0
N4_M20,4,20,ppo,,2,12,1,108,"[82, 53, 54, 59]",1.3226,1.2041,1.1176,1.0518,1.0,0.9652,0.9858,0.9952,0.9991,1.0
N4_M20,4,20,ppo,,2,12,2,66,"[42, 35, 39, 33]",1.1275,1.0802,1.046,1.0202,1.0,0.9913,0.9965,0.9989,0.9998,1.0
N4_M20,4,20,ppo,,2,12,3,23,"[21, 12, 11, 15]",1.4237,1.2788,1.1656,1.0746,1.0,0.9347,0.9707,0.9895,0.9978,1.0
N4_M20,4,20,ppo,,2,12,4,78,"[46, 33, 40, 36]",1.1871,1.112,1.0621,1.0266,1.0,0.9845,0.9944,0.9983,0.9997,1.0
N4_M20,4,20,ppo,,2,13,0,150,"[68, 81, 75, 33]",1.2607,1.1466,1.0782,1.0326,1.0,0.9225,0.9741,0.9925,0.9987,1.0
N4_M20,4,20,ppo,,2,13,1,30,"[23, 19, 18, 18]",1.1795,1.1186,1.0707,1.032,1.0,0.9889,0.9951,0.9983,0.9996,1.0
N4_M20,4,20,ppo,,2,13,2,18,"[15, 16, 14, 13]",1.1034,1.0732,1.0462,1.0219,1.0,0.9941,0.997,0.9988,0.9997,1.0
N4_M20,4,20,ppo,,2,13,3,27,"[20, 13, 12, 17]",1.2903,1.1837,1.1059,1.0466,1.0,0.9591,0.9832,0.9944,0.9989,1.0
N4_M20,4,20,ppo,,2,13,4,290,"[120, 102, 105, 97]",1.1321,1.0691,1.0354,1.0143,1.0,0.9935,0.9982,0.9995,0.9999,1.0
N4_M20,4,20,ppo,,2,14,0,16,"[14, 13, 12, 13]",1.0769,1.0545,1.0345,1.0164,1.0,0.9971,0.9985,0.9994,0.9999,1.0
N4_M20,4,20,ppo,,2,14,1,29,"[18, 17, 14, 25]",1.3514,1.2308,1.1368,1.0616,1.0,0.9547,0.9799,0.9928,0.9985,1.0
N4_M20,4,20,ppo,,2,14,2,33,"[24, 13, 12, 25]",1.3514,1.2203,1.1262,1.0553,1.0,0.9042,0.96,0.9865,0.9974,1.0
N4_M20,4,20,ppo,,2,14,3,32,"[19, 19, 16, 26]",1.3,1.1957,1.1154,1.0517,1.0,0.9674,0.9858,0.995,0.999,1.0
N4_M20,4,20,ppo,,2,14,4,44,"[28, 23, 29, 30]",1.0909,1.0593,1.035,1.0157,1.0,0.9905,0.9959,0.9986,0.9997,1.0
N4_M20,4,20,ppo,,2,15,0,30,"[21, 17, 13, 18]",1.2174,1.1376,1.0794,1.035,1.0,0.9732,0.9891,0.9963,0.9993,1.0
N4_M20,4,20,ppo,,2,15,1,92,"[62, 58, 48, 51]",1.1324,1.0849,1.0494,1.0219,1.0,0.9899,0.9958,0.9986,0.9997,1.0
N4_M20,4,20,ppo,,2,15,2,54,"[36, 23, 32, 34]",1.152,1.0964,1.0557,1.0246,1.0,0.9753,0.9899,0.9966,0.9993,1.0
N4_M20,4,20,ppo,,2,15,3,81,"[43, 42, 48, 39]",1.1163,1.0714,1.0403,1.0175,1.0,0.9944,0.9979,0.9993,0.9999,1.0
N4_M20,4,20,ppo,,2,15,4,174,"[93, 62, 77, 74]",1.2157,1.1227,1.0659,1.0276,1.0,0.9795,0.9933,0.9981,0.9997,1.0
N4_M20,4,20,ppo,,2,16,0,26,"[12, 16, 23, 15]",1.3939,1.2583,1.1529,1.0688,1.0,0.9437,0.975,0.9911,0.9982,1.0
N4_M20,4,20,ppo,,2,16,1,28,"[17, 16, 16, 12]",1.1148,1.0712,1.0405,1.0176,1.0,0.9844,0.9939,0.998,0.9996,1.0
N4_M20,4,20,ppo,,2,16,2,14,"[8, 10, 11, 12]",1.1707,1.1173,1.0722,1.0335,1.0,0.9796,0.9903,0.9963,0.9992,1.0
N4_M20,4,20,ppo,,2,16,3,30,"[20, 18, 26, 14]",1.3333,1.2203,1.1313,1.0594,1.0,0.953,0.9789,0.9924,0.9984,1.0
N4_M20,4,20,ppo,,2,16,4,14,"[8, 11, 10, 9]",1.1579,1.1059,1.0638,1.0291,1.0,0.9863,0.9938,0.9977,0.9995,1.0
N4_M20,4,20,ppo,,2,17,0,85,"[50, 50, 28, 50]",1.1236,1.0755,1.0425,1.0184,1.0,0.9562,0.9832,0.9946,0.999,1.0
N4_M20,4,20,ppo,,2,17,1,267,"[128, 103, 61, 130]",1.2322,1.126,1.0658,1.027,1.0,0.935,0.98,0.9945,0.9991,1.0
N4_M20,4,20,ppo,,2,17,2,216,"[111, 108, 62, 105]",1.1503,1.0861,1.0464,1.0195,1.0,0.9587,0.9861,0.9959,0.9993,1.0
N4_M20,4,20,ppo,,2,17,3,254,"[120, 100, 67, 125]",1.2136,1.1172,1.0616,1.0254,1.0,0.9533,0.9855,0.9959,0.9993,1.0
N4_M20,4,20,ppo,,2,17,4,77,"[53, 49, 30, 40]",1.2326,1.1456,1.0833,1.0365,1.0,0.9593,0.9836,0.9946,0.999,1.0
N4_M20,4,20,ppo,,2,18,0,20,"[13, 18, 16, 15]",1.1613,1.1128,1.0704,1.0331,1.0,0.9867,0.9934,0.9974,0.9994,1.0
N4_M20,4,20,ppo,,2,18,1,26,"[19, 19, 12, 19]",1.1014,1.0675,1.0405,1.0184,1.0,0.97,0.9865,0.9951,0.999,1.0
N4_M20,4,20,ppo,,2,18,2,94,"[51, 55, 41, 49]",1.1224,1.0747,1.042,1.0181,1.0,0.9893,0.996,0.9987,0.9998,1.0
N4_M20,4,20,ppo,,2,18,3,21,"[15, 15, 15, 10]",1.0909,1.0602,1.036,1.0163,1.0,0.9758,0.9892,0.9961,0.9992,1.0
N4_M20,4,20,ppo,,2,18,4,54,"[34, 42, 28, 31]",1.2444,1.1594,1.094,1.0421,1.0,0.9767,0.99,0.9965,0.9993,1.0
N4_M20,4,20,ppo,,2,19,0,91,"[45, 59, 43, 46]",1.2228,1.1368,1.0772,1.0335,1.0,0.9832,0.9936,0.998,0.9996,1.0
N4_M20,4,20,ppo,,2,19,1,106,"[62, 64, 44, 26]",1.3061,1.1779,1.0968,1.0409,1.0,0.9102,0.9678,0.9902,0.9982,1.0
N4_M20,4,20,ppo,,2,19,2,102,"[60, 74, 62, 60]",1.1562,1.102,1.0602,1.027,1.0,0.9918,0.9965,0.9988,0.9998,1.0
N4_M20,4,20,ppo,,2,19,3,181,"[84, 86, 112, 96]",1.1852,1.113,1.0635,1.0275,1.0,0.9864,0.9949,0.9984,0.9997,1.0
N4_M20,4,20,ppo,,2,19,4,164,"[87, 74, 80, 64]",1.141,1.0821,1.0447,1.0189,1.0,0.9879,0.9959,0.9988,0.9998,1.0
N4_M20,4,20,astar,bbox,-1,0,0,33,"[7, 9, 10, 6]",1.25,1.1053,1.0488,1.0187,1.0,0.9624,0.9931,0.9985,0.9998,1.0
N4_M20,4,20,astar,bbox,-1,1,0,12,"[8, 8, 7, 12]",1.3714,1.2549,1.1566,1.0726,1.0,0.954,0.9778,0.9915,0.9982,1.0
N4_M20,4,20,astar,bbox,-1,2,0,38,"[4, 5, 10, 12]",1.5484,1.2082,1.0929,1.0349,1.0,0.843,0.9739,0.9947,0.9992,1.0
N4_M20,4,20,astar,bbox,-1,3,0,92,"[13, 20, 14, 15]",1.2903,1.0975,1.0419,1.0154,1.0,0.9707,0.9966,0.9994,0.9999,1.0
N4_M20,4,20,astar,bbox,-1,4,0,32,"[12, 10, 12, 16]",1.28,1.1511,1.0787,1.0323,1.0,0.9705,0.9912,0.9976,0.9996,1.0
N4_M20,4,20,astar,bbox,-1,5,0,16,"[6, 9, 13, 10]",1.3684,1.236,1.1373,1.0609,1.0,0.9352,0.9724,0.9905,0.9981,1.0
N4_M20,4,20,astar,bbox,-1,6,0,17,"[12, 15, 10, 17]",1.2593,1.1826,1.1148,1.0543,1.0,0.9617,0.9806,0.9923,0.9983,1.0
N4_M20,4,20,astar,bbox,-1,7,0,69,"[9, 13, 13, 8]",1.2093,1.0667,1.0282,1.0103,1.0,0.957,0.9955,0.9992,0.9999,1.0
N4_M20,4,20,astar,bbox,-1,8,0,12,"[5, 9, 9, 5]",1.2857,1.1818,1.1053,1.0465,1.0,0.9245,0.968,0.989,0.9978,1.0
N4_M20,4,20,astar,bbox,-1,9,0,8,"[4, 8, 8, 6]",1.2308,1.1636,1.1034,1.0492,1.0,0.9389,0.9683,0.9871,0.9971,1.0
N4_M20,4,20,astar,bbox,-1,10,0,12,"[2, 7, 12, 9]",1.6,1.3913,1.2308,1.1034,1.0,0.8094,0.9089,0.9663,0.993,1.0
N4_M20,4,20,astar,bbox,-1,11,0,205,"[4, 11, 41, 38]",1.7447,1.1906,1.0766,1.0274,1.0,0.6772,0.9697,0.995,0.9994,1.0
N4_M20,4,20,astar,bbox,-1,12,0,104,"[18, 10, 12, 16]",1.2857,1.0822,1.0339,1.0123,1.0,0.9515,0.9958,0.9993,0.9999,1.0
N4_M20,4,20,astar,bbox,-1,13,0,190,"[23, 18, 11, 30]",1.4634,1.1133,1.0451,1.0161,1.0,0.897,0.9932,0.9989,0.9999,1.0
N4_M20,4,20,astar,bbox,-1,14,0,24,"[11, 11, 11, 11]",1.0,1.0,1.0,1.0,1.0,1.0,1.0,1.0,1.0,1.0
N4_M20,4,20,astar,bbox,-1,15,0,16,"[9, 16, 12, 15]",1.2308,1.1636,1.1034,1.0492,1.0,0.9575,0.9782,0.9912,0.998,1.0
N4_M20,4,20,astar,bbox,-1,16,0,4,"[4, 2, 4, 4]",1.1429,1.1034,1.0667,1.0323,1.0,0.9423,0.9689,0.9868,0.9969,1.0
N4_M20,4,20,astar,bbox,-1,17,0,13,"[11, 9, 13, 13]",1.1304,1.0947,1.0612,1.0297,1.0,0.9796,0.9891,0.9954,0.9989,1.0
N4_M20,4,20,astar,bbox,-1,18,0,135,"[13, 15, 21, 15]",1.3125,1.082,1.0331,1.0119,1.0,0.966,0.9976,0.9996,0.9999,1.0
N4_M20,4,20,astar,bbox,-1,19,0,47,"[14, 17, 17, 16]",1.0625,1.0316,1.0159,1.0064,1.0,0.9942,0.9985,0.9996,0.9999,1.0
N4_M20,4,20,astar,median,-1,0,0,91,"[8, 8, 25, 10]",1.9608,1.2843,1.1181,1.0429,1.0,0.7623,0.9734,0.9953,0.9994,1.0
N4_M20,4,20,astar,median,-1,1,0,20,"[1, 1, 16, 20]",2.1053,1.6495,1.3559,1.1511,1.0,0.5486,0.7788,0.9214,0.9849,1.0
N4_M20,4,20,astar,median,-1,2,0,14,"[2, 2, 1, 12]",2.8235,1.8692,1.4247,1.1676,1.0,0.4722,0.7975,0.9429,0.9907,1.0
N4_M20,4,20,astar,median,-1,3,0,18,"[2, 12, 10, 11]",1.3714,1.2203,1.1215,1.0518,1.0,0.8299,0.9327,0.9785,0.996,1.0
N4_M20,4,20,astar,median,-1,4,0,69,"[10, 12, 5, 17]",1.5455,1.1765,1.075,1.0275,1.0,0.8674,0.9842,0.9971,0.9996,1.0
N4_M20,4,20,astar,median,-1,5,0,15,"[4, 5, 12, 11]",1.5,1.3077,1.1739,1.0755,1.0,0.8366,0.9311,0.9769,0.9956,1.0
N4_M20,4,20,astar,median,-1,6,0,19,"[10, 11, 12, 13]",1.1304,1.0841,1.0492,1.0219,1.0,0.9906,0.9961,0.9987,0.9997,1.0
N4_M20,4,20,astar,median,-1,7,0,42,"[12, 5, 8, 2]",1.7778,1.253,1.1077,1.0395,1.0,0.769,0.9692,0.9943,0.9992,1.0
N4_M20,4,20,astar,median,-1,8,0,55,"[2, 12, 13, 2]",1.7931,1.2248,1.0924,1.0334,1.0,0.655,0.9594,0.9929,0.9991,1.0
N4_M20,4,20,astar,median,-1,9,0,30,"[3, 9, 7, 7]",1.3846,1.1515,1.0685,1.0259,1.0,0.8989,0.9829,0.9964,0.9995,1.0
N4_M20,4,20,astar,median,-1,10,0,6,"[0, 6, 6, 6]",1.3333,1.2308,1.1429,1.0667,1.0,0.75,0.8622,0.9423,0.9868,1.0
N4_M20,4,20,astar,median,-1,11,0,11,"[0, 11, 5, 7]",1.913,1.5575,1.3134,1.1355,1.0,0.6782,0.8497,0.947,0.9897,1.0
N4_M20,4,20,astar,median,-1,12,0,34,"[11, 6, 12, 5]",1.4118,1.1765,1.0824,1.0317,1.0,0.8865,0.977,0.9949,0.9992,1.0
N4_M20,4,20,astar,median,-1,13,0,300,"[37, 9, 9, 66]",2.1818,1.2745,1.1083,1.0384,1.0,0.6218,0.9682,0.9949,0.9994,1.0
N4_M20,4,20,astar,median,-1,14,0,12,"[9, 10, 5, 10]",1.1765,1.12,1.0732,1.0337,1.0,0.9444,0.9735,0.99,0.9979,1.0
N4_M20,4,20,astar,median,-1,15,0,16,"[1, 6, 12, 12]",1.5484,1.3248,1.1789,1.0762,1.0,0.7392,0.8899,0.9638,0.9932,1.0
N4_M20,4,20,astar,median,-1,16,0,4,"[4, 2, 4, 4]",1.1429,1.1034,1.0667,1.0323,1.0,0.9423,0.9689,0.9868,0.9969,1.0
N4_M20,4,20,astar,median,-1,17,0,38,"[1, 7, 32, 3]",2.9767,1.9075,1.4359,1.1703,1.0,0.4268,0.7794,0.9387,0.9901,1.0
N4_M20,4,20,astar,median,-1,18,0,45,"[6, 15, 9, 2]",1.875,1.3043,1.1321,1.049,1.0,0.7399,0.9592,0.9921,0.9989,1.0
N4_M20,4,20,astar,median,-1,19,0,67,"[13, 15, 17, 13]",1.1724,1.0679,1.0307,1.0116,1.0,0.9871,0.998,0.9996,0.9999,1.0
N4_M20,4,20,astar,minimax,-1,0,0,63,"[8, 8, 10, 8]",1.1765,1.0508,1.021,1.0076,1.0,0.9897,0.9991,0.9999,1.0,1.0
N4_M20,4,20,astar,minimax,-1,1,0,63,"[12, 12, 10, 13]",1.1064,1.0382,1.0167,1.0062,1.0,0.9915,0.9989,0.9998,1.0,1.0
N4_M20,4,20,astar,minimax,-1,2,0,14,"[5, 4, 3, 11]",1.913,1.504,1.2658,1.1099,1.0,0.7734,0.918,0.9758,0.9958,1.0
N4_M20,4,20,astar,minimax,-1,3,0,62,"[7, 15, 15, 14]",1.1765,1.0673,1.0301,1.0113,1.0,0.9356,0.9901,0.998,0.9997,1.0
N4_M20,4,20,astar,minimax,-1,4,0,52,"[11, 7, 6, 12]",1.3333,1.1139,1.0492,1.0182,1.0,0.9257,0.9907,0.9983,0.9998,1.0
N4_M20,4,20,astar,minimax,-1,5,0,16,"[5, 4, 13, 10]",1.625,1.375,1.2083,1.0893,1.0,0.8258,0.9294,0.9771,0.9957,1.0
N4_M20,4,20,astar,minimax,-1,6,0,17,"[10, 13, 10, 15]",1.25,1.1698,1.1034,1.0476,1.0,0.9697,0.9858,0.9947,0.9989,1.0
N4_M20,4,20,astar,minimax,-1,7,0,134,"[12, 10, 11, 9]",1.1429,1.0272,1.0104,1.0036,1.0,0.9888,0.9996,0.9999,1.0,1.0
N4_M20,4,20,astar,minimax,-1,8,0,24,"[2, 11, 11, 3]",1.6296,1.2881,1.1382,1.054,1.0,0.7147,0.9229,0.9811,0.9971,1.0
N4_M20,4,20,astar,minimax,-1,9,0,8,"[4, 6, 8, 4]",1.4545,1.3061,1.1852,1.0847,1.0,0.9167,0.9604,0.9851,0.9968,1.0
N4_M20,4,20,astar,minimax,-1,10,0,6,"[1, 6, 6, 6]",1.2632,1.1852,1.1163,1.0549,1.0,0.828,0.9067,0.961,0.991,1.0
N4_M20,4,20,astar,minimax,-1,11,0,61,"[8, 11, 9, 6]",1.2941,1.0867,1.036,1.0131,1.0,0.957,0.9961,0.9993,0.9999,1.0
N4_M20,4,20,astar,minimax,-1,12,0,17,"[10, 6, 11, 7]",1.2941,1.1765,1.098,1.042,1.0,0.9444,0.9793,0.9935,0.9988,1.0
N4_M20,4,20,astar,minimax,-1,13,0,300,"[46, 9, 7, 55]",1.8803,1.1992,1.0782,1.0277,1.0,0.6493,0.9731,0.9958,0.9995,1.0
N4_M20,4,20,astar,minimax,-1,14,0,12,"[9, 12, 5, 12]",1.2632,1.1852,1.1163,1.0549,1.0,0.9162,0.9567,0.9825,0.996,1.0
N4_M20,4,20,astar,minimax,-1,15,0,14,"[5, 10, 10, 11]",1.2222,1.1463,1.087,1.0392,1.0,0.9364,0.9714,0.9897,0.9979,1.0
N4_M20,4,20,astar,minimax,-1,16,0,5,"[3, 3, 5, 4]",1.3333,1.2308,1.1429,1.0667,1.0,0.9534,0.9771,0.9911,0.998,1.0
N4_M20,4,20,astar,minimax,-1,17,0,152,"[17, 23, 21, 13]",1.2432,1.0651,1.0264,1.0095,1.0,0.9587,0.9969,0.9995,0.9999,1.0
N4_M20,4,20,astar,minimax,-1,18,0,73,"[7, 13, 8, 8]",1.4444,1.12,1.0488,1.0175,1.0,0.9364,0.9951,0.9992,0.9999,1.0
N4_M20,4,20,astar,minimax,-1,19,0,65,"[13, 13, 15, 11]",1.1538,1.0577,1.0256,1.0096,1.0,0.9883,0.9983,0.9997,1.0,1.0
N5_M20,5,20,ppo,,0,0,0,67,"[36, 47, 47, 40, 41]",1.1137,1.0744,1.044,1.0197,1.0,0.9899,0.9957,0.9985,0.9997,1.0
N5_M20,5,20,ppo,,0,0,1,16,"[11, 11, 12, 12, 15]",1.2295,1.1597,1.0993,1.0465,1.0,0.9857,0.993,0.9973,0.9994,1.0
N5_M20,5,20,ppo,,0,0,2,32,"[20, 25, 7, 23, 27]",1.3235,1.2124,1.126,1.0567,1.0,0.8923,0.9505,0.982,0.9963,1.0
N5_M20,5,20,ppo,,0,0,3,110,"[54, 77, 75, 69, 76]",1.0969,1.0636,1.0377,1.017,1.0,0.9853,0.9936,0.9977,0.9995,1.0
N5_M20,5,20,ppo,,0,0,4,62,"[43, 38, 23, 38, 48]",1.2632,1.1705,1.1,1.0446,1.0,0.9538,0.9801,0.993,0.9986,1.0
N5_M20,5,20,ppo,,0,1,0,70,"[41, 38, 44, 48, 44]",1.1163,1.0754,1.0442,1.0198,1.0,0.994,0.9975,0.9991,0.9998,1.0
N5_M20,5,20,ppo,,0,1,1,68,"[34, 34, 37, 44, 49]",1.2374,1.151,1.0874,1.0386,1.0,0.9779,0.9909,0.9969,0.9994,1.0
N5_M20,5,20,ppo,,0,1,2,97,"[55, 51, 46, 60, 56]",1.1194,1.0745,1.0425,1.0186,1.0,0.9922,0.9969,0.999,0.9998,1.0
N5_M20,5,20,ppo,,0,1,3,51,"[31, 40, 34, 34, 33]",1.1628,1.1089,1.0656,1.0299,1.0,0.9924,0.9966,0.9988,0.9997,1.0
N5_M20,5,20,ppo,,0,1,4,47,"[30, 35, 32, 34, 33]",1.0671,1.0454,1.0276,1.0127,1.0,0.9973,0.9987,0.9995,0.9999,1.0
N5_M20,5,20,ppo,,0,2,0,300,"[132, 120, 99, 137, 159]",1.2287,1.129,1.0689,1.0288,1.0,0.9772,0.9926,0.9979,0.9996,1.0
N5_M20,5,20,ppo,,0,2,1,300,"[107, 147, 120, 118, 145]",1.1538,1.0862,1.0459,1.0191,1.0,0.9848,0.9952,0.9986,0.9998,1.0
N5_M20,5,20,ppo,,0,2,2,300,"[91, 103, 121, 118, 121]",1.0921,1.0484,1.0248,1.0101,1.0,0.9885,0.9968,0.9992,0.9999,1.0
N5_M20,5,20,ppo,,0,2,3,98,"[35, 30, 33, 52, 63]",1.4789,1.271,1.1451,1.0606,1.0,0.9178,0.9721,0.9918,0.9986,1.0
N5_M20,5,20,ppo,,0,2,4,300,"[115, 64, 110, 122, 175]",1.4932,1.2661,1.1385,1.0568,1.0,0.9166,0.9742,0.9929,0.9988,1.0
N5_M20,5,20,ppo,,0,3,0,110,"[32, 58, 79, 65, 64]",1.3255,1.2015,1.1144,1.0498,1.0,0.9372,0.975,0.9918,0.9984,1.0
N5_M20,5,20,ppo,,0,3,1,30,"[23, 22, 22, 19, 24]",1.0909,1.0625,1.0385,1.0179,1.0,0.9942,0.9973,0.999,0.9998,1.0
N5_M20,5,20,ppo,,0,3,2,90,"[43, 48, 65, 55, 48]",1.2548,1.1614,1.0931,1.041,1.0,0.9788,0.9914,0.9971,0.9994,1.0
N5_M20,5,20,ppo,,0,3,3,259,"[66, 145, 136, 148, 158]",1.2098,1.1263,1.0703,1.0302,1.0,0.9398,0.9773,0.9929,0.9987,1.0
N5_M20,5,20,ppo,,0,3,4,151,"[70, 105, 100, 91, 85]",1.1641,1.1053,1.0614,1.0272,1.0,0.9819,0.9925,0.9974,0.9995,1.0
N5_M20,5,20,ppo,,0,4,0,300,"[189, 160, 170, 21, 145]",1.3796,1.2194,1.119,1.0501,1.0,0.8402,0.9403,0.9817,0.9967,1.0
N5_M20,5,20,ppo,,0,4,1,136,"[73, 75, 67, 32, 67]",1.1943,1.1128,1.0614,1.0259,1.0,0.941,0.9793,0.9938,0.9989,1.0
N5_M20,5,20,ppo,,0,4,2,39,"[24, 30, 18, 24, 27]",1.2195,1.1436,1.0849,1.0381,1.0,0.9745,0.9889,0.9961,0.9992,1.0
N5_M20,5,20,ppo,,0,4,3,31,"[18, 19, 19, 19, 19]",1.0106,1.0069,1.004,1.0018,1.0,0.9995,0.9998,0.9999,1.0,1.0
N5_M20,5,20,ppo,,0,4,4,300,"[44, 156, 156, 149, 187]",1.3512,1.2039,1.1109,1.0468,1.0,0.8886,0.9595,0.9877,0.9978,1.0
N5_M20,5,20,ppo,,0,5,0,94,"[67, 38, 54, 46, 46]",1.3347,1.2061,1.1165,1.0506,1.0,0.9632,0.9857,0.9954,0.9991,1.0
N5_M20,5,20,ppo,,0,5,1,300,"[148, 142, 143, 92, 158]",1.1567,1.0904,1.049,1.0206,1.0,0.9724,0.9906,0.9972,0.9995,1.0
N5_M20,5,20,ppo,,0,5,2,20,"[19, 12, 15, 12, 12]",1.3571,1.2419,1.1471,1.0676,1.0,0.9627,0.9825,0.9935,0.9986,1.0
N5_M20,5,20,ppo,,0,5,3,31,"[25, 21, 19, 12, 23]",1.25,1.1648,1.098,1.0442,1.0,0.9524,0.9787,0.9924,0.9984,1.0
N5_M20,5,20,ppo,,0,5,4,160,"[83, 46, 60, 66, 64]",1.3009,1.1639,1.0858,1.0353,1.0,0.9665,0.9898,0.9972,0.9995,1.0
N5_M20,5,20,ppo,,0,6,0,75,"[48, 44, 51, 52, 52]",1.0526,1.0349,1.0209,1.0095,1.0,0.9961,0.9983,0.9994,0.9999,1.0
N5_M20,5,20,ppo,,0,6,1,45,"[34, 20, 30, 27, 30]",1.2057,1.1343,1.0792,1.0355,1.0,0.9734,0.9885,0.996,0.9992,1.0
N5_M20,5,20,ppo,,0,6,2,96,"[51, 45, 56, 53, 55]",1.0769,1.0476,1.027,1.0118,1.0,0.9944,0.9979,0.9993,0.9999,1.0
N5_M20,5,20,ppo,,0,6,3,195,"[128, 110, 107, 114, 111]",1.1228,1.0782,1.0453,1.02,1.0,0.9959,0.9983,0.9994,0.9999,1.0
N5_M20,5,20,ppo,,0,6,4,39,"[31, 24, 27, 28, 27]",1.1314,1.0891,1.0542,1.0249,1.0,0.9933,0.9969,0.9989,0.9998,1.0
N5_M20,5,20,ppo,,0,7,0,85,"[38, 53, 38, 42, 47]",1.2156,1.1307,1.0731,1.0315,1.0,0.9829,0.9937,0.998,0.9996,1.0
N5_M20,5,20,ppo,,0,7,1,82,"[43, 40, 45, 44, 42]",1.0514,1.0314,1.0176,1.0076,1.0,0.9984,0.9994,0.9998,1.0,1.0
N5_M20,5,20,ppo,,0,7,2,106,"[30, 53, 48, 71, 69]",1.31,1.1876,1.1049,1.0451,1.0,0.9288,0.9727,0.9913,0.9984,1.0
N5_M20,5,20,ppo,,0,7,3,60,"[19, 35, 42, 28, 34]",1.3291,1.2016,1.1135,1.0491,1.0,0.9438,0.9782,0.993,0.9987,1.0
N5_M20,5,20,ppo,,0,7,4,35,"[10, 28, 27, 19, 19]",1.3592,1.2293,1.1331,1.0589,1.0,0.9087,0.9607,0.9864,0.9973,1.0
N5_M20,5,20,ppo,,0,8,0,233,"[125, 50, 140, 161, 144]",1.2984,1.1835,1.1036,1.045,1.0,0.9111,0.9644,0.9884,0.9978,1.0
N5_M20,5,20,ppo,,0,8,1,74,"[53, 24, 45, 45, 41]",1.274,1.172,1.0986,1.0432,1.0,0.9492,0.9793,0.9931,0.9987,1.0
N5_M20,5,20,ppo,,0,8,2,125,"[57, 38, 52, 57, 70]",1.2774,1.1576,1.0845,1.0354,1.0,0.9659,0.9887,0.9967,0.9994,1.0
N5_M20,5,20,ppo,,0,8,3,86,"[53, 55, 49, 39, 51]",1.1134,1.0717,1.0414,1.0182,1.0,0.9874,0.9949,0.9983,0.9997,1.0
N5_M20,5,20,ppo,,0,8,4,22,"[12, 13, 18, 15, 15]",1.2329,1.155,1.0929,1.0422,1.0,0.9805,0.9913,0.9968,0.9993,1.0
N5_M20,5,20,ppo,,0,9,0,60,"[42, 41, 33, 36, 39]",1.0995,1.0653,1.0387,1.0174,1.0,0.9925,0.9968,0.9989,0.9998,1.0
N5_M20,5,20,ppo,,0,9,1,300,"[203, 191, 93, 189, 176]",1.1913,1.1206,1.0693,1.0305,1.0,0.9487,0.979,0.993,0.9986,1.0
N5_M20,5,20,ppo,,0,9,2,96,"[69, 69, 35, 67, 73]",1.1661,1.1099,1.0656,1.0297,1.0,0.9528,0.9788,0.9923,0.9984,1.0
N5_M20,5,20,ppo,,0,9,3,188,"[114, 119, 52, 134, 124]",1.2339,1.1483,1.0856,1.0378,1.0,0.9332,0.972,0.9905,0.9981,1.0
N5_M20,5,20,ppo,,0,9,4,300,"[199, 188, 67, 194, 173]",1.2119,1.1317,1.075,1.0327,1.0,0.9171,0.9662,0.9888,0.9979,1.0
N5_M20,5,20,ppo,,0,10,0,89,"[50, 56, 59, 48, 57]",1.0926,1.0598,1.035,1.0156,1.0,0.9939,0.9974,0.9991,0.9998,1.0
N5_M20,5,20,ppo,,0,10,1,213,"[105, 127, 116, 126, 127]",1.0566,1.0356,1.0204,1.009,1.0,0.9948,0.998,0.9993,0.9999,1.0
N5_M20,5,20,ppo,,0,10,2,220,"[135, 141, 131, 81, 122]",1.1557,1.0973,1.0556,1.0243,1.0,0.9701,0.9881,0.9961,0.9993,1.0
N5_M20,5,20,ppo,,0,10,3,149,"[81, 81, 80, 93, 76]",1.1314,1.0819,1.0467,1.0204,1.0,0.9952,0.9981,0.9994,0.9999,1.0
N5_M20,5,20,ppo,,0,10,4,102,"[62, 65, 59, 59, 57]",1.0762,1.0487,1.0283,1.0126,1.0,0.9979,0.9991,0.9997,0.9999,1.0
N5_M20,5,20,ppo,,0,11,0,36,"[25, 21, 26, 26, 27]",1.08,1.0541,1.0328,1.015,1.0,0.993,0.9968,0.9988,0.9998,1.0
N5_M20,5,20,ppo,,0,11,1,44,"[28, 29, 27, 27, 34]",1.1724,1.1145,1.0685,1.0311,1.0,0.992,0.9964,0.9987,0.9997,1.0
N5_M20,5,20,ppo,,0,11,2,15,"[11, 12, 11, 12, 10]",1.0714,1.0494,1.0305,1.0142,1.0,0.9956,0.9979,0.9992,0.9998,1.0
N5_M20,5,20,ppo,,0,11,3,134,"[78, 85, 86, 80, 88]",1.0552,1.0359,1.0212,1.0095,1.0,0.998,0.9991,0.9997,0.9999,1.0
N5_M20,5,20,ppo,,0,11,4,40,"[28, 23, 26, 30, 26]",1.1278,1.0851,1.0511,1.0232,1.0,0.9924,0.9966,0.9988,0.9997,1.0
N5_M20,5,20,ppo,,0,12,0,74,"[49, 35, 54, 49, 42]",1.179,1.1164,1.0684,1.0306,1.0,0.9796,0.9913,0.997,0.9994,1.0
N5_M20,5,20,ppo,,0,12,1,299,"[196, 67, 183, 158, 193]",1.2296,1.1413,1.0798,1.0346,1.0,0.9166,0.9667,0.9891,0.9979,1.0
N5_M20,5,20,ppo,,0,12,2,63,"[44, 39, 40, 40, 37]",1.1,1.0656,1.0388,1.0175,1.0,0.9968,0.9986,0.9995,0.9999,1.0
N5_M20,5,20,ppo,,0,12,3,30,"[14, 15, 23, 18, 20]",1.2778,1.1786,1.1042,1.0463,1.0,0.9677,0.9864,0.9953,0.9991,1.0
N5_M20,5,20,ppo,,0,12,4,300,"[184, 118, 187, 194, 169]",1.1385,1.0873,1.0502,1.022,1.0,0.9747,0.9898,0.9966,0.9993,1.0
N5_M20,5,20,ppo,,0,13,0,300,"[126, 136, 136, 132, 123]",1.0413,1.0234,1.0125,1.0052,1.0,0.9984,0.9995,0.9998,1.0,1.0
N5_M20,5,20,ppo,,0,13,1,205,"[90, 86, 105, 90, 78]",1.1693,1.0961,1.0516,1.0216,1.0,0.9905,0.9969,0.9991,0.9998,1.0
N5_M20,5,20,ppo,,0,13,2,42,"[35, 29, 29, 23, 15]",1.3359,1.2189,1.129,1.0578,1.0,0.9375,0.9725,0.9903,0.998,1.0
N5_M20,5,20,ppo,,0,13,3,116,"[60, 63, 80, 62, 42]",1.3029,1.1859,1.1048,1.0454,1.0,0.9629,0.9857,0.9954,0.9991,1.0
N5_M20,5,20,ppo,,0,13,4,300,"[143, 137, 143, 120, 104]",1.1051,1.0593,1.0317,1.0132,1.0,0.9863,0.9956,0.9987,0.9998,1.0
N5_M20,5,20,ppo,,0,14,0,35,"[24, 22, 24, 21, 25]",1.0776,1.0516,1.0309,1.014,1.0,0.996,0.9982,0.9994,0.9999,1.0
N5_M20,5,20,ppo,,0,14,1,48,"[35, 34, 28, 28, 35]",1.0938,1.0625,1.0375,1.017,1.0,0.9896,0.9953,0.9983,0.9997,1.0
N5_M20,5,20,ppo,,0,14,2,59,"[40, 27, 34, 33, 35]",1.1834,1.116,1.0668,1.0294,1.0,0.985,0.994,0.998,0.9996,1.0
N5_M20,5,20,ppo,,0,14,3,27,"[22, 19, 22, 16, 17]",1.1458,1.0993,1.0606,1.0279,1.0,0.9836,0.9923,0.9971,0.9994,1.0
N5_M20,5,20,ppo,,0,14,4,48,"[34, 32, 36, 33, 26]",1.118,1.0788,1.0474,1.0216,1.0,0.9892,0.9951,0.9982,0.9996,1.0
N5_M20,5,20,ppo,,0,15,0,103,"[60, 52, 59, 42, 74]",1.2892,1.181,1.1035,1.0453,1.0,0.9676,0.9871,0.9957,0.9992,1.0
N5_M20,5,20,ppo,,0,15,1,103,"[54, 65, 71, 68, 50]",1.1526,1.098,1.0571,1.0254,1.0,0.9827,0.9928,0.9975,0.9995,1.0
N5_M20,5,20,ppo,,0,15,2,85,"[40, 55, 47, 41, 48]",1.1905,1.1181,1.0671,1.0292,1.0,0.9864,0.9947,0.9983,0.9997,1.0
N5_M20,5,20,ppo,,0,15,3,52,"[36, 32, 36, 32, 27]",1.1043,1.0681,1.0402,1.018,1.0,0.9897,0.9956,0.9985,0.9997,1.0
N5_M20,5,20,ppo,,0,15,4,61,"[38, 41, 45, 36, 27]",1.2032,1.1316,1.0772,1.0345,1.0,0.9747,0.9892,0.9963,0.9993,1.0
N5_M20,5,20,ppo,,0,16,0,49,"[32, 33, 25, 33, 35]",1.1076,1.0709,1.0422,1.019,1.0,0.9883,0.9949,0.9982,0.9996,1.0
N5_M20,5,20,ppo,,0,16,1,62,"[34, 16, 42, 42, 42]",1.1932,1.1217,1.07,1.0307,1.0,0.9241,0.9684,0.9893,0.9979,1.0
N5_M20,5,20,ppo,,0,16,2,42,"[32, 23, 27, 35, 24]",1.2411,1.1611,1.0969,1.0441,1.0,0.9738,0.9881,0.9957,0.9991,1.0
N5_M20,5,20,ppo,,0,16,3,27,"[21, 20, 18, 20, 22]",1.0891,1.0616,1.0381,1.0178,1.0,0.9957,0.9979,0.9992,0.9998,1.0
N5_M20,5,20,ppo,,0,16,4,32,"[23, 25, 17, 23, 21]",1.1468,1.0986,1.0595,1.0272,1.0,0.9847,0.9931,0.9975,0.9995,1.0
N5_M20,5,20,ppo,,0,17,0,81,"[49, 52, 44, 47, 47]",1.0879,1.0561,1.0326,1.0144,1.0,0.997,0.9988,0.9996,0.9999,1.0
N5_M20,5,20,ppo,,0,17,1,204,"[78, 73, 109, 120, 113]",1.217,1.1285,1.0707,1.0301,1.0,0.9633,0.9868,0.996,0.9993,1.0
N5_M20,5,20,ppo,,0,17,2,191,"[112, 82, 115, 123, 78]",1.2059,1.1268,1.0717,1.0311,1.0,0.9686,0.9879,0.9961,0.9993,1.0
N5_M20,5,20,ppo,,0,17,3,300,"[126, 60, 149, 198, 140]",1.471,1.2702,1.1459,1.0613,1.0,0.9015,0.9653,0.9896,0.9982,1.0
N5_M20,5,20,ppo,,0,17,4,93,"[50, 60, 58, 51, 51]",1.1111,1.0706,1.0408,1.018,1.0,0.9941,0.9976,0.9992,0.9998,1.0
N5_M20,5,20,ppo,,0,18,0,32,"[21, 26, 17, 28, 22]",1.2281,1.1554,1.0949,1.0438,1.0,0.972,0.9868,0.995,0.9989,1.0
N5_M20,5,20,ppo,,0,18,1,31,"[22, 17, 22, 22, 24]",1.1215,1.0819,1.0496,1.0227,1.0,0.9883,0.9946,0.998,0.9996,1.0
N5_M20,5,20,ppo,,0,18,2,19,"[16, 11, 13, 16, 9]",1.2308,1.1552,1.0938,1.0429,1.0,0.957,0.9801,0.9926,0.9985,1.0
N5_M20,5,20,ppo,,0,18,3,40,"[29, 28, 28, 27, 31]",1.0839,1.0572,1.035,1.0162,1.0,0.9978,0.999,0.9996,0.9999,1.0
N5_M20,5,20,ppo,,0,18,4,61,"[41, 38, 47, 45, 40]",1.1137,1.0768,1.0465,1.0213,1.0,0.9939,0.9972,0.999,0.9998,1.0
N5_M20,5,20,ppo,,0,19,0,142,"[85, 63, 82, 85, 77]",1.0842,1.0525,1.0299,1.0131,1.0,0.9891,0.9957,0.9986,0.9997,1.0
N5_M20,5,20,ppo,,0,19,1,255,"[150, 125, 134, 89, 134]",1.1867,1.1116,1.0619,1.0265,1.0,0.9747,0.9908,0.9972,0.9995,1.0
N5_M20,5,20,ppo,,0,19,2,69,"[47, 48, 37, 41, 38]",1.1374,1.089,1.0522,1.0233,1.0,0.9886,0.9952,0.9983,0.9997,1.0
N5_M20,5,20,ppo,,0,19,3,266,"[88, 132, 131, 78, 162]",1.3706,1.2117,1.114,1.0478,1.0,0.9357,0.9781,0.9935,0.9989,1.0
N5_M20,5,20,ppo,,0,19,4,99,"[54, 62, 61, 69, 56]",1.1424,1.0921,1.054,1.0241,1.0,0.9925,0.9969,0.9989,0.9998,1.0
N5_M20,5,20,ppo,,1,0,0,75,"[40, 48, 42, 43, 45]",1.1009,1.0641,1.0371,1.0164,1.0,0.9961,0.9984,0.9995,0.9999,1.0
N5_M20,5,20,ppo,,1,0,1,25,"[16, 19, 16, 20, 19]",1.1111,1.0759,1.0465,1.0215,1.0,0.9914,0.996,0.9985,0.9997,1.0
N5_M20,5,20,ppo,,1,0,2,71,"[46, 41, 28, 42, 49]",1.1893,1.1202,1.0695,1.0307,1.0,0.9704,0.9878,0.9959,0.9992,1.0
N5_M20,5,20,ppo,,1,0,3,84,"[59, 57, 48, 61, 66]",1.134,1.0905,1.0549,1.0251,1.0,0.9898,0.9953,0.9983,0.9996,1.0
N5_M20,5,20,ppo,,1,0,4,37,"[20, 29, 13, 23, 29]",1.2719,1.1765,1.1037,1.0463,1.0,0.935,0.9715,0.99,0.998,1.0
N5_M20,5,20,ppo,,1,1,0,161,"[77, 80, 72, 99, 66]",1.2563,1.1525,1.0842,1.036,1.0,0.9803,0.993,0.9978,0.9996,1.0
N5_M20,5,20,ppo,,1,1,1,78,"[41, 48, 37, 51, 39]",1.1806,1.1127,1.0644,1.0281,1.0,0.9847,0.994,0.998,0.9996,1.0
N5_M20,5,20,ppo,,1,1,2,27,"[20, 21, 17, 22, 17]",1.134,1.0915,1.056,1.0259,1.0,0.9889,0.9948,0.998,0.9996,1.0
N5_M20,5,20,ppo,,1,1,3,152,"[97, 97, 80, 85, 49]",1.1887,1.1164,1.0659,1.0286,1.0,0.9555,0.9826,0.9943,0.9989,1.0
N5_M20,5,20,ppo,,1,1,4,67,"[50, 46, 39, 41, 35]",1.1848,1.1209,1.0714,1.0321,1.0,0.9847,0.9934,0.9977,0.9995,1.0
N5_M20,5,20,ppo,,1,2,0,100,"[52, 67, 31, 65, 42]",1.3035,1.1841,1.103,1.0444,1.0,0.934,0.9747,0.9919,0.9985,1.0
N5_M20,5,20,ppo,,1,2,1,106,"[48, 66, 47, 54, 42]",1.284,1.1683,1.0928,1.0395,1.0,0.975,0.9911,0.9973,0.9995,1.0
N5_M20,5,20,ppo,,1,2,2,84,"[38, 44, 39, 41, 40]",1.0891,1.0526,1.0289,1.0123,1.0,0.9974,0.9991,0.9997,1.0,1.0
N5_M20,5,20,ppo,,1,2,3,160,"[49, 94, 40, 79, 56]",1.478,1.26,1.136,1.0559,1.0,0.9105,0.9717,0.9921,0.9987,1.0
N5_M20,5,20,ppo,,1,2,4,175,"[72, 100, 104, 79, 52]",1.2776,1.1617,1.0881,1.0373,1.0,0.9481,0.9817,0.9945,0.999,1.0
N5_M20,5,20,ppo,,1,3,0,130,"[34, 71, 84, 79, 90]",1.257,1.1601,1.0913,1.0399,1.0,0.9289,0.9712,0.9904,0.9982,1.0
N5_M20,5,20,ppo,,1,3,1,33,"[16, 21, 23, 20, 27]",1.2617,1.1728,1.1029,1.0465,1.0,0.9723,0.9877,0.9956,0.9991,1.0
N5_M20,5,20,ppo,,1,3,2,163,"[70, 89, 93, 114, 113]",1.19,1.1212,1.0703,1.0311,1.0,0.9715,0.9882,0.996,0.9992,1.0
N5_M20,5,20,ppo,,1,3,3,132,"[40, 76, 80, 92, 86]",1.2299,1.1448,1.0832,1.0365,1.0,0.944,0.977,0.9923,0.9985,1.0
N5_M20,5,20,ppo,,1,3,4,98,"[24, 65, 59, 63, 59]",1.2037,1.1269,1.0724,1.0316,1.0,0.9268,0.9702,0.9901,0.9981,1.0
N5_M20,5,20,ppo,,1,4,0,147,"[82, 81, 54, 59, 66]",1.1988,1.1158,1.0631,1.0267,1.0,0.9732,0.9907,0.9972,0.9995,1.0
N5_M20,5,20,ppo,,1,4,1,91,"[59, 54, 49, 40, 59]",1.1303,1.0824,1.0475,1.0209,1.0,0.9816,0.9926,0.9975,0.9995,1.0
N5_M20,5,20,ppo,,1,4,2,28,"[20, 23, 18, 21, 19]",1.1386,1.0948,1.0581,1.0269,1.0,0.9928,0.9966,0.9987,0.9997,1.0
N5_M20,5,20,ppo,,1,4,3,27,"[18, 23, 16, 18, 13]",1.3068,1.203,1.1211,1.0548,1.0,0.9668,0.9852,0.9947,0.9989,1.0
N5_M20,5,20,ppo,,1,4,4,88,"[57, 54, 55, 50, 47]",1.0837,1.0537,1.0313,1.0139,1.0,0.9953,0.9981,0.9993,0.9999,1.0
N5_M20,5,20,ppo,,1,5,0,90,"[57, 38, 43, 56, 37]",1.2338,1.1417,1.0793,1.0342,1.0,0.9661,0.9873,0.996,0.9993,1.0
N5_M20,5,20,ppo,,1,5,1,69,"[42, 40, 39, 44, 42]",1.0628,1.0404,1.0236,1.0105,1.0,0.9982,0.9993,0.9998,1.0,1.0
N5_M20,5,20,ppo,,1,5,2,29,"[24, 23, 20, 24, 13]",1.1538,1.105,1.0643,1.0297,1.0,0.9614,0.9816,0.993,0.9985,1.0
N5_M20,5,20,ppo,,1,5,3,144,"[77, 66, 83, 65, 70]",1.1496,1.0899,1.05,1.0214,1.0,0.9911,0.9968,0.999,0.9998,1.0
N5_M20,5,20,ppo,,1,5,4,105,"[55, 58, 54, 75, 48]",1.2931,1.1828,1.1043,1.0456,1.0,0.976,0.9905,0.9969,0.9994,1.0
N5_M20,5,20,ppo,,1,6,0,28,"[21, 15, 19, 20, 21]",1.0938,1.0631,1.0381,1.0174,1.0,0.9867,0.9939,0.9978,0.9995,1.0
N5_M20,5,20,ppo,,1,6,1,34,"[26, 16, 21, 21, 28]",1.25,1.166,1.0993,1.045,1.0,0.9657,0.9846,0.9944,0.9988,1.0
N5_M20,5,20,ppo,,1,6,2,300,"[190, 144, 139, 124, 173]",1.2338,1.1417,1.0793,1.0342,1.0,0.9763,0.9911,0.9972,0.9995,1.0
N5_M20,5,20,ppo,,1,6,3,137,"[88, 87, 77, 75, 93]",1.1071,1.0694,1.0407,1.0182,1.0,0.9934,0.9972,0.999,0.9998,1.0
N5_M20,5,20,ppo,,1,6,4,103,"[68, 71, 61, 52, 73]",1.1231,1.0805,1.0476,1.0214,1.0,0.9863,0.9941,0.9979,0.9996,1.0
N5_M20,5,20,ppo,,1,7,0,233,"[132, 53, 124, 138, 121]",1.2148,1.1276,1.0704,1.03,1.0,0.9312,0.9746,0.9921,0.9986,1.0
N5_M20,5,20,ppo,,1,7,1,60,"[32, 29, 38, 26, 36]",1.1801,1.1111,1.0629,1.0273,1.0,0.9817,0.9929,0.9977,0.9996,1.0
N5_M20,5,20,ppo,,1,7,2,43,"[30, 20, 21, 29, 32]",1.2121,1.1375,1.0807,1.036,1.0,0.9664,0.9856,0.995,0.999,1.0
N5_M20,5,20,ppo,,1,7,3,95,"[61, 48, 55, 60, 60]",1.0739,1.0475,1.0277,1.0123,1.0,0.9927,0.997,0.999,0.9998,1.0
N5_M20,5,20,ppo,,1,7,4,86,"[35, 44, 44, 49, 34]",1.1893,1.1116,1.0613,1.0261,1.0,0.9807,0.9932,0.9979,0.9996,1.0
N5_M20,5,20,ppo,,1,8,0,43,"[27, 33, 22, 29, 27]",1.1957,1.1288,1.0765,1.0345,1.0,0.9837,0.9929,0.9975,0.9995,1.0
N5_M20,5,20,ppo,,1,8,1,29,"[17, 15, 19, 20, 16]",1.1494,1.0961,1.056,1.0249,1.0,0.9888,0.9953,0.9984,0.9997,1.0
N5_M20,5,20,ppo,,1,8,2,41,"[24, 16, 23, 31, 22]",1.3362,1.2116,1.1215,1.0534,1.0,0.9591,0.9834,0.9945,0.9989,1.0
N5_M20,5,20,ppo,,1,8,3,23,"[14, 13, 14, 17, 15]",1.1644,1.1078,1.0638,1.0287,1.0,0.9914,0.9963,0.9987,0.9997,1.0
N5_M20,5,20,ppo,,1,8,4,20,"[17, 13, 13, 17, 14]",1.1486,1.1025,1.0632,1.0294,1.0,0.9849,0.9928,0.9972,0.9994,1.0
N5_M20,5,20,ppo,,1,9,0,50,"[35, 29, 26, 31, 31]",1.1513,1.0977,1.0572,1.0255,1.0,0.9907,0.9961,0.9987,0.9997,1.0
N5_M20,5,20,ppo,,1,9,1,51,"[28, 30, 28, 29, 32]",1.0884,1.056,1.0323,1.0143,1.0,0.9974,0.999,0.9997,0.9999,1.0
N5_M20,5,20,ppo,,1,9,2,26,"[17, 19, 18, 21, 17]",1.1413,1.0961,1.0586,1.027,1.0,0.9934,0.997,0.9989,0.9998,1.0
N5_M20,5,20,ppo,,1,9,3,288,"[164, 169, 103, 165, 155]",1.1177,1.072,1.0405,1.0175,1.0,0.9744,0.9902,0.9969,0.9994,1.0
N5_M20,5,20,ppo,,1,9,4,300,"[169, 125, 109, 187, 151]",1.2618,1.1563,1.0866,1.037,1.0,0.9647,0.9871,0.996,0.9993,1.0
N5_M20,5,20,ppo,,1,10,0,94,"[51, 52, 53, 35, 50]",1.0996,1.0604,1.0338,1.0145,1.0,0.9812,0.993,0.9978,0.9996,1.0
N5_M20,5,20,ppo,,1,10,1,223,"[121, 142, 117, 106, 108]",1.1953,1.1201,1.0679,1.0294,1.0,0.9884,0.9956,0.9986,0.9997,1.0
N5_M20,5,20,ppo,,1,10,2,239,"[134, 125, 105, 110, 116]",1.1356,1.0809,1.0448,1.0192,1.0,0.9923,0.9972,0.9992,0.9998,1.0
N5_M20,5,20,ppo,,1,10,3,91,"[38, 44, 39, 42, 60]",1.3453,1.2055,1.1136,1.0485,1.0,0.9689,0.9888,0.9965,0.9994,1.0
N5_M20,5,20,ppo,,1,10,4,202,"[106, 104, 93, 92, 104]",1.0621,1.0371,1.0205,1.0088,1.0,0.9964,0.9987,0.9996,0.9999,1.0
N5_M20,5,20,ppo,,1,11,0,56,"[36, 37, 40, 40, 36]",1.0582,1.039,1.0235,1.0107,1.0,0.9977,0.9989,0.9996,0.9999,1.0
N5_M20,5,20,ppo,,1,11,1,50,"[32, 37, 33, 27, 32]",1.1491,1.0982,1.0584,1.0263,1.0,0.9903,0.9958,0.9985,0.9997,1.0
N5_M20,5,20,ppo,,1,11,2,23,"[15, 15, 16, 16, 15]",1.039,1.026,1.0156,1.0071,1.0,0.999,0.9995,0.9998,1.0,1.0
N5_M20,5,20,ppo,,1,11,3,21,"[10, 13, 13, 15, 17]",1.25,1.165,1.0983,1.0444,1.0,0.9714,0.9873,0.9955,0.9991,1.0
N5_M20,5,20,ppo,,1,11,4,25,"[18, 17, 16, 21, 15]",1.2069,1.1399,1.0849,1.039,1.0,0.9862,0.9936,0.9976,0.9995,1.0
N5_M20,5,20,ppo,,1,12,0,64,"[38, 38, 34, 32, 37]",1.0615,1.0385,1.022,1.0097,1.0,0.9955,0.9982,0.9994,0.9999,1.0
N5_M20,5,20,ppo,,1,12,1,45,"[29, 31, 21, 25, 30]",1.1397,1.09,1.0526,1.0234,1.0,0.9817,0.9923,0.9974,0.9995,1.0
N5_M20,5,20,ppo,,1,12,2,115,"[72, 75, 63, 72, 30]",1.2019,1.1251,1.071,1.0309,1.0,0.9332,0.9733,0.9912,0.9983,1.0
N5_M20,5,20,ppo,,1,12,3,26,"[14, 18, 17, 14, 18]",1.1111,1.0724,1.0427,1.0191,1.0,0.9874,0.9946,0.9981,0.9996,1.0
N5_M20,5,20,ppo,,1,12,4,151,"[102, 88, 80, 87, 37]",1.2944,1.1797,1.101,1.0436,1.0,0.9272,0.9716,0.9908,0.9983,1.0
N5_M20,5,20,ppo,,1,13,0,135,"[68, 69, 59, 80, 67]",1.1662,1.1004,1.056,1.0241,1.0,0.9905,0.9965,0.9989,0.9998,1.0
N5_M20,5,20,ppo,,1,13,1,300,"[176, 168, 44, 147, 146]",1.2922,1.1685,1.0912,1.0384,1.0,0.8913,0.961,0.9883,0.9979,1.0
N5_M20,5,20,ppo,,1,13,2,121,"[72, 59, 80, 61, 56]",1.2195,1.1359,1.0772,1.0336,1.0,0.9815,0.9928,0.9977,0.9996,1.0
N5_M20,5,20,ppo,,1,13,3,300,"[176, 135, 112, 125, 103]",1.3518,1.199,1.1065,1.0445,1.0,0.9634,0.988,0.9965,0.9994,1.0
N5_M20,5,20,ppo,,1,13,4,183,"[87, 87, 79, 118, 68]",1.344,1.203,1.1115,1.0474,1.0,0.9654,0.9877,0.9962,0.9993,1.0
N5_M20,5,20,ppo,,1,14,0,46,"[32, 34, 22, 21, 32]",1.2057,1.1332,1.0782,1.0349,1.0,0.963,0.9841,0.9945,0.9989,1.0
N5_M20,5,20,ppo,,1,14,1,65,"[41, 41, 42, 43, 38]",1.0488,1.0319,1.0189,1.0085,1.0,0.9983,0.9993,0.9998,0.9999,1.0
N5_M20,5,20,ppo,,1,14,2,45,"[32, 29, 26, 34, 32]",1.1111,1.0746,1.045,1.0205,1.0,0.9917,0.9962,0.9986,0.9997,1.0
N5_M20,5,20,ppo,,1,14,3,82,"[39, 54, 37, 51, 33]",1.2617,1.1597,1.0897,1.0388,1.0,0.9645,0.9865,0.9957,0.9992,1.0
N5_M20,5,20,ppo,,1,14,4,47,"[28, 32, 26, 30, 26]",1.1268,1.0817,1.0477,1.0213,1.0,0.9933,0.9972,0.999,0.9998,1.0
N5_M20,5,20,ppo,,1,15,0,101,"[44, 45, 61, 40, 63]",1.2451,1.1472,1.0818,1.0351,1.0,0.9661,0.9875,0.9961,0.9993,1.0
N5_M20,5,20,ppo,,1,15,1,44,"[30, 35, 28, 32, 19]",1.2153,1.1426,1.0852,1.0386,1.0,0.9658,0.9847,0.9945,0.9989,1.0
N5_M20,5,20,ppo,,1,15,2,54,"[36, 42, 28, 35, 28]",1.2426,1.1583,1.0934,1.0419,1.0,0.9759,0.9896,0.9964,0.9993,1.0
N5_M20,5,20,ppo,,1,15,3,57,"[49, 38, 39, 35, 31]",1.276,1.1847,1.1111,1.0506,1.0,0.9763,0.9892,0.9961,0.9992,1.0
N5_M20,5,20,ppo,,1,15,4,175,"[89, 107, 100, 96, 92]",1.1054,1.0657,1.0375,1.0164,1.0,0.9958,0.9984,0.9995,0.9999,1.0
N5_M20,5,20,ppo,,1,16,0,48,"[24, 36, 28, 35, 28]",1.1921,1.1255,1.0742,1.0333,1.0,0.9775,0.9903,0.9966,0.9993,1.0
N5_M20,5,20,ppo,,1,16,1,55,"[32, 30, 36, 37, 39]",1.1207,1.079,1.0468,1.021,1.0,0.991,0.9961,0.9986,0.9997,1.0
N5_M20,5,20,ppo,,1,16,2,39,"[26, 25, 25, 29, 19]",1.1694,1.1111,1.0658,1.0296,1.0,0.9831,0.9927,0.9974,0.9995,1.0
N5_M20,5,20,ppo,,1,16,3,26,"[13, 20, 19, 16, 17]",1.1765,1.1169,1.0698,1.0316,1.0,0.9797,0.991,0.9968,0.9993,1.0
N5_M20,5,20,ppo,,1,16,4,28,"[20, 21, 17, 18, 17]",1.129,1.0859,1.0515,1.0234,1.0,0.9924,0.9966,0.9988,0.9997,1.0
N5_M20,5,20,ppo,,1,17,0,300,"[144, 132, 111, 118, 81]",1.2287,1.1234,1.0642,1.0263,1.0,0.9678,0.9904,0.9974,0.9996,1.0
N5_M20,5,20,ppo,,1,17,1,300,"[169, 46, 141, 154, 137]",1.306,1.1726,1.0922,1.0385,1.0,0.8998,0.9658,0.99,0.9982,1.0
N5_M20,5,20,ppo,,1,17,2,300,"[194, 112, 135, 157, 115]",1.3604,1.2119,1.1161,1.0493,1.0,0.9567,0.9846,0.9953,0.9992,1.0
N5_M20,5,20,ppo,,1,17,3,300,"[168, 108, 151, 147, 106]",1.2353,1.1356,1.0734,1.0309,1.0,0.968,0.9892,0.9968,0.9994,1.0
N5_M20,5,20,ppo,,1,17,4,300,"[152, 190, 161, 134, 53]",1.3768,1.2185,1.1187,1.0501,1.0,0.8992,0.9637,0.989,0.998,1.0
N5_M20,5,20,ppo,,1,18,0,20,"[15, 16, 15, 19, 15]",1.1875,1.1324,1.0833,1.0395,1.0,0.9907,0.9954,0.9982,0.9996,1.0
N5_M20,5,20,ppo,,1,18,1,42,"[30, 21, 29, 29, 32]",1.1348,1.09,1.0541,1.0246,1.0,0.9825,0.9921,0.9971,0.9994,1.0
N5_M20,5,20,ppo,,1,18,2,22,"[15, 13, 12, 14, 7]",1.2295,1.1433,1.0819,1.0358,1.0,0.9504,0.9801,0.9934,0.9987,1.0
N5_M20,5,20,ppo,,1,18,3,45,"[32, 32, 22, 32, 28]",1.0959,1.0633,1.0377,1.0171,1.0,0.9823,0.9922,0.9972,0.9994,1.0
N5_M20,5,20,ppo,,1,18,4,35,"[28, 22, 20, 30, 25]",1.2,1.1364,1.0833,1.0385,1.0,0.9787,0.99,0.9962,0.9992,1.0
N5_M20,5,20,ppo,,1,19,0,116,"[62, 51, 66, 68, 49]",1.1486,1.0899,1.0502,1.0216,1.0,0.983,0.9937,0.998,0.9996,1.0
N5_M20,5,20,ppo,,1,19,1,152,"[90, 87, 77, 84, 80]",1.0766,1.0477,1.0272,1.0119,1.0,0.9969,0.9988,0.9996,0.9999,1.0
N5_M20,5,20,ppo,,1,19,2,195,"[100, 97, 92, 103, 111]",1.1034,1.0628,1.0352,1.0152,1.0,0.996,0.9985,0.9995,0.9999,1.0
N5_M20,5,20,ppo,,1,19,3,278,"[149, 150, 131, 144, 151]",1.0414,1.0252,1.0142,1.0061,1.0,0.9974,0.999,0.9997,0.9999,1.0
N5_M20,5,20,ppo,,1,19,4,72,"[44, 37, 49, 53, 46]",1.1572,1.1032,1.0611,1.0275,1.0,0.9866,0.9942,0.9979,0.9996,1.0
N5_M20,5,20,ppo,,2,0,0,130,"[80, 97, 87, 81, 76]",1.152,1.1004,1.0598,1.027,1.0,0.9925,0.9967,0.9988,0.9998,1.0
N5_M20,5,20,ppo,,2,0,1,30,"[23, 23, 19, 23, 22]",1.0455,1.0312,1.0192,1.0089,1.0,0.9951,0.9977,0.9991,0.9998,1.0
N5_M20,5,20,ppo,,2,0,2,73,"[49, 54, 38, 41, 47]",1.179,1.1169,1.069,1.031,1.0,0.9847,0.9934,0.9977,0.9995,1.0
N5_M20,5,20,ppo,,2,0,3,81,"[57, 60, 58, 54, 57]",1.049,1.0333,1.0203,1.0093,1.0,0.9989,0.9995,0.9998,1.0,1.0
N5_M20,5,20,ppo,,2,0,4,60,"[45, 48, 21, 32, 42]",1.2766,1.1806,1.1066,1.0478,1.0,0.9353,0.9714,0.9898,0.9979,1.0
N5_M20,5,20,ppo,,2,1,0,38,"[22, 18, 22, 34, 21]",1.453,1.2939,1.1726,1.0771,1.0,0.9477,0.9773,0.992,0.9984,1.0
N5_M20,5,20,ppo,,2,1,1,59,"[40, 38, 34, 38, 37]",1.0695,1.0456,1.027,1.0121,1.0,0.9973,0.9988,0.9996,0.9999,1.0
N5_M20,5,20,ppo,,2,1,2,78,"[50, 45, 44, 44, 47]",1.087,1.0556,1.0323,1.0143,1.0,0.9975,0.999,0.9997,0.9999,1.0
N5_M20,5,20,ppo,,2,1,3,39,"[28, 23, 23, 32, 23]",1.2403,1.1598,1.0957,1.0434,1.0,0.9803,0.9912,0.9968,0.9993,1.0
N5_M20,5,20,ppo,,2,1,4,29,"[19, 20, 21, 22, 18]",1.1,1.0674,1.0408,1.0187,1.0,0.995,0.9977,0.9992,0.9998,1.0
N5_M20,5,20,ppo,,2,2,0,97,"[29, 63, 58, 61, 60]",1.1624,1.1017,1.0582,1.0255,1.0,0.9479,0.9789,0.993,0.9986,1.0
N5_M20,5,20,ppo,,2,2,1,214,"[81, 104, 72, 105, 94]",1.1513,1.0849,1.0452,1.0188,1.0,0.9803,0.9937,0.9982,0.9997,1.0
N5_M20,5,20,ppo,,2,2,2,300,"[76, 85, 102, 87, 97]",1.1409,1.0665,1.0324,1.0127,1.0,0.9896,0.9977,0.9994,0.9999,1.0
N5_M20,5,20,ppo,,2,2,3,92,"[42, 35, 47, 48, 45]",1.106,1.0621,1.034,1.0144,1.0,0.9885,0.996,0.9988,0.9998,1.0
N5_M20,5,20,ppo,,2,2,4,300,"[67, 105, 107, 49, 81]",1.3081,1.1386,1.066,1.0257,1.0,0.9313,0.9853,0.9966,0.9995,1.0
N5_M20,5,20,ppo,,2,3,0,52,"[34, 27, 35, 31, 35]",1.0802,1.0523,1.0308,1.0138,1.0,0.9911,0.9962,0.9987,0.9997,1.0
N5_M20,5,20,ppo,,2,3,1,42,"[27, 24, 25, 21, 28]",1.12,1.0769,1.0448,1.0199,1.0,0.9905,0.9961,0.9987,0.9997,1.0
N5_M20,5,20,ppo,,2,3,2,138,"[59, 76, 87, 65, 84]",1.1725,1.1065,1.0603,1.0262,1.0,0.9794,0.9921,0.9974,0.9995,1.0
N5_M20,5,20,ppo,,2,3,3,300,"[156, 149, 44, 162, 164]",1.2148,1.1234,1.0667,1.028,1.0,0.8968,0.9634,0.989,0.998,1.0
N5_M20,5,20,ppo,,2,3,4,68,"[40, 41, 32, 41, 34]",1.0904,1.0564,1.0322,1.0141,1.0,0.9898,0.996,0.9987,0.9997,1.0
N5_M20,5,20,ppo,,2,4,0,71,"[38, 41, 50, 29, 42]",1.25,1.1571,1.0901,1.0395,1.0,0.9721,0.9888,0.9963,0.9993,1.0
N5_M20,5,20,ppo,,2,4,1,109,"[71, 72, 76, 25, 69]",1.2141,1.1354,1.0781,1.0344,1.0,0.9162,0.9647,0.988,0.9976,1.0
N5_M20,5,20,ppo,,2,4,2,246,"[61, 155, 143, 136, 157]",1.204,1.1252,1.0707,1.0306,1.0,0.9308,0.9727,0.9912,0.9983,1.0
N5_M20,5,20,ppo,,2,4,3,27,"[18, 19, 15, 12, 17]",1.1728,1.1111,1.0648,1.0288,1.0,0.9771,0.9904,0.9967,0.9993,1.0
N5_M20,5,20,ppo,,2,4,4,101,"[66, 58, 40, 55, 63]",1.1702,1.1066,1.061,1.0267,1.0,0.9749,0.99,0.9967,0.9994,1.0
N5_M20,5,20,ppo,,2,5,0,21,"[17, 17, 13, 15, 9]",1.1972,1.1321,1.0795,1.0363,1.0,0.9575,0.9805,0.9928,0.9985,1.0
N5_M20,5,20,ppo,,2,5,1,150,"[71, 78, 63, 89, 70]",1.1995,1.1192,1.066,1.0282,1.0,0.9861,0.995,0.9985,0.9997,1.0
N5_M20,5,20,ppo,,2,5,2,30,"[27, 22, 19, 25, 21]",1.1842,1.128,1.0795,1.0372,1.0,0.9845,0.9925,0.9971,0.9994,1.0
N5_M20,5,20,ppo,,2,5,3,41,"[34, 28, 24, 27, 31]",1.1806,1.1224,1.0745,1.0343,1.0,0.986,0.9935,0.9976,0.9995,1.0
N5_M20,5,20,ppo,,2,5,4,31,"[24, 23, 20, 24, 16]",1.1215,1.0819,1.0496,1.0227,1.0,0.9798,0.9907,0.9966,0.9993,1.0
N5_M20,5,20,ppo,,2,6,0,32,"[25, 16, 21, 23, 23]",1.1574,1.1054,1.0634,1.0289,1.0,0.9802,0.991,0.9967,0.9993,1.0
N5_M20,5,20,ppo,,2,6,1,50,"[39, 31, 35, 31, 33]",1.1538,1.103,1.0621,1.0283,1.0,0.9922,0.9965,0.9987,0.9997,1.0
N5_M20,5,20,ppo,,2,6,2,42,"[31, 29, 31, 28, 27]",1.0616,1.0417,1.0253,1.0116,1.0,0.997,0.9986,0.9995,0.9999,1.0
N5_M20,5,20,ppo,,2,6,3,300,"[152, 173, 148, 89, 185]",1.2383,1.1427,1.0792,1.0339,1.0,0.9532,0.9827,0.9946,0.999,1.0
N5_M20,5,20,ppo,,2,6,4,77,"[58, 48, 54, 55, 59]",1.0766,1.0522,1.0319,1.0147,1.0,0.995,0.9977,0.9991,0.9998,1.0
N5_M20,5,20,ppo,,2,7,0,30,"[21, 20, 14, 15, 20]",1.1667,1.1071,1.0625,1.0278,1.0,0.9747,0.9894,0.9964,0.9993,1.0
N5_M20,5,20,ppo,,2,7,1,74,"[33, 43, 42, 27, 44]",1.164,1.0993,1.0555,1.0239,1.0,0.9698,0.9887,0.9964,0.9993,1.0
N5_M20,5,20,ppo,,2,7,2,39,"[21, 23, 24, 22, 27]",1.1538,1.0989,1.0577,1.0256,1.0,0.9923,0.9968,0.9989,0.9998,1.0
N5_M20,5,20,ppo,,2,7,3,168,"[39, 112, 102, 105, 115]",1.2156,1.1355,1.0777,1.0341,1.0,0.9184,0.9661,0.9886,0.9978,1.0
N5_M20,5,20,ppo,,2,7,4,118,"[47, 67, 61, 68, 71]",1.1306,1.0803,1.0454,1.0197,1.0,0.9818,0.9931,0.9978,0.9996,1.0
N5_M20,5,20,ppo,,2,8,0,218,"[134, 39, 134, 126, 144]",1.2478,1.1521,1.0858,1.0372,1.0,0.8993,0.9595,0.9868,0.9975,1.0
N5_M20,5,20,ppo,,2,8,1,38,"[26, 20, 22, 21, 22]",1.1712,1.109,1.0631,1.0279,1.0,0.9916,0.9966,0.9989,0.9998,1.0
N5_M20,5,20,ppo,,2,8,2,156,"[74, 50, 78, 92, 82]",1.2234,1.1321,1.0727,1.0309,1.0,0.9667,0.9881,0.9964,0.9993,1.0
N5_M20,5,20,ppo,,2,8,3,96,"[56, 49, 54, 58, 57]",1.0584,1.0369,1.0212,1.0093,1.0,0.9966,0.9987,0.9996,0.9999,1.0
N5_M20,5,20,ppo,,2,8,4,42,"[27, 29, 31, 30, 30]",1.0544,1.0369,1.0224,1.0103,1.0,0.9979,0.999,0.9996,0.9999,1.0
N5_M20,5,20,ppo,,2,9,0,54,"[31, 28, 31, 36, 41]",1.2275,1.1479,1.087,1.0389,1.0,0.9815,0.9921,0.9973,0.9994,1.0
N5_M20,5,20,ppo,,2,9,1,300,"[174, 161, 49, 208, 215]",1.3321,1.205,1.1162,1.0505,1.0,0.8795,0.9504,0.9835,0.9968,1.0
N5_M20,5,20,ppo,,2,9,2,25,"[14, 19, 18, 20, 17]",1.1364,1.0925,1.0563,1.0259,1.0,0.9865,0.9937,0.9977,0.9995,1.0
N5_M20,5,20,ppo,,2,9,3,300,"[161, 151, 55, 176, 197]",1.3311,1.1976,1.1094,1.0468,1.0,0.9012,0.9624,0.9882,0.9978,1.0
N5_M20,5,20,ppo,,2,9,4,101,"[54, 55, 34, 76, 71]",1.3103,1.1964,1.1132,1.0499,1.0,0.9389,0.9746,0.9914,0.9983,1.0
N5_M20,5,20,ppo,,2,10,0,118,"[60, 78, 75, 69, 51]",1.1712,1.1076,1.0618,1.0271,1.0,0.9782,0.9913,0.9971,0.9994,1.0
N5_M20,5,20,ppo,,2,10,1,126,"[53, 89, 80, 79, 76]",1.1804,1.1158,1.0675,1.03,1.0,0.9753,0.9896,0.9965,0.9993,1.0
N5_M20,5,20,ppo,,2,10,2,42,"[29, 33, 22, 25, 29]",1.1957,1.1298,1.0776,1.0352,1.0,0.9816,0.9918,0.9971,0.9994,1.0
N5_M20,5,20,ppo,,2,10,3,50,"[32, 32, 26, 27, 32]",1.0738,1.0473,1.0276,1.0122,1.0,0.9918,0.9966,0.9988,0.9998,1.0
N5_M20,5,20,ppo,,2,10,4,60,"[37, 45, 36, 29, 40]",1.2032,1.1324,1.078,1.035,1.0,0.9808,0.9917,0.9971,0.9994,1.0
N5_M20,5,20,ppo,,2,11,0,112,"[54, 50, 73, 83, 66]",1.273,1.1736,1.1005,1.0444,1.0,0.9666,0.9862,0.9953,0.9991,1.0
N5_M20,5,20,ppo,,2,11,1,57,"[32, 38, 33, 35, 42]",1.1667,1.1091,1.0645,1.029,1.0,0.9899,0.9957,0.9985,0.9997,1.0
N5_M20,5,20,ppo,,2,11,2,60,"[37, 46, 37, 38, 38]",1.1735,1.1149,1.0685,1.031,1.0,0.9924,0.9967,0.9988,0.9998,1.0
N5_M20,5,20,ppo,,2,11,3,87,"[57, 55, 48, 60, 51]",1.107,1.0697,1.0411,1.0184,1.0,0.9939,0.9974,0.9991,0.9998,1.0
N5_M20,5,20,ppo,,2,11,4,69,"[44, 53, 41, 52, 36]",1.1726,1.1144,1.0683,1.0309,1.0,0.9798,0.991,0.9968,0.9993,1.0
N5_M20,5,20,ppo,,2,12,0,300,"[88, 96, 128, 101, 111]",1.2214,1.1133,1.0573,1.0231,1.0,0.983,0.9955,0.9988,0.9998,1.0
N5_M20,5,20,ppo,,2,12,1,297,"[92, 67, 112, 91, 92]",1.2335,1.1117,1.0547,1.0216,1.0,0.9759,0.9944,0.9986,0.9998,1.0
N5_M20,5,20,ppo,,2,12,2,300,"[106, 112, 114, 91, 78]",1.1377,1.0689,1.0345,1.0138,1.0,0.9816,0.9953,0.9988,0.9998,1.0
N5_M20,5,20,ppo,,2,12,3,41,"[19, 23, 28, 21, 20]",1.2613,1.1617,1.0918,1.0399,1.0,0.9798,0.9922,0.9975,0.9995,1.0
N5_M20,5,20,ppo,,2,12,4,127,"[75, 58, 74, 67, 54]",1.1433,1.0871,1.0488,1.021,1.0,0.9839,0.994,0.9981,0.9996,1.0
N5_M20,5,20,ppo,,2,13,0,106,"[48, 65, 61, 42, 47]",1.2357,1.141,1.0782,1.0335,1.0,0.9726,0.99,0.9969,0.9994,1.0
N5_M20,5,20,ppo,,2,13,1,182,"[89, 106, 93, 106, 26]",1.2619,1.1521,1.0827,1.0349,1.0,0.8883,0.9593,0.9876,0.9978,1.0
N5_M20,5,20,ppo,,2,13,2,146,"[89, 80, 80, 79, 47]",1.1867,1.1132,1.0633,1.0273,1.0,0.9641,0.9865,0.9957,0.9992,1.0
N5_M20,5,20,ppo,,2,13,3,300,"[168, 157, 138, 124, 10]",1.407,1.2215,1.1159,1.0477,1.0,0.8156,0.9373,0.982,0.9969,1.0
N5_M20,5,20,ppo,,2,13,4,248,"[103, 103, 128, 95, 71]",1.28,1.1533,1.0805,1.0332,1.0,0.9677,0.9901,0.9973,0.9995,1.0
N5_M20,5,20,ppo,,2,14,0,25,"[21, 20, 12, 12, 20]",1.2353,1.1579,1.0952,1.0435,1.0,0.9451,0.9745,0.9906,0.998,1.0
N5_M20,5,20,ppo,,2,14,1,48,"[37, 35, 24, 29, 34]",1.1635,1.1088,1.0652,1.0296,1.0,0.9786,0.9904,0.9965,0.9993,1.0
N5_M20,5,20,ppo,,2,14,2,34,"[29, 19, 19, 19, 26]",1.2946,1.1957,1.117,1.0531,1.0,0.9649,0.9842,0.9943,0.9988,1.0
N5_M20,5,20,ppo,,2,14,3,48,"[28, 28, 23, 18, 31]",1.2109,1.1298,1.0734,1.0318,1.0,0.9689,0.988,0.9961,0.9993,1.0
N5_M20,5,20,ppo,,2,14,4,27,"[18, 17, 19, 17, 18]",1.0674,1.0448,1.0268,1.0121,1.0,0.9982,0.9992,0.9997,0.9999,1.0
N5_M20,5,20,ppo,,2,15,0,84,"[42, 43, 55, 42, 60]",1.2397,1.1518,1.0876,1.0386,1.0,0.9759,0.9902,0.9967,0.9994,1.0
N5_M20,5,20,ppo,,2,15,1,300,"[118, 119, 118, 122, 99]",1.059,1.0316,1.0164,1.0067,1.0,0.9949,0.9985,0.9996,0.9999,1.0
N5_M20,5,20,ppo,,2,15,2,38,"[29, 24, 28, 27, 26]",1.0821,1.0557,1.034,1.0156,1.0,0.9959,0.9981,0.9993,0.9999,1.0
N5_M20,5,20,ppo,,2,15,3,53,"[38, 32, 34, 35, 25]",1.1585,1.103,1.0606,1.0271,1.0,0.9827,0.9926,0.9974,0.9995,1.0
N5_M20,5,20,ppo,,2,15,4,63,"[41, 40, 49, 41, 36]",1.1836,1.1218,1.0728,1.033,1.0,0.9897,0.9954,0.9984,0.9997,1.0
N5_M20,5,20,ppo,,2,16,0,27,"[23, 21, 17, 18, 17]",1.1979,1.1348,1.0823,1.0379,1.0,0.9846,0.9928,0.9973,0.9994,1.0
N5_M20,5,20,ppo,,2,16,1,49,"[29, 26, 29, 28, 30]",1.0563,1.0358,1.0207,1.0091,1.0,0.9977,0.9991,0.9997,0.9999,1.0
N5_M20,5,20,ppo,,2,16,2,49,"[43, 30, 35, 36, 28]",1.25,1.1695,1.1031,1.0474,1.0,0.9773,0.9895,0.9961,0.9992,1.0
N5_M20,5,20,ppo,,2,16,3,25,"[19, 20, 18, 19, 19]",1.0526,1.0366,1.0227,1.0106,1.0,0.9989,0.9995,0.9998,1.0,1.0
N5_M20,5,20,ppo,,2,16,4,156,"[93, 76, 68, 81, 94]",1.1408,1.0863,1.0487,1.0211,1.0,0.9856,0.9945,0.9983,0.9997,1.0
N5_M20,5,20,ppo,,2,17,0,300,"[168, 169, 169, 162, 36]",1.2003,1.1171,1.064,1.0271,1.0,0.8781,0.9547,0.986,0.9975,1.0
N5_M20,5,20,ppo,,2,17,1,193,"[94, 102, 98, 104, 52]",1.1556,1.0907,1.0495,1.0209,1.0,0.956,0.9846,0.9954,0.9992,1.0
N5_M20,5,20,ppo,,2,17,2,300,"[167, 163, 167, 165, 41]",1.1878,1.1097,1.0599,1.0254,1.0,0.8884,0.9589,0.9874,0.9977,1.0
N5_M20,5,20,ppo,,2,17,3,293,"[167, 173, 179, 177, 65]",1.1761,1.1073,1.0602,1.026,1.0,0.9235,0.9702,0.9904,0.9982,1.0
N5_M20,5,20,ppo,,2,17,4,112,"[62, 82, 70, 56, 49]",1.2853,1.18,1.1035,1.0455,1.0,0.9689,0.9874,0.9958,0.9992,1.0
N5_M20,5,20,ppo,,2,18,0,71,"[48, 46, 34, 42, 36]",1.165,1.1048,1.0606,1.0268,1.0,0.9828,0.993,0.9976,0.9995,1.0
N5_M20,5,20,ppo,,2,18,1,85,"[53, 49, 49, 49, 63]",1.1977,1.1285,1.0756,1.0338,1.0,0.9895,0.9955,0.9984,0.9997,1.0
N5_M20,5,20,ppo,,2,18,2,26,"[16, 16, 12, 15, 15]",1.0811,1.0511,1.0294,1.0129,1.0,0.9902,0.9961,0.9987,0.9997,1.0
N5_M20,5,20,ppo,,2,18,3,77,"[39, 42, 46, 47, 56]",1.2174,1.1395,1.0813,1.0361,1.0,0.9846,0.9936,0.9978,0.9996,1.0
N5_M20,5,20,ppo,,2,18,4,25,"[14, 18, 17, 21, 17]",1.2069,1.1399,1.0849,1.039,1.0,0.9836,0.9924,0.9972,0.9994,1.0
N5_M20,5,20,ppo,,2,19,0,300,"[141, 137, 190, 79, 152]",1.3591,1.2093,1.1141,1.0483,1.0,0.9388,0.9783,0.9935,0.9988,1.0
N5_M20,5,20,ppo,,2,19,1,65,"[34, 37, 38, 44, 46]",1.1558,1.1009,1.0592,1.0264,1.0,0.9874,0.9947,0.9982,0.9996,1.0
N5_M20,5,20,ppo,,2,19,2,243,"[138, 85, 125, 114, 139]",1.1564,1.0934,1.0518,1.0221,1.0,0.9734,0.9904,0.997,0.9995,1.0
N5_M20,5,20,ppo,,2,19,3,300,"[125, 148, 166, 98, 131]",1.2425,1.1387,1.0747,1.0313,1.0,0.9716,0.9905,0.9972,0.9995,1.0
N5_M20,5,20,ppo,,2,19,4,89,"[59, 60, 57, 70, 53]",1.1706,1.114,1.0685,1.0312,1.0,0.9912,0.996,0.9986,0.9997,1.0
N5_M20,5,20,astar,median,-1,0,0,13,"[3, 10, 8, 2, 12]",1.7143,1.4412,1.25,1.1087,1.0,0.7632,0.8942,0.9634,0.9929,1.0
N5_M20,5,20,astar,median,-1,1,0,12,"[8, 8, 2, 12, 8]",1.5789,1.3793,1.2245,1.1009,1.0,0.8494,0.9293,0.974,0.9946,1.0
N5_M20,5,20,astar,median,-1,2,0,87,"[13, 7, 4, 10, 6]",1.625,1.1351,1.0526,1.0186,1.0,0.8649,0.9927,0.9989,0.9999,1.0
N5_M20,5,20,astar,median,-1,3,0,27,"[15, 14, 7, 17, 6]",1.4407,1.25,1.134,1.056,1.0,0.8757,0.9563,0.987,0.9977,1.0
N5_M20,5,20,astar,median,-1,4,0,60,"[2, 10, 14, 12, 14]",1.3462,1.1184,1.0511,1.0189,1.0,0.845,0.979,0.996,0.9995,1.0
N5_M20,5,20,astar,median,-1,5,0,14,"[11, 10, 1, 1, 8]",1.7742,1.4417,1.2376,1.0996,1.0,0.6697,0.8617,0.9556,0.9919,1.0
N5_M20,5,20,astar,median,-1,6,0,18,"[12, 12, 11, 13, 5]",1.2264,1.1446,1.0839,1.0372,1.0,0.9317,0.971,0.99,0.998,1.0
N5_M20,5,20,astar,median,-1,7,0,61,"[11, 7, 4, 1, 3]",2.1154,1.2272,1.0876,1.0308,1.0,0.6898,0.9817,0.9972,0.9997,1.0
N5_M20,5,20,astar,median,-1,8,0,10,"[6, 6, 8, 10, 5]",1.4286,1.2903,1.1765,1.0811,1.0,0.9387,0.9709,0.989,0.9977,1.0
N5_M20,5,20,astar,median,-1,9,0,44,"[4, 6, 17, 11, 10]",1.7708,1.3049,1.1381,1.0523,1.0,0.8199,0.9668,0.993,0.999,1.0
N5_M20,5,20,astar,median,-1,10,0,64,"[10, 10, 8, 5, 14]",1.4894,1.1497,1.0627,1.0228,1.0,0.9109,0.9909,0.9984,0.9998,1.0
N5_M20,5,20,astar,median,-1,11,0,46,"[6, 11, 7, 16, 11]",1.5686,1.2272,1.1032,1.0391,1.0,0.8923,0.9811,0.996,0.9994,1.0
N5_M20,5,20,astar,median,-1,12,0,28,"[6, 20, 3, 2, 6]",2.7027,1.753,1.3559,1.1379,1.0,0.5645,0.8689,0.9674,0.995,1.0
N5_M20,5,20,astar,median,-1,13,0,88,"[10, 13, 11, 23, 8]",1.7692,1.2362,1.099,1.0361,1.0,0.8596,0.9848,0.9973,0.9996,1.0
N5_M20,5,20,astar,median,-1,14,0,22,"[15, 20, 1, 1, 6]",2.3256,1.7155,1.3725,1.1528,1.0,0.5578,0.8124,0.9411,0.9896,1.0
N5_M20,5,20,astar,median,-1,15,0,13,"[13, 0, 2, 4, 13]",2.0312,1.6149,1.3402,1.1454,1.0,0.5721,0.7899,0.9247,0.9854,1.0
N5_M20,5,20,astar,median,-1,16,0,13,"[7, 12, 5, 0, 3]",2.2222,1.6781,1.3587,1.1486,1.0,0.6423,0.8537,0.9542,0.9918,1.0
N5_M20,5,20,astar,median,-1,17,0,16,"[8, 15, 5, 8, 15]",1.4706,1.309,1.1832,1.0825,1.0,0.8627,0.9358,0.9764,0.9951,1.0
N5_M20,5,20,astar,median,-1,18,0,13,"[3, 10, 3, 13, 4]",1.9697,1.5854,1.3265,1.1404,1.0,0.7188,0.8752,0.9575,0.9919,1.0
N5_M20,5,20,astar,median,-1,19,0,72,"[11, 11, 11, 13, 19]",1.4615,1.1622,1.0706,1.0262,1.0,0.9462,0.993,0.9987,0.9998,1.0
N5_M20,5,20,astar,minimax,-1,0,0,73,"[9, 12, 9, 8, 10]",1.25,1.0707,1.0291,1.0105,1.0,0.9804,0.9984,0.9997,1.0,1.0
N5_M20,5,20,astar,minimax,-1,1,0,198,"[16, 16, 10, 18, 14]",1.2162,1.0396,1.015,1.0053,1.0,0.9675,0.9989,0.9998,1.0,1.0
N5_M20,5,20,astar,minimax,-1,2,0,82,"[8, 11, 8, 5, 11]",1.2791,1.0668,1.0265,1.0094,1.0,0.9362,0.9961,0.9994,0.9999,1.0
N5_M20,5,20,astar,minimax,-1,3,0,115,"[21, 17, 19, 15, 19]",1.1538,1.0495,1.021,1.0077,1.0,0.9876,0.9987,0.9998,1.0,1.0
N5_M20,5,20,astar,minimax,-1,4,0,55,"[7, 10, 12, 9, 12]",1.2,1.0706,1.0308,1.0114,1.0,0.9653,0.9955,0.9991,0.9999,1.0
N5_M20,5,20,astar,minimax,-1,5,0,14,"[11, 10, 2, 2, 7]",1.7188,1.4157,1.2255,1.095,1.0,0.7367,0.8932,0.966,0.9938,1.0
N5_M20,5,20,astar,minimax,-1,6,0,48,"[12, 12, 13, 15, 7]",1.2712,1.1151,1.0535,1.0205,1.0,0.9524,0.9911,0.9981,0.9997,1.0
N5_M20,5,20,astar,minimax,-1,7,0,114,"[12, 11, 11, 7, 10]",1.1765,1.0373,1.0145,1.0051,1.0,0.9723,0.9987,0.9998,1.0,1.0
N5_M20,5,20,astar,minimax,-1,8,0,60,"[7, 11, 8, 8, 6]",1.375,1.1071,1.0441,1.016,1.0,0.9581,0.9964,0.9994,0.9999,1.0
N5_M20,5,20,astar,minimax,-1,9,0,107,"[6, 12, 16, 11, 14]",1.3559,1.0885,1.0354,1.0126,1.0,0.9246,0.995,0.9992,0.9999,1.0
N5_M20,5,20,astar,minimax,-1,10,0,8,"[8, 8, 5, 6, 8]",1.1429,1.1034,1.0667,1.0323,1.0,0.9684,0.9832,0.9929,0.9983,1.0
N5_M20,5,20,astar,minimax,-1,11,0,23,"[3, 9, 5, 12, 9]",1.5789,1.2882,1.1438,1.0574,1.0,0.8494,0.9579,0.9892,0.9983,1.0
N5_M20,5,20,astar,minimax,-1,12,0,87,"[10, 14, 10, 8, 7]",1.4286,1.1082,1.0434,1.0155,1.0,0.9434,0.9962,0.9994,0.9999,1.0
N5_M20,5,20,astar,minimax,-1,13,0,51,"[12, 15, 13, 17, 10]",1.2687,1.1184,1.0559,1.0216,1.0,0.9685,0.9937,0.9986,0.9998,1.0
N5_M20,5,20,astar,minimax,-1,14,0,13,"[6, 11, 9, 9, 13]",1.3542,1.244,1.1504,1.07,1.0,0.9443,0.9727,0.9895,0.9977,1.0
N5_M20,5,20,astar,minimax,-1,15,0,15,"[11, 6, 8, 10, 11]",1.1957,1.1268,1.0744,1.0332,1.0,0.9575,0.9817,0.9936,0.9987,1.0
N5_M20,5,20,astar,minimax,-1,16,0,10,"[9, 9, 7, 2, 1]",1.6071,1.3806,1.2179,1.0955,1.0,0.7259,0.8708,0.9536,0.9907,1.0
N5_M20,5,20,astar,minimax,-1,17,0,12,"[9, 11, 10, 12, 12]",1.1111,1.0811,1.0526,1.0256,1.0,0.9885,0.9938,0.9974,0.9994,1.0
N5_M20,5,20,astar,minimax,-1,18,0,163,"[11, 12, 9, 18, 13]",1.4286,1.0807,1.0308,1.0108,1.0,0.9461,0.998,0.9997,1.0,1.0
N5_M20,5,20,astar,minimax,-1,19,0,132,"[17, 13, 19, 13, 19]",1.1728,1.0465,1.0189,1.0068,1.0,0.9727,0.998,0.9997,1.0,1.0
N5_M25,5,25,ppo,,0,0,0,30,"[21, 20, 18, 19, 14]",1.1413,1.0915,1.0537,1.024,1.0,0.983,0.9928,0.9975,0.9995,1.0
N5_M25,5,25,ppo,,0,0,1,40,"[30, 27, 26, 31, 23]",1.1314,1.0884,1.0534,1.0244,1.0,0.9891,0.9951,0.9982,0.9996,1.0
N5_M25,5,25,ppo,,0,0,2,11,"[9, 9, 6, 9, 8]",1.0976,1.0674,1.0417,1.0194,1.0,0.9802,0.9904,0.9963,0.9992,1.0
N5_M25,5,25,ppo,,0,0,3,23,"[21, 18, 16, 19, 18]",1.1413,1.0997,1.0628,1.0297,1.0,0.9923,0.9961,0.9985,0.9997,1.0
N5_M25,5,25,ppo,,0,0,4,35,"[22, 25, 25, 26, 25]",1.0569,1.0386,1.0235,1.0108,1.0,0.997,0.9986,0.9995,0.9999,1.0
N5_M25,5,25,ppo,,0,1,0,31,"[19, 18, 23, 30, 14]",1.4423,1.2955,1.1776,1.0808,1.0,0.9365,0.9706,0.9892,0.9977,1.0
N5_M25,5,25,ppo,,0,1,1,41,"[27, 28, 27, 31, 19]",1.1742,1.1148,1.0682,1.0308,1.0,0.9778,0.9902,0.9965,0.9993,1.0
N5_M25,5,25,ppo,,0,1,2,47,"[33, 37, 36, 35, 34]",1.0571,1.0395,1.0244,1.0114,1.0,0.9984,0.9992,0.9997,0.9999,1.0
N5_M25,5,25,ppo,,0,1,3,45,"[26, 29, 33, 33, 24]",1.1379,1.0909,1.0541,1.0244,1.0,0.9845,0.9932,0.9976,0.9995,1.0
N5_M25,5,25,ppo,,0,1,4,33,"[22, 25, 24, 23, 14]",1.1574,1.1043,1.0623,1.0282,1.0,0.968,0.9857,0.9948,0.9989,1.0
N5_M25,5,25,ppo,,0,2,0,32,"[26, 22, 22, 23, 23]",1.1207,1.0827,1.0507,1.0235,1.0,0.996,0.9981,0.9993,0.9998,1.0
N5_M25,5,25,ppo,,0,2,1,35,"[26, 22, 25, 19, 26]",1.1017,1.0681,1.041,1.0187,1.0,0.9868,0.9941,0.9978,0.9996,1.0
N5_M25,5,25,ppo,,0,2,2,23,"[18, 18, 18, 17, 22]",1.1828,1.1294,1.0817,1.0388,1.0,0.9913,0.9956,0.9982,0.9996,1.0
N5_M25,5,25,ppo,,0,2,3,28,"[22, 21, 22, 21, 21]",1.028,1.0195,1.0121,1.0057,1.0,0.9995,0.9997,0.9999,1.0,1.0
N5_M25,5,25,ppo,,0,2,4,37,"[26, 30, 28, 25, 30]",1.0791,1.0548,1.034,1.0159,1.0,0.9946,0.9974,0.999,0.9998,1.0
N5_M25,5,25,ppo,,0,3,0,127,"[94, 67, 69, 74, 68]",1.2634,1.1679,1.0973,1.043,1.0,0.9819,0.9926,0.9975,0.9995,1.0
N5_M25,5,25,ppo,,0,3,1,200,"[127, 120, 88, 137, 120]",1.1571,1.1005,1.0584,1.0259,1.0,0.9811,0.9922,0.9973,0.9995,1.0
N5_M25,5,25,ppo,,0,3,2,47,"[38, 30, 34, 33, 20]",1.2258,1.15,1.0897,1.0407,1.0,0.9631,0.9834,0.994,0.9988,1.0
N5_M25,5,25,ppo,,0,3,3,179,"[100, 90, 104, 100, 61]",1.1429,1.0863,1.0481,1.0207,1.0,0.9711,0.9893,0.9966,0.9994,1.0
N5_M25,5,25,ppo,,0,3,4,107,"[62, 72, 67, 65, 34]",1.2,1.1254,1.0719,1.0315,1.0,0.9525,0.9808,0.9936,0.9988,1.0
N5_M25,5,25,ppo,,0,4,0,103,"[70, 73, 51, 26, 55]",1.3273,1.2015,1.1139,1.0495,1.0,0.9149,0.966,0.9889,0.9979,1.0
N5_M25,5,25,ppo,,0,4,1,109,"[78, 69, 63, 24, 65]",1.3043,1.1893,1.1078,1.0471,1.0,0.9116,0.9638,0.988,0.9977,1.0
N5_M25,5,25,ppo,,0,4,2,106,"[67, 73, 66, 18, 70]",1.2415,1.1508,1.0862,1.0377,1.0,0.8912,0.9545,0.9847,0.997,1.0
N5_M25,5,25,ppo,,0,4,3,142,"[104, 27, 84, 81, 67]",1.4325,1.2618,1.1463,1.063,1.0,0.8888,0.9562,0.9859,0.9974,1.0
N5_M25,5,25,ppo,,0,4,4,165,"[99, 100, 98, 30, 106]",1.224,1.137,1.0771,1.0334,1.0,0.9027,0.9612,0.9874,0.9976,1.0
N5_M25,5,25,ppo,,0,5,0,123,"[56, 66, 69, 74, 75]",1.1029,1.0642,1.0366,1.016,1.0,0.99,0.9961,0.9987,0.9998,1.0
N5_M25,5,25,ppo,,0,5,1,300,"[128, 147, 125, 128, 133]",1.112,1.0637,1.0342,1.0143,1.0,0.9965,0.9989,0.9997,0.9999,1.0
N5_M25,5,25,ppo,,0,5,2,39,"[22, 24, 29, 31, 27]",1.1654,1.1111,1.0671,1.0306,1.0,0.9852,0.9933,0.9975,0.9995,1.0
N5_M25,5,25,ppo,,0,5,3,95,"[40, 42, 42, 51, 52]",1.1454,1.0856,1.047,1.02,1.0,0.9878,0.9957,0.9987,0.9998,1.0
N5_M25,5,25,ppo,,0,5,4,54,"[30, 35, 30, 40, 37]",1.1628,1.1069,1.0633,1.0285,1.0,0.9871,0.9944,0.998,0.9996,1.0
N5_M25,5,25,ppo,,0,6,0,40,"[31, 22, 29, 33, 28]",1.1538,1.1049,1.0641,1.0296,1.0,0.9834,0.9922,0.9971,0.9994,1.0
N5_M25,5,25,ppo,,0,6,1,34,"[27, 22, 23, 20, 26]",1.1441,1.0973,1.059,1.0271,1.0,0.9882,0.9946,0.998,0.9996,1.0
N5_M25,5,25,ppo,,0,6,2,155,"[94, 74, 86, 80, 79]",1.138,1.0849,1.048,1.0208,1.0,0.9932,0.9974,0.9992,0.9998,1.0
N5_M25,5,25,ppo,,0,6,3,111,"[66, 66, 68, 53, 69]",1.0714,1.0454,1.0262,1.0116,1.0,0.9919,0.9967,0.9989,0.9998,1.0
N5_M25,5,25,ppo,,0,6,4,32,"[29, 26, 20, 22, 24]",1.1983,1.1377,1.0854,1.0399,1.0,0.9836,0.992,0.9969,0.9993,1.0
N5_M25,5,25,ppo,,0,7,0,300,"[191, 61, 157, 152, 93]",1.4602,1.2608,1.1397,1.0584,1.0,0.8855,0.9601,0.9882,0.9979,1.0
N5_M25,5,25,ppo,,0,7,1,300,"[147, 137, 169, 176, 83]",1.236,1.1386,1.0759,1.0322,1.0,0.9493,0.9819,0.9945,0.999,1.0
N5_M25,5,25,ppo,,0,7,2,32,"[21, 26, 21, 22, 20]",1.1818,1.1224,1.0741,1.0339,1.0,0.991,0.9959,0.9985,0.9997,1.0
N5_M25,5,25,ppo,,0,7,3,160,"[94, 36, 93, 106, 93]",1.2559,1.1568,1.0884,1.0383,1.0,0.9211,0.9689,0.9899,0.9981,1.0
N5_M25,5,25,ppo,,0,7,4,164,"[87, 85, 95, 95, 88]",1.0556,1.0346,1.0197,1.0086,1.0,0.9978,0.9992,0.9997,0.9999,1.0
N5_M25,5,25,ppo,,0,8,0,125,"[70, 32, 82, 82, 81]",1.1816,1.1134,1.0648,1.0284,1.0,0.9286,0.9709,0.9903,0.9981,1.0
N5_M25,5,25,ppo,,0,8,1,31,"[19, 21, 21, 22, 18]",1.0891,1.059,1.0352,1.0159,1.0,0.9947,0.9977,0.9992,0.9998,1.0
N5_M25,5,25,ppo,,0,8,2,116,"[48, 57, 46, 72, 58]",1.2811,1.1665,1.0918,1.0391,1.0,0.9738,0.9906,0.9971,0.9995,1.0
N5_M25,5,25,ppo,,0,8,3,55,"[35, 38, 34, 42, 31]",1.1667,1.1104,1.0659,1.0299,1.0,0.9893,0.9953,0.9983,0.9997,1.0
N5_M25,5,25,ppo,,0,8,4,33,"[29, 16, 26, 22, 24]",1.2393,1.1628,1.0993,1.0458,1.0,0.9664,0.9842,0.994,0.9987,1.0
N5_M25,5,25,ppo,,0,9,0,37,"[27, 20, 28, 30, 28]",1.1278,1.0873,1.0535,1.0247,1.0,0.9835,0.9922,0.9971,0.9994,1.0
N5_M25,5,25,ppo,,0,9,1,229,"[96, 122, 153, 153, 145]",1.1435,1.0914,1.0529,1.0234,1.0,0.9736,0.9891,0.9963,0.9993,1.0
N5_M25,5,25,ppo,,0,9,2,300,"[153, 138, 121, 150, 142]",1.0866,1.0507,1.0277,1.0117,1.0,0.9936,0.9978,0.9993,0.9999,1.0
N5_M25,5,25,ppo,,0,9,3,55,"[30, 30, 45, 44, 36]",1.2162,1.1446,1.087,1.0396,1.0,0.97,0.9863,0.995,0.999,1.0
N5_M25,5,25,ppo,,0,9,4,45,"[32, 18, 36, 33, 30]",1.2081,1.1384,1.0829,1.0376,1.0,0.9584,0.9811,0.9932,0.9986,1.0
N5_M25,5,25,ppo,,0,10,0,73,"[23, 43, 44, 35, 52]",1.3198,1.1977,1.1121,1.0488,1.0,0.9416,0.9769,0.9924,0.9986,1.0
N5_M25,5,25,ppo,,0,10,1,202,"[68, 122, 126, 79, 112]",1.2426,1.1458,1.0811,1.0348,1.0,0.9491,0.981,0.994,0.9989,1.0
N5_M25,5,25,ppo,,0,10,2,68,"[53, 49, 47, 41, 21]",1.2559,1.1665,1.098,1.0439,1.0,0.9333,0.9706,0.9896,0.9979,1.0
N5_M25,5,25,ppo,,0,10,3,22,"[13, 16, 14, 13, 13]",1.1594,1.1041,1.0615,1.0276,1.0,0.9929,0.997,0.9989,0.9998,1.0
N5_M25,5,25,ppo,,0,10,4,32,"[27, 24, 22, 18, 24]",1.1739,1.1188,1.0727,1.0336,1.0,0.9836,0.9923,0.9971,0.9994,1.0
N5_M25,5,25,ppo,,0,11,0,39,"[31, 20, 23, 27, 26]",1.2205,1.1458,1.087,1.0393,1.0,0.979,0.9907,0.9967,0.9993,1.0
N5_M25,5,25,ppo,,0,11,1,21,"[17, 17, 13, 15, 14]",1.1184,1.0811,1.0497,1.023,1.0,0.989,0.9948,0.9981,0.9996,1.0
N5_M25,5,25,ppo,,0,11,2,22,"[16, 15, 19, 16, 17]",1.1446,1.1003,1.0622,1.0291,1.0,0.9934,0.9968,0.9988,0.9997,1.0
N5_M25,5,25,ppo,,0,11,3,18,"[8, 14, 9, 16, 13]",1.3333,1.2222,1.1333,1.0606,1.0,0.9399,0.9724,0.9899,0.9979,1.0
N5_M25,5,25,ppo,,0,11,4,20,"[16, 13, 12, 20, 12]",1.3699,1.2539,1.1561,1.0724,1.0,0.9576,0.9796,0.9922,0.9983,1.0
N5_M25,5,25,ppo,,0,12,0,56,"[35, 35, 49, 45, 38]",1.2129,1.1456,1.0892,1.0413,1.0,0.9809,0.991,0.9966,0.9993,1.0
N5_M25,5,25,ppo,,0,12,1,87,"[51, 67, 59, 52, 61]",1.1552,1.1034,1.0621,1.0282,1.0,0.9896,0.9954,0.9983,0.9997,1.0
N5_M25,5,25,ppo,,0,12,2,47,"[33, 35, 38, 34, 29]",1.1243,1.0849,1.052,1.024,1.0,0.9926,0.9965,0.9987,0.9997,1.0
N5_M25,5,25,ppo,,0,12,3,42,"[27, 24, 31, 27, 26]",1.1481,1.0976,1.058,1.0261,1.0,0.9929,0.9969,0.9989,0.9998,1.0
N5_M25,5,25,ppo,,0,12,4,240,"[144, 120, 149, 145, 124]",1.0924,1.0582,1.0335,1.0147,1.0,0.9924,0.997,0.999,0.9998,1.0
N5_M25,5,25,ppo,,0,13,0,40,"[37, 33, 30, 25, 29]",1.2013,1.1405,1.0876,1.0411,1.0,0.9833,0.9918,0.9968,0.9993,1.0
N5_M25,5,25,ppo,,0,13,1,31,"[23, 26, 20, 24, 25]",1.1017,1.0707,1.044,1.0206,1.0,0.9924,0.9963,0.9986,0.9997,1.0
N5_M25,5,25,ppo,,0,13,2,50,"[45, 41, 40, 35, 40]",1.1194,1.0844,1.0532,1.0252,1.0,0.9938,0.9969,0.9988,0.9997,1.0
N5_M25,5,25,ppo,,0,13,3,79,"[54, 56, 47, 52, 53]",1.0687,1.0457,1.0274,1.0124,1.0,0.9967,0.9985,0.9995,0.9999,1.0
N5_M25,5,25,ppo,,0,13,4,33,"[23, 27, 19, 28, 16]",1.2389,1.1607,1.0971,1.0444,1.0,0.9604,0.9817,0.9932,0.9986,1.0
N5_M25,5,25,ppo,,0,14,0,24,"[20, 20, 20, 13, 21]",1.117,1.0821,1.0514,1.0242,1.0,0.9764,0.9882,0.9953,0.999,1.0
N5_M25,5,25,ppo,,0,14,1,49,"[30, 33, 38, 29, 33]",1.1656,1.1104,1.0662,1.0301,1.0,0.9908,0.9959,0.9985,0.9997,1.0
N5_M25,5,25,ppo,,0,14,2,25,"[21, 17, 19, 16, 18]",1.1538,1.1055,1.0648,1.03,1.0,0.9911,0.9958,0.9984,0.9997,1.0
N5_M25,5,25,ppo,,0,14,3,38,"[28, 25, 31, 22, 32]",1.1594,1.1093,1.0671,1.0311,1.0,0.9822,0.9915,0.9968,0.9993,1.0
N5_M25,5,25,ppo,,0,14,4,29,"[23, 19, 23, 17, 18]",1.15,1.1011,1.0612,1.028,1.0,0.9843,0.9928,0.9973,0.9994,1.0
N5_M25,5,25,ppo,,0,15,0,42,"[23, 20, 28, 29, 27]",1.1417,1.0914,1.0534,1.0238,1.0,0.9826,0.9927,0.9975,0.9995,1.0
N5_M25,5,25,ppo,,0,15,1,37,"[10, 26, 32, 27, 30]",1.28,1.1875,1.1129,1.0515,1.0,0.9113,0.9582,0.9844,0.9967,1.0
N5_M25,5,25,ppo,,0,15,2,190,"[88, 133, 103, 90, 101]",1.2913,1.1804,1.1024,1.0446,1.0,0.9761,0.9907,0.997,0.9994,1.0
N5_M25,5,25,ppo,,0,15,3,100,"[42, 69, 71, 70, 40]",1.2158,1.1374,1.0795,1.0352,1.0,0.9439,0.9765,0.992,0.9984,1.0
N5_M25,5,25,ppo,,0,15,4,285,"[143, 213, 184, 181, 151]",1.2213,1.1433,1.084,1.0375,1.0,0.9796,0.9914,0.997,0.9994,1.0
N5_M25,5,25,ppo,,0,16,0,42,"[34, 33, 32, 30, 28]",1.0828,1.0573,1.0354,1.0165,1.0,0.9953,0.9978,0.9991,0.9998,1.0
N5_M25,5,25,ppo,,0,16,1,39,"[25, 31, 32, 23, 28]",1.1511,1.1029,1.0629,1.029,1.0,0.985,0.993,0.9974,0.9994,1.0
N5_M25,5,25,ppo,,0,16,2,29,"[24, 20, 25, 20, 19]",1.1574,1.1087,1.0672,1.0313,1.0,0.9876,0.9941,0.9977,0.9995,1.0
N5_M25,5,25,ppo,,0,16,3,52,"[37, 16, 40, 31, 37]",1.2422,1.1575,1.0926,1.0414,1.0,0.9332,0.9707,0.9896,0.9979,1.0
N5_M25,5,25,ppo,,0,16,4,34,"[26, 16, 28, 23, 27]",1.1667,1.1132,1.069,1.0317,1.0,0.9684,0.9852,0.9944,0.9988,1.0
N5_M25,5,25,ppo,,0,17,0,26,"[21, 17, 21, 20, 22]",1.0891,1.0624,1.039,1.0183,1.0,0.9928,0.9965,0.9986,0.9997,1.0
N5_M25,5,25,ppo,,0,17,1,145,"[103, 80, 84, 90, 56]",1.247,1.1558,1.0896,1.0394,1.0,0.9664,0.9863,0.9954,0.9991,1.0
N5_M25,5,25,ppo,,0,17,2,287,"[194, 170, 151, 163, 75]",1.2882,1.1762,1.0992,1.0429,1.0,0.9331,0.9739,0.9916,0.9984,1.0
N5_M25,5,25,ppo,,0,17,3,65,"[40, 49, 47, 41, 29]",1.1893,1.1241,1.0734,1.033,1.0,0.972,0.9878,0.9957,0.9991,1.0
N5_M25,5,25,ppo,,0,17,4,86,"[46, 48, 58, 48, 34]",1.2393,1.1484,1.0843,1.0367,1.0,0.974,0.9898,0.9967,0.9994,1.0
N5_M25,5,25,ppo,,0,18,0,134,"[57, 72, 70, 82, 75]",1.1517,1.0932,1.0526,1.0228,1.0,0.987,0.995,0.9984,0.9997,1.0
N5_M25,5,25,ppo,,0,18,1,89,"[46, 49, 61, 50, 61]",1.1423,1.0915,1.0534,1.0237,1.0,0.9861,0.9942,0.998,0.9996,1.0
N5_M25,5,25,ppo,,0,18,2,84,"[39, 60, 52, 62, 41]",1.2205,1.1421,1.0831,1.037,1.0,0.9665,0.9858,0.9951,0.999,1.0
N5_M25,5,25,ppo,,0,18,3,242,"[113, 122, 101, 141, 121]",1.1789,1.1069,1.0592,1.0253,1.0,0.9882,0.9958,0.9987,0.9998,1.0
N5_M25,5,25,ppo,,0,18,4,46,"[24, 30, 31, 35, 30]",1.1667,1.1103,1.0658,1.0298,1.0,0.9864,0.994,0.9979,0.9996,1.0
N5_M25,5,25,ppo,,0,19,0,274,"[126, 128, 153, 50, 110]",1.3492,1.1934,1.1022,1.0423,1.0,0.915,0.9723,0.9921,0.9986,1.0
N5_M25,5,25,ppo,,0,19,1,300,"[201, 126, 143, 145, 89]",1.4276,1.25,1.1366,1.0578,1.0,0.938,0.9779,0.9933,0.9988,1.0
N5_M25,5,25,ppo,,0,19,2,194,"[142, 129, 122, 113, 56]",1.2633,1.1672,1.0966,1.0426,1.0,0.9345,0.9725,0.9907,0.9982,1.0
N5_M25,5,25,ppo,,0,19,3,269,"[124, 104, 129, 69, 123]",1.1749,1.0963,1.0507,1.0209,1.0,0.9611,0.9879,0.9966,0.9994,1.0
N5_M25,5,25,ppo,,0,19,4,178,"[114, 89, 109, 18, 104]",1.3134,1.1861,1.1027,1.0438,1.0,0.8574,0.9446,0.9824,0.9968,1.0
N5_M25,5,25,ppo,,1,0,0,21,"[10, 15, 13, 12, 10]",1.25,1.1579,1.0909,1.04,1.0,0.9756,0.9901,0.9967,0.9994,1.0
N5_M25,5,25,ppo,,1,0,1,40,"[27, 22, 21, 21, 24]",1.1739,1.1101,1.0635,1.028,1.0,0.9903,0.9961,0.9987,0.9997,1.0
N5_M25,5,25,ppo,,1,0,2,45,"[29, 32, 34, 27, 35]",1.1146,1.0776,1.0471,1.0216,1.0,0.9909,0.9958,0.9985,0.9997,1.0
N5_M25,5,25,ppo,,1,0,3,20,"[15, 15, 13, 14, 14]",1.0563,1.0383,1.0234,1.0108,1.0,0.9972,0.9987,0.9995,0.9999,1.0
N5_M25,5,25,ppo,,1,0,4,81,"[55, 45, 61, 51, 52]",1.1553,1.1028,1.0613,1.0277,1.0,0.9903,0.9957,0.9985,0.9997,1.0
N5_M25,5,25,ppo,,1,1,0,42,"[24, 23, 31, 36, 31]",1.2414,1.1628,1.0986,1.0452,1.0,0.9727,0.9874,0.9953,0.999,1.0
N5_M25,5,25,ppo,,1,1,1,142,"[87, 80, 86, 79, 59]",1.1125,1.0701,1.04,1.0175,1.0,0.9836,0.9936,0.9979,0.9996,1.0
N5_M25,5,25,ppo,,1,1,2,92,"[65, 50, 65, 42, 62]",1.1444,1.0938,1.0551,1.0246,1.0,0.9742,0.989,0.9962,0.9992,1.0
N5_M25,5,25,ppo,,1,1,3,28,"[18, 20, 19, 24, 12]",1.2903,1.1933,1.1159,1.0526,1.0,0.9583,0.9811,0.9931,0.9986,1.0
N5_M25,5,25,ppo,,1,1,4,27,"[20, 21, 19, 18, 13]",1.1538,1.1029,1.0619,1.0282,1.0,0.9771,0.9896,0.9962,0.9992,1.0
N5_M25,5,25,ppo,,1,2,0,23,"[16, 14, 18, 20, 18]",1.1628,1.1126,1.0697,1.0325,1.0,0.9861,0.9933,0.9974,0.9994,1.0
N5_M25,5,25,ppo,,1,2,1,15,"[9, 7, 8, 12, 13]",1.3265,1.2162,1.129,1.0584,1.0,0.9471,0.9761,0.9914,0.9982,1.0
N5_M25,5,25,ppo,,1,2,2,22,"[16, 15, 17, 15, 21]",1.25,1.174,1.1082,1.0507,1.0,0.9827,0.9916,0.9967,0.9993,1.0
N5_M25,5,25,ppo,,1,2,3,34,"[24, 26, 30, 25, 27]",1.1364,1.0954,1.0596,1.028,1.0,0.994,0.997,0.9988,0.9997,1.0
N5_M25,5,25,ppo,,1,2,4,40,"[26, 28, 26, 25, 36]",1.2766,1.1878,1.1144,1.0526,1.0,0.9801,0.9907,0.9965,0.9993,1.0
N5_M25,5,25,ppo,,1,3,0,123,"[68, 59, 92, 72, 65]",1.2921,1.1854,1.1071,1.0473,1.0,0.9757,0.9901,0.9967,0.9993,1.0
N5_M25,5,25,ppo,,1,3,1,138,"[80, 94, 46, 84, 88]",1.199,1.1254,1.0721,1.0317,1.0,0.9559,0.982,0.994,0.9988,1.0
N5_M25,5,25,ppo,,1,3,2,102,"[72, 57, 66, 61, 38]",1.2245,1.1422,1.0821,1.0362,1.0,0.9629,0.9848,0.9949,0.999,1.0
N5_M25,5,25,ppo,,1,3,3,300,"[176, 173, 38, 179, 126]",1.2934,1.1703,1.0926,1.0391,1.0,0.8686,0.9515,0.9851,0.9973,1.0
N5_M25,5,25,ppo,,1,3,4,219,"[137, 134, 40, 105, 103]",1.3198,1.1878,1.1029,1.0436,1.0,0.8985,0.9625,0.9885,0.9979,1.0
N5_M25,5,25,ppo,,1,4,0,83,"[58, 53, 54, 27, 50]",1.1983,1.1262,1.0731,1.0323,1.0,0.9509,0.9795,0.993,0.9986,1.0
N5_M25,5,25,ppo,,1,4,1,94,"[66, 60, 61, 13, 52]",1.3095,1.1909,1.108,1.0469,1.0,0.8729,0.9475,0.9826,0.9967,1.0
N5_M25,5,25,ppo,,1,4,2,136,"[88, 92, 104, 32, 80]",1.3131,1.1991,1.1152,1.0509,1.0,0.9105,0.9617,0.9869,0.9974,1.0
N5_M25,5,25,ppo,,1,4,3,300,"[184, 12, 197, 160, 164]",1.3738,1.2202,1.1209,1.0514,1.0,0.8205,0.9294,0.9776,0.9959,1.0
N5_M25,5,25,ppo,,1,4,4,225,"[133, 35, 148, 134, 119]",1.3005,1.1811,1.1009,1.0434,1.0,0.8878,0.9561,0.9859,0.9974,1.0
N5_M25,5,25,ppo,,1,5,0,48,"[31, 29, 31, 31, 23]",1.069,1.0444,1.026,1.0116,1.0,0.9887,0.9953,0.9984,0.9997,1.0
N5_M25,5,25,ppo,,1,5,1,300,"[99, 144, 127, 121, 142]",1.1374,1.0768,1.0408,1.0169,1.0,0.9836,0.9948,0.9985,0.9997,1.0
N5_M25,5,25,ppo,,1,5,2,51,"[23, 36, 41, 35, 32]",1.2275,1.1508,1.09,1.0408,1.0,0.9692,0.9862,0.995,0.999,1.0
N5_M25,5,25,ppo,,1,5,3,211,"[109, 96, 72, 130, 95]",1.2948,1.1734,1.0951,1.0404,1.0,0.9654,0.9878,0.9963,0.9993,1.0
N5_M25,5,25,ppo,,1,5,4,48,"[19, 37, 26, 42, 31]",1.3548,1.234,1.1392,1.0629,1.0,0.9365,0.9713,0.9897,0.9979,1.0
N5_M25,5,25,ppo,,1,6,0,34,"[26, 22, 26, 28, 21]",1.1382,1.0946,1.058,1.0269,1.0,0.9885,0.9946,0.998,0.9996,1.0
N5_M25,5,25,ppo,,1,6,1,83,"[51, 44, 56, 48, 47]",1.1382,1.0885,1.0514,1.0228,1.0,0.9932,0.9972,0.9991,0.9998,1.0
N5_M25,5,25,ppo,,1,6,2,144,"[71, 70, 66, 81, 81]",1.0976,1.0591,1.0331,1.0142,1.0,0.9932,0.9975,0.9992,0.9999,1.0
N5_M25,5,25,ppo,,1,6,3,54,"[36, 38, 39, 32, 37]",1.0714,1.0478,1.0288,1.0131,1.0,0.9956,0.998,0.9993,0.9999,1.0
N5_M25,5,25,ppo,,1,6,4,49,"[35, 36, 36, 30, 30]",1.0778,1.0523,1.0316,1.0144,1.0,0.993,0.9968,0.9988,0.9998,1.0
N5_M25,5,25,ppo,,1,7,0,120,"[69, 31, 84, 70, 67]",1.3084,1.19,1.1075,1.0467,1.0,0.9297,0.9721,0.9909,0.9983,1.0
N5_M25,5,25,ppo,,1,7,1,300,"[134, 31, 210, 192, 113]",1.5441,1.3136,1.1697,1.0714,1.0,0.8209,0.9325,0.9792,0.9963,1.0
N5_M25,5,25,ppo,,1,7,2,64,"[26, 42, 45, 31, 39]",1.2295,1.145,1.0835,1.0367,1.0,0.9641,0.9854,0.9951,0.999,1.0
N5_M25,5,25,ppo,,1,7,3,300,"[92, 33, 207, 168, 158]",1.5729,1.3256,1.1747,1.0731,1.0,0.8201,0.9339,0.98,0.9964,1.0
N5_M25,5,25,ppo,,1,7,4,89,"[40, 56, 64, 51, 51]",1.2214,1.1413,1.082,1.0363,1.0,0.9783,0.991,0.997,0.9994,1.0
N5_M25,5,25,ppo,,1,8,0,217,"[115, 34, 129, 96, 111]",1.3299,1.189,1.1019,1.0428,1.0,0.8951,0.963,0.9889,0.998,1.0
N5_M25,5,25,ppo,,1,8,1,21,"[14, 12, 16, 16, 10]",1.1765,1.1165,1.0694,1.0313,1.0,0.9714,0.9873,0.9955,0.9991,1.0
N5_M25,5,25,ppo,,1,8,2,61,"[26, 33, 28, 35, 28]",1.1667,1.0993,1.0549,1.0235,1.0,0.9873,0.9954,0.9986,0.9997,1.0
N5_M25,5,25,ppo,,1,8,3,62,"[33, 45, 44, 43, 36]",1.1194,1.0789,1.047,1.0212,1.0,0.986,0.9938,0.9978,0.9996,1.0
N5_M25,5,25,ppo,,1,8,4,33,"[29, 20, 26, 23, 21]",1.2185,1.1494,1.0915,1.0423,1.0,0.981,0.991,0.9966,0.9993,1.0
N5_M25,5,25,ppo,,1,9,0,63,"[32, 36, 36, 37, 32]",1.0694,1.0432,1.0246,1.0107,1.0,0.9961,0.9985,0.9995,0.9999,1.0
N5_M25,5,25,ppo,,1,9,1,281,"[88, 117, 171, 162, 141]",1.2592,1.1534,1.0845,1.036,1.0,0.9526,0.9829,0.9947,0.999,1.0
N5_M25,5,25,ppo,,1,9,2,300,"[154, 104, 177, 130, 138]",1.2589,1.1513,1.0826,1.035,1.0,0.9709,0.9899,0.997,0.9995,1.0
N5_M25,5,25,ppo,,1,9,3,47,"[28, 27, 38, 40, 31]",1.2195,1.1486,1.0902,1.0414,1.0,0.9748,0.9883,0.9957,0.9991,1.0
N5_M25,5,25,ppo,,1,9,4,70,"[38, 31, 51, 42, 39]",1.2687,1.17,1.098,1.0432,1.0,0.9746,0.9897,0.9965,0.9993,1.0
N5_M25,5,25,ppo,,1,10,0,79,"[19, 51, 38, 52, 59]",1.347,1.2167,1.1238,1.0541,1.0,0.9057,0.961,0.9869,0.9975,1.0
N5_M25,5,25,ppo,,1,10,1,131,"[61, 81, 62, 81, 88]",1.1796,1.1133,1.0652,1.0287,1.0,0.9787,0.9914,0.9971,0.9994,1.0
N5_M25,5,25,ppo,,1,10,2,24,"[17, 18, 16, 16, 17]",1.0714,1.0484,1.0294,1.0135,1.0,0.998,0.9991,0.9997,0.9999,1.0
N5_M25,5,25,ppo,,1,10,3,65,"[37, 37, 41, 38, 43]",1.0969,1.0624,1.0365,1.0162,1.0,0.9963,0.9984,0.9995,0.9999,1.0
N5_M25,5,25,ppo,,1,10,4,24,"[22, 16, 15, 17, 17]",1.2644,1.1811,1.1111,1.0515,1.0,0.9811,0.991,0.9966,0.9993,1.0
N5_M25,5,25,ppo,,1,11,0,84,"[52, 55, 61, 64, 60]",1.0959,1.0648,1.0393,1.018,1.0,0.9946,0.9975,0.9991,0.9998,1.0
N5_M25,5,25,ppo,,1,11,1,58,"[33, 37, 42, 37, 42]",1.0995,1.066,1.0395,1.0179,1.0,0.992,0.9965,0.9987,0.9997,1.0
N5_M25,5,25,ppo,,1,11,2,23,"[14, 14, 15, 16, 15]",1.0811,1.0534,1.0317,1.0143,1.0,0.9974,0.9989,0.9996,0.9999,1.0
N5_M25,5,25,ppo,,1,11,3,50,"[33, 35, 30, 36, 38]",1.1047,1.0705,1.0427,1.0195,1.0,0.9938,0.9972,0.999,0.9998,1.0
N5_M25,5,25,ppo,,1,11,4,18,"[15, 10, 11, 17, 11]",1.3281,1.2234,1.1364,1.0629,1.0,0.957,0.9796,0.9923,0.9984,1.0
N5_M25,5,25,ppo,,1,12,0,300,"[117, 69, 137, 133, 170]",1.3578,1.1989,1.1054,1.0437,1.0,0.9352,0.979,0.994,0.999,1.0
N5_M25,5,25,ppo,,1,12,1,189,"[106, 78, 121, 111, 134]",1.2182,1.1387,1.0803,1.0355,1.0,0.9721,0.9885,0.9961,0.9992,1.0
N5_M25,5,25,ppo,,1,12,2,262,"[126, 81, 110, 149, 123]",1.2649,1.1521,1.0821,1.0345,1.0,0.9655,0.9883,0.9966,0.9994,1.0
N5_M25,5,25,ppo,,1,12,3,32,"[18, 16, 23, 15, 26]",1.3265,1.2115,1.124,1.0554,1.0,0.9556,0.9809,0.9933,0.9987,1.0
N5_M25,5,25,ppo,,1,12,4,171,"[95, 90, 97, 102, 83]",1.0921,1.0572,1.0325,1.0142,1.0,0.9952,0.9982,0.9994,0.9999,1.0
N5_M25,5,25,ppo,,1,13,0,86,"[64, 61, 67, 48, 49]",1.1592,1.1064,1.064,1.0291,1.0,0.982,0.9919,0.997,0.9994,1.0
N5_M25,5,25,ppo,,1,13,1,58,"[47, 46, 45, 36, 41]",1.093,1.0642,1.0396,1.0184,1.0,0.9912,0.9958,0.9984,0.9997,1.0
N5_M25,5,25,ppo,,1,13,2,50,"[39, 37, 43, 39, 40]",1.0859,1.0604,1.0379,1.0179,1.0,0.9976,0.9988,0.9995,0.9999,1.0
N5_M25,5,25,ppo,,1,13,3,33,"[21, 20, 26, 24, 21]",1.1607,1.1078,1.065,1.0297,1.0,0.9901,0.9955,0.9984,0.9997,1.0
N5_M25,5,25,ppo,,1,13,4,58,"[43, 40, 41, 38, 34]",1.0969,1.0649,1.0391,1.0178,1.0,0.9939,0.9973,0.999,0.9998,1.0
N5_M25,5,25,ppo,,1,14,0,45,"[24, 32, 26, 21, 36]",1.295,1.1916,1.1126,1.0504,1.0,0.9629,0.984,0.9944,0.9989,1.0
N5_M25,5,25,ppo,,1,14,1,62,"[37, 38, 42, 36, 46]",1.1558,1.1025,1.0609,1.0275,1.0,0.9914,0.9963,0.9987,0.9997,1.0
N5_M25,5,25,ppo,,1,14,2,33,"[25, 20, 18, 20, 25]",1.1574,1.1043,1.0623,1.0282,1.0,0.9826,0.9923,0.9972,0.9994,1.0
N5_M25,5,25,ppo,,1,14,3,38,"[26, 21, 30, 21, 27]",1.2,1.1327,1.0794,1.036,1.0,0.9805,0.9913,0.9969,0.9994,1.0
N5_M25,5,25,ppo,,1,14,4,59,"[41, 36, 35, 37, 35]",1.1141,1.0744,1.0438,1.0196,1.0,0.9964,0.9984,0.9995,0.9999,1.0
N5_M25,5,25,ppo,,1,15,0,127,"[71, 57, 57, 57, 38]",1.2679,1.1525,1.082,1.0343,1.0,0.966,0.9887,0.9967,0.9994,1.0
N5_M25,5,25,ppo,,1,15,1,100,"[29, 59, 71, 58, 64]",1.2633,1.1653,1.0948,1.0415,1.0,0.9387,0.9749,0.9916,0.9984,1.0
N5_M25,5,25,ppo,,1,15,2,300,"[157, 111, 138, 148, 164]",1.1421,1.0837,1.046,1.0195,1.0,0.9837,0.9943,0.9983,0.9997,1.0
N5_M25,5,25,ppo,,1,15,3,108,"[68, 59, 57, 71, 59]",1.1306,1.083,1.048,1.0212,1.0,0.9921,0.9968,0.9989,0.9998,1.0
N5_M25,5,25,ppo,,1,15,4,182,"[109, 102, 122, 112, 93]",1.1338,1.0856,1.0497,1.022,1.0,0.9919,0.9967,0.9989,0.9998,1.0
N5_M25,5,25,ppo,,1,16,0,48,"[36, 36, 34, 39, 25]",1.1471,1.1,1.061,1.0281,1.0,0.9807,0.991,0.9966,0.9993,1.0
N5_M25,5,25,ppo,,1,16,1,28,"[19, 21, 24, 15, 22]",1.1881,1.1287,1.0788,1.0365,1.0,0.9776,0.9894,0.996,0.9991,1.0
N5_M25,5,25,ppo,,1,16,2,43,"[34, 27, 33, 29, 28]",1.1258,1.0853,1.0519,1.0239,1.0,0.9916,0.9961,0.9986,0.9997,1.0
N5_M25,5,25,ppo,,1,16,3,43,"[31, 8, 39, 26, 27]",1.4885,1.3158,1.185,1.0825,1.0,0.8687,0.9406,0.9788,0.9957,1.0
N5_M25,5,25,ppo,,1,16,4,78,"[54, 47, 52, 45, 50]",1.0887,1.0582,1.0345,1.0155,1.0,0.9957,0.9981,0.9993,0.9999,1.0
N5_M25,5,25,ppo,,1,17,0,297,"[196, 155, 169, 171, 59]",1.3067,1.1847,1.1029,1.0442,1.0,0.9093,0.9651,0.9889,0.9979,1.0
N5_M25,5,25,ppo,,1,17,1,300,"[162, 124, 145, 137, 95]",1.2217,1.1264,1.068,1.0285,1.0,0.9721,0.9908,0.9973,0.9995,1.0
N5_M25,5,25,ppo,,1,17,2,300,"[141, 162, 155, 159, 113]",1.1096,1.065,1.0359,1.0153,1.0,0.985,0.9947,0.9984,0.9997,1.0
N5_M25,5,25,ppo,,1,17,3,55,"[36, 41, 38, 37, 25]",1.1582,1.1042,1.0619,1.0279,1.0,0.9767,0.9898,0.9964,0.9993,1.0
N5_M25,5,25,ppo,,1,17,4,93,"[53, 50, 58, 43, 40]",1.1885,1.1153,1.0649,1.0281,1.0,0.9823,0.9933,0.9979,0.9996,1.0
N5_M25,5,25,ppo,,1,18,0,155,"[94, 80, 89, 78, 82]",1.1111,1.069,1.0392,1.0171,1.0,0.995,0.9981,0.9994,0.9999,1.0
N5_M25,5,25,ppo,,1,18,1,102,"[68, 50, 58, 67, 70]",1.1182,1.0766,1.045,1.0201,1.0,0.9858,0.994,0.9979,0.9996,1.0
N5_M25,5,25,ppo,,1,18,2,72,"[39, 48, 36, 47, 33]",1.1823,1.1146,1.0657,1.0288,1.0,0.979,0.9916,0.9972,0.9995,1.0
N5_M25,5,25,ppo,,1,18,3,57,"[33, 38, 23, 31, 34]",1.195,1.122,1.0698,1.0306,1.0,0.9763,0.9906,0.9969,0.9994,1.0
N5_M25,5,25,ppo,,1,18,4,57,"[36, 36, 40, 41, 36]",1.0847,1.0563,1.0338,1.0153,1.0,0.9965,0.9985,0.9994,0.9999,1.0
N5_M25,5,25,ppo,,1,19,0,91,"[56, 42, 46, 59, 51]",1.1614,1.1011,1.0578,1.0253,1.0,0.9851,0.9941,0.9981,0.9996,1.0
N5_M25,5,25,ppo,,1,19,1,158,"[80, 68, 79, 44, 86]",1.2045,1.1177,1.0636,1.0268,1.0,0.9584,0.9858,0.9958,0.9993,1.0
N5_M25,5,25,ppo,,1,19,2,208,"[79, 123, 121, 122, 133]",1.1505,1.0941,1.0538,1.0235,1.0,0.9742,0.9898,0.9966,0.9994,1.0
N5_M25,5,25,ppo,,1,19,3,77,"[49, 51, 42, 43, 38]",1.1435,1.0911,1.0526,1.0232,1.0,0.9887,0.9954,0.9985,0.9997,1.0
N5_M25,5,25,ppo,,1,19,4,30,"[28, 17, 23, 23, 18]",1.2844,1.195,1.1197,1.0555,1.0,0.9679,0.9847,0.9942,0.9987,1.0
N5_M25,5,25,ppo,,2,0,0,19,"[9, 12, 13, 12, 12]",1.1207,1.0781,1.0458,1.0204,1.0,0.9865,0.9943,0.998,0.9996,1.0
N5_M25,5,25,ppo,,2,0,1,53,"[36, 33, 27, 44, 36]",1.25,1.1665,1.0998,1.0453,1.0,0.9762,0.9893,0.9961,0.9992,1.0
N5_M25,5,25,ppo,,2,0,2,29,"[16, 20, 23, 21, 23]",1.1165,1.0793,1.0484,1.0223,1.0,0.9846,0.9928,0.9973,0.9994,1.0
N5_M25,5,25,ppo,,2,0,3,85,"[54, 46, 52, 61, 56]",1.1338,1.0877,1.0519,1.0233,1.0,0.9917,0.9964,0.9987,0.9997,1.0
N5_M25,5,25,ppo,,2,0,4,15,"[11, 9, 14, 12, 10]",1.25,1.1728,1.1069,1.0498,1.0,0.9769,0.9888,0.9957,0.9991,1.0
N5_M25,5,25,ppo,,2,1,0,55,"[33, 36, 36, 37, 32]",1.0632,1.0414,1.0245,1.011,1.0,0.9969,0.9987,0.9995,0.9999,1.0
N5_M25,5,25,ppo,,2,1,1,31,"[13, 18, 23, 22, 16]",1.25,1.1601,1.0931,1.0413,1.0,0.9607,0.9835,0.9944,0.9989,1.0
N5_M25,5,25,ppo,,2,1,2,132,"[63, 77, 58, 74, 74]",1.1127,1.0689,1.0388,1.0168,1.0,0.9888,0.9958,0.9987,0.9997,1.0
N5_M25,5,25,ppo,,2,1,3,82,"[42, 48, 60, 61, 44]",1.1961,1.1277,1.0752,1.0337,1.0,0.976,0.9897,0.9964,0.9993,1.0
N5_M25,5,25,ppo,,2,1,4,130,"[54, 79, 73, 73, 66]",1.1449,1.089,1.0503,1.0218,1.0,0.9849,0.9942,0.9982,0.9997,1.0
N5_M25,5,25,ppo,,2,2,0,30,"[25, 21, 21, 25, 23]",1.087,1.0606,1.0377,1.0177,1.0,0.994,0.9971,0.9989,0.9997,1.0
N5_M25,5,25,ppo,,2,2,1,17,"[11, 16, 9, 14, 13]",1.2698,1.1861,1.1149,1.0535,1.0,0.9645,0.9828,0.9934,0.9986,1.0
N5_M25,5,25,ppo,,2,2,2,17,"[15, 12, 12, 17, 17]",1.1644,1.1184,1.0759,1.0366,1.0,0.9769,0.9879,0.995,0.9988,1.0
N5_M25,5,25,ppo,,2,2,3,21,"[18, 21, 14, 17, 18]",1.1932,1.1382,1.0881,1.0422,1.0,0.984,0.9917,0.9966,0.9992,1.0
N5_M25,5,25,ppo,,2,2,4,48,"[30, 33, 34, 36, 42]",1.2,1.1373,1.0843,1.0391,1.0,0.9871,0.9939,0.9977,0.9995,1.0
N5_M25,5,25,ppo,,2,3,0,259,"[182, 157, 73, 194, 138]",1.3038,1.1922,1.1108,1.0488,1.0,0.9242,0.9682,0.9892,0.9979,1.0
N5_M25,5,25,ppo,,2,3,1,101,"[85, 71, 25, 80, 54]",1.3492,1.2276,1.1341,1.0601,1.0,0.8936,0.9519,0.9827,0.9965,1.0
N5_M25,5,25,ppo,,2,3,2,51,"[43, 35, 39, 44, 23]",1.1957,1.1338,1.082,1.0379,1.0,0.9591,0.9804,0.9926,0.9984,1.0
N5_M25,5,25,ppo,,2,3,3,300,"[218, 181, 60, 208, 133]",1.3625,1.2231,1.1261,1.0547,1.0,0.8837,0.9525,0.9843,0.997,1.0
N5_M25,5,25,ppo,,2,3,4,152,"[102, 107, 99, 109, 43]",1.1848,1.1192,1.0697,1.031,1.0,0.9325,0.9708,0.9898,0.998,1.0
N5_M25,5,25,ppo,,2,4,0,300,"[177, 185, 207, 26, 177]",1.3407,1.2068,1.1158,1.0499,1.0,0.8489,0.9385,0.9799,0.9962,1.0
N5_M25,5,25,ppo,,2,4,1,132,"[83, 84, 92, 28, 76]",1.2672,1.1664,1.0948,1.0414,1.0,0.9097,0.963,0.9877,0.9976,1.0
N5_M25,5,25,ppo,,2,4,2,67,"[38, 45, 43, 33, 38]",1.1421,1.0907,1.0526,1.0233,1.0,0.9886,0.9953,0.9984,0.9997,1.0
N5_M25,5,25,ppo,,2,4,3,170,"[103, 21, 101, 86, 97]",1.2623,1.1548,1.0851,1.0362,1.0,0.8748,0.9525,0.9852,0.9973,1.0
N5_M25,5,25,ppo,,2,4,4,234,"[146, 44, 165, 20, 163]",1.5335,1.3093,1.168,1.0709,1.0,0.7475,0.898,0.9676,0.9941,1.0
N5_M25,5,25,ppo,,2,5,0,47,"[28, 27, 35, 30, 24]",1.2153,1.1394,1.0818,1.0365,1.0,0.9841,0.9933,0.9977,0.9995,1.0
N5_M25,5,25,ppo,,2,5,1,185,"[73, 111, 87, 104, 116]",1.1813,1.1113,1.0629,1.0273,1.0,0.9742,0.9901,0.9968,0.9994,1.0
N5_M25,5,25,ppo,,2,5,2,64,"[28, 36, 51, 42, 41]",1.2879,1.1871,1.11,1.0492,1.0,0.9649,0.9849,0.9947,0.9989,1.0
N5_M25,5,25,ppo,,2,5,3,68,"[40, 38, 17, 37, 42]",1.2069,1.1253,1.07,1.0302,1.0,0.9365,0.9757,0.9923,0.9986,1.0
N5_M25,5,25,ppo,,2,5,4,97,"[36, 51, 52, 73, 60]",1.3419,1.2145,1.1229,1.0539,1.0,0.9528,0.9809,0.9936,0.9988,1.0
N5_M25,5,25,ppo,,2,6,0,50,"[36, 28, 33, 36, 32]",1.0909,1.0604,1.0361,1.0164,1.0,0.992,0.9964,0.9987,0.9997,1.0
N5_M25,5,25,ppo,,2,6,1,125,"[80, 83, 70, 64, 67]",1.1401,1.0891,1.0516,1.0228,1.0,0.9897,0.9958,0.9986,0.9997,1.0
N5_M25,5,25,ppo,,2,6,2,188,"[98, 104, 90, 109, 101]",1.0857,1.0527,1.0298,1.0129,1.0,0.996,0.9985,0.9995,0.9999,1.0
N5_M25,5,25,ppo,,2,6,3,109,"[64, 74, 56, 62, 72]",1.128,1.0824,1.0481,1.0214,1.0,0.9899,0.9958,0.9986,0.9997,1.0
N5_M25,5,25,ppo,,2,6,4,50,"[40, 37, 34, 38, 35]",1.087,1.0599,1.0369,1.0171,1.0,0.9966,0.9984,0.9994,0.9999,1.0
N5_M25,5,25,ppo,,2,7,0,225,"[99, 54, 112, 148, 96]",1.4538,1.2613,1.1414,1.0595,1.0,0.919,0.9716,0.9915,0.9985,1.0
N5_M25,5,25,ppo,,2,7,1,300,"[142, 180, 176, 179, 96]",1.1643,1.0998,1.0559,1.0241,1.0,0.9576,0.9839,0.9949,0.999,1.0
N5_M25,5,25,ppo,,2,7,2,46,"[27, 33, 27, 31, 28]",1.1301,1.0853,1.0505,1.0227,1.0,0.9933,0.9971,0.999,0.9998,1.0
N5_M25,5,25,ppo,,2,7,3,143,"[84, 35, 86, 98, 77]",1.2895,1.1779,1.1005,1.0436,1.0,0.9253,0.9704,0.9904,0.9982,1.0
N5_M25,5,25,ppo,,2,7,4,275,"[41, 158, 194, 181, 181]",1.2848,1.1772,1.1009,1.0441,1.0,0.8783,0.9491,0.9829,0.9967,1.0
N5_M25,5,25,ppo,,2,8,0,69,"[42, 38, 47, 30, 46]",1.1576,1.1006,1.0584,1.0258,1.0,0.9773,0.9906,0.9968,0.9994,1.0
N5_M25,5,25,ppo,,2,8,1,22,"[14, 12, 14, 14, 13]",1.0448,1.0289,1.0169,1.0076,1.0,0.9964,0.9985,0.9995,0.9999,1.0
N5_M25,5,25,ppo,,2,8,2,114,"[53, 43, 62, 65, 60]",1.1484,1.0888,1.0492,1.0211,1.0,0.9811,0.9931,0.9979,0.9996,1.0
N5_M25,5,25,ppo,,2,8,3,57,"[33, 36, 36, 37, 34]",1.0511,1.0332,1.0195,1.0087,1.0,0.9983,0.9993,0.9997,0.9999,1.0
N5_M25,5,25,ppo,,2,8,4,196,"[106, 59, 116, 115, 112]",1.1417,1.0863,1.0484,1.0209,1.0,0.9568,0.9836,0.9948,0.999,1.0
N5_M25,5,25,ppo,,2,9,0,59,"[38, 33, 44, 33, 38]",1.1828,1.1196,1.0707,1.0317,1.0,0.9882,0.9949,0.9982,0.9996,1.0
N5_M25,5,25,ppo,,2,9,1,195,"[69, 94, 135, 114, 127]",1.2523,1.1574,1.0898,1.0393,1.0,0.9534,0.9813,0.9938,0.9988,1.0
N5_M25,5,25,ppo,,2,9,2,63,"[38, 38, 40, 39, 45]",1.125,1.082,1.0485,1.0218,1.0,0.9958,0.9982,0.9994,0.9999,1.0
N5_M25,5,25,ppo,,2,9,3,54,"[26, 29, 39, 42, 39]",1.2,1.1321,1.0787,1.0355,1.0,0.9687,0.9861,0.995,0.999,1.0
N5_M25,5,25,ppo,,2,9,4,141,"[79, 44, 102, 75, 87]",1.3178,1.1977,1.1126,1.0492,1.0,0.9427,0.977,0.9924,0.9985,1.0
N5_M25,5,25,ppo,,2,10,0,34,"[26, 19, 21, 26, 19]",1.1712,1.1133,1.0676,1.0306,1.0,0.9798,0.991,0.9968,0.9993,1.0
N5_M25,5,25,ppo,,2,10,1,59,"[23, 33, 44, 30, 33]",1.3497,1.2181,1.1245,1.0544,1.0,0.9587,0.9835,0.9946,0.999,1.0
N5_M25,5,25,ppo,,2,10,2,281,"[98, 157, 148, 188, 150]",1.2686,1.1646,1.0927,1.0402,1.0,0.9633,0.9859,0.9955,0.9991,1.0
N5_M25,5,25,ppo,,2,10,3,78,"[30, 42, 53, 48, 50]",1.1883,1.119,1.0685,1.0302,1.0,0.9678,0.9869,0.9956,0.9991,1.0
N5_M25,5,25,ppo,,2,10,4,75,"[46, 42, 39, 49, 36]",1.1557,1.0979,1.0562,1.0247,1.0,0.988,0.9952,0.9984,0.9997,1.0
N5_M25,5,25,ppo,,2,11,0,45,"[28, 29, 29, 32, 27]",1.1034,1.0682,1.0405,1.0183,1.0,0.9967,0.9986,0.9995,0.9999,1.0
N5_M25,5,25,ppo,,2,11,1,32,"[21, 25, 15, 23, 22]",1.1792,1.1192,1.0714,1.0324,1.0,0.9753,0.9889,0.996,0.9992,1.0
N5_M25,5,25,ppo,,2,11,2,23,"[13, 13, 16, 16, 16]",1.0811,1.0534,1.0317,1.0143,1.0,0.9902,0.9957,0.9985,0.9997,1.0
N5_M25,5,25,ppo,,2,11,3,20,"[12, 16, 11, 18, 14]",1.2676,1.1821,1.1111,1.0512,1.0,0.9685,0.9852,0.9944,0.9988,1.0
N5_M25,5,25,ppo,,2,11,4,24,"[20, 14, 11, 20, 13]",1.2821,1.1864,1.1111,1.0502,1.0,0.9462,0.9758,0.9913,0.9982,1.0
N5_M25,5,25,ppo,,2,12,0,68,"[40, 24, 53, 48, 53]",1.2156,1.1419,1.0842,1.038,1.0,0.9413,0.9737,0.9906,0.9981,1.0
N5_M25,5,25,ppo,,2,12,1,102,"[71, 62, 56, 48, 73]",1.1774,1.1146,1.0671,1.0299,1.0,0.9779,0.9907,0.9968,0.9994,1.0
N5_M25,5,25,ppo,,2,12,2,90,"[54, 54, 61, 64, 59]",1.0959,1.0633,1.0377,1.0171,1.0,0.9955,0.998,0.9993,0.9999,1.0
N5_M25,5,25,ppo,,2,12,3,113,"[69, 67, 61, 66, 64]",1.055,1.0349,1.0202,1.0089,1.0,0.9983,0.9993,0.9998,1.0,1.0
N5_M25,5,25,ppo,,2,12,4,300,"[196, 160, 200, 209, 87]",1.2265,1.1428,1.0821,1.0361,1.0,0.935,0.9732,0.991,0.9982,1.0
N5_M25,5,25,ppo,,2,13,0,81,"[59, 55, 53, 45, 45]",1.1479,1.0969,1.0574,1.0258,1.0,0.9884,0.995,0.9982,0.9996,1.0
N5_M25,5,25,ppo,,2,13,1,33,"[21, 28, 17, 26, 28]",1.1667,1.1143,1.0702,1.0325,1.0,0.9684,0.9849,0.9942,0.9988,1.0
N5_M25,5,25,ppo,,2,13,2,88,"[66, 62, 62, 65, 65]",1.0312,1.0214,1.0132,1.0061,1.0,0.9993,0.9997,0.9999,1.0,1.0
N5_M25,5,25,ppo,,2,13,3,75,"[49, 48, 52, 46, 45]",1.0833,1.0548,1.0325,1.0147,1.0,0.9974,0.9989,0.9996,0.9999,1.0
N5_M25,5,25,ppo,,2,13,4,44,"[24, 25, 29, 35, 32]",1.2069,1.1374,1.0822,1.0373,1.0,0.98,0.9911,0.9968,0.9993,1.0
N5_M25,5,25,ppo,,2,14,0,25,"[18, 20, 14, 19, 23]",1.2234,1.1548,1.0959,1.0448,1.0,0.9764,0.9885,0.9956,0.999,1.0
N5_M25,5,25,ppo,,2,14,1,46,"[29, 29, 35, 34, 38]",1.1515,1.1034,1.0633,1.0292,1.0,0.9887,0.9947,0.998,0.9996,1.0
N5_M25,5,25,ppo,,2,14,2,33,"[22, 21, 19, 23, 27]",1.2054,1.1377,1.083,1.0379,1.0,0.9862,0.9937,0.9977,0.9995,1.0
N5_M25,5,25,ppo,,2,14,3,31,"[17, 21, 21, 23, 26]",1.2037,1.1378,1.0837,1.0384,1.0,0.9818,0.9916,0.9969,0.9993,1.0
N5_M25,5,25,ppo,,2,14,4,27,"[15, 17, 17, 19, 17]",1.1176,1.0769,1.0455,1.0204,1.0,0.9945,0.9976,0.9992,0.9998,1.0
N5_M25,5,25,ppo,,2,15,0,162,"[94, 84, 84, 57, 94]",1.138,1.0835,1.0466,1.02,1.0,0.9738,0.9902,0.9969,0.9994,1.0
N5_M25,5,25,ppo,,2,15,1,277,"[151, 155, 167, 111, 129]",1.1711,1.1039,1.0582,1.0251,1.0,0.9807,0.9928,0.9977,0.9996,1.0
N5_M25,5,25,ppo,,2,15,2,69,"[50, 47, 42, 41, 36]",1.1574,1.1027,1.0606,1.0272,1.0,0.9874,0.9946,0.9981,0.9996,1.0
N5_M25,5,25,ppo,,2,15,3,162,"[72, 76, 86, 94, 90]",1.1244,1.0756,1.0423,1.0183,1.0,0.9902,0.9963,0.9989,0.9998,1.0
N5_M25,5,25,ppo,,2,15,4,154,"[110, 88, 99, 86, 54]",1.2586,1.1629,1.0936,1.0411,1.0,0.9559,0.982,0.994,0.9988,1.0
N5_M25,5,25,ppo,,2,16,0,174,"[87, 70, 69, 79, 67]",1.1694,1.0952,1.0507,1.0211,1.0,0.9899,0.9968,0.9991,0.9998,1.0
N5_M25,5,25,ppo,,2,16,1,39,"[24, 27, 37, 21, 26]",1.3704,1.25,1.1515,1.0694,1.0,0.9615,0.9821,0.9933,0.9986,1.0
N5_M25,5,25,ppo,,2,16,2,114,"[72, 24, 83, 67, 61]",1.3518,1.2173,1.1231,1.0535,1.0,0.9037,0.9609,0.9871,0.9975,1.0
N5_M25,5,25,ppo,,2,16,3,38,"[25, 22, 31, 25, 32]",1.1852,1.1261,1.0769,1.0355,1.0,0.9801,0.9907,0.9965,0.9993,1.0
N5_M25,5,25,ppo,,2,16,4,71,"[42, 41, 56, 45, 40]",1.25,1.1636,1.0967,1.0434,1.0,0.9833,0.9928,0.9975,0.9995,1.0
N5_M25,5,25,ppo,,2,17,0,91,"[67, 64, 51, 56, 53]",1.1512,1.0994,1.059,1.0266,1.0,0.9886,0.9951,0.9983,0.9996,1.0
N5_M25,5,25,ppo,,2,17,1,218,"[124, 134, 120, 130, 114]",1.0772,1.0487,1.028,1.0123,1.0,0.9968,0.9987,0.9996,0.9999,1.0
N5_M25,5,25,ppo,,2,17,2,300,"[155, 156, 143, 159, 92]",1.1277,1.0747,1.0408,1.0173,1.0,0.9693,0.9893,0.9968,0.9994,1.0
N5_M25,5,25,ppo,,2,17,3,32,"[19, 25, 24, 24, 20]",1.1161,1.0786,1.0478,1.022,1.0,0.9885,0.9947,0.998,0.9996,1.0
N5_M25,5,25,ppo,,2,17,4,77,"[39, 45, 50, 35, 36]",1.2195,1.135,1.0763,1.0331,1.0,0.9811,0.9928,0.9977,0.9996,1.0
N5_M25,5,25,ppo,,2,18,0,186,"[84, 73, 106, 110, 109]",1.1411,1.0859,1.0482,1.0208,1.0,0.9761,0.991,0.9972,0.9995,1.0
N5_M25,5,25,ppo,,2,18,1,40,"[19, 22, 29, 28, 33]",1.2595,1.172,1.1027,1.0465,1.0,0.9644,0.984,0.9942,0.9988,1.0
N5_M25,5,25,ppo,,2,18,2,74,"[34, 50, 48, 49, 38]",1.1416,1.0906,1.0526,1.0233,1.0,0.9783,0.991,0.9969,0.9994,1.0
N5_M25,5,25,ppo,,2,18,3,50,"[32, 29, 27, 36, 22]",1.2329,1.1483,1.0859,1.0379,1.0,0.9747,0.9896,0.9965,0.9993,1.0
N5_M25,5,25,ppo,,2,18,4,40,"[23, 28, 28, 32, 24]",1.1852,1.124,1.0746,1.034,1.0,0.9859,0.9936,0.9977,0.9995,1.0
N5_M25,5,25,ppo,,2,19,0,300,"[118, 118, 144, 80, 98]",1.2903,1.1531,1.0787,1.032,1.0,0.9642,0.9898,0.9973,0.9995,1.0
N5_M25,5,25,ppo,,2,19,1,221,"[91, 123, 112, 56, 78]",1.337,1.1871,1.099,1.0411,1.0,0.9368,0.9796,0.9942,0.999,1.0
N5_M25,5,25,ppo,,2,19,2,105,"[62, 55, 49, 25, 63]",1.2402,1.1422,1.0783,1.0334,1.0,0.9307,0.9746,0.9921,0.9986,1.0
N5_M25,5,25,ppo,,2,19,3,50,"[40, 34, 33, 21, 27]",1.2903,1.1888,1.1111,1.0497,1.0,0.9581,0.9819,0.9936,0.9987,1.0
N5_M25,5,25,ppo,,2,19,4,73,"[52, 41, 47, 25, 40]",1.2683,1.1684,1.0965,1.0423,1.0,0.9531,0.981,0.9937,0.9988,1.0
N5_M25,5,25,astar,median,-1,0,0,11,"[11, 5, 0, 4, 6]",2.1154,1.6541,1.358,1.1518,1.0,0.6828,0.8622,0.9543,0.9915,1.0
N5_M25,5,25,astar,median,-1,1,0,16,"[2, 0, 9, 16, 1]",2.8571,1.9512,1.4815,1.194,1.0,0.4585,0.7634,0.9264,0.9873,1.0
N5_M25,5,25,astar,median,-1,2,0,12,"[5, 8, 4, 12, 12]",1.4634,1.3115,1.1881,1.086,1.0,0.8555,0.9291,0.9729,0.9942,1.0
N5_M25,5,25,astar,median,-1,3,0,21,"[14, 21, 18, 0, 9]",1.6935,1.4433,1.2575,1.1141,1.0,0.7378,0.8732,0.9533,0.9905,1.0
N5_M25,5,25,astar,median,-1,4,0,16,"[8, 15, 1, 10, 1]",2.1429,1.6486,1.3478,1.1455,1.0,0.6266,0.839,0.9477,0.9904,1.0
N5_M25,5,25,astar,median,-1,5,0,148,"[14, 23, 20, 25, 16]",1.2755,1.0783,1.0322,1.0116,1.0,0.9575,0.9964,0.9994,0.9999,1.0
N5_M25,5,25,astar,median,-1,6,0,181,"[27, 29, 27, 27, 15]",1.16,1.0469,1.0194,1.007,1.0,0.9607,0.9965,0.9994,0.9999,1.0
N5_M25,5,25,astar,median,-1,7,0,41,"[17, 21, 4, 6, 9]",1.8421,1.383,1.1832,1.0714,1.0,0.753,0.9365,0.9847,0.9976,1.0
N5_M25,5,25,astar,median,-1,8,0,15,"[6, 11, 6, 15, 7]",1.6667,1.4286,1.25,1.1111,1.0,0.8672,0.9405,0.9789,0.9958,1.0
N5_M25,5,25,astar,median,-1,9,0,54,"[15, 15, 15, 24, 9]",1.5385,1.25,1.1207,1.0473,1.0,0.9135,0.98,0.9953,0.9993,1.0
N5_M25,5,25,astar,median,-1,10,0,20,"[12, 2, 2, 4, 13]",1.9697,1.4824,1.2406,1.0961,1.0,0.6463,0.8807,0.9674,0.9947,1.0
N5_M25,5,25,astar,median,-1,11,0,15,"[3, 13, 4, 10, 4]",1.9118,1.5254,1.2844,1.1197,1.0,0.7458,0.8983,0.9679,0.9942,1.0
N5_M25,5,25,astar,median,-1,12,0,17,"[14, 14, 13, 4, 16]",1.3115,1.2127,1.1301,1.0601,1.0,0.8934,0.9473,0.9796,0.9956,1.0
N5_M25,5,25,astar,median,-1,13,0,21,"[10, 15, 6, 21, 7]",1.7797,1.4894,1.2805,1.123,1.0,0.8181,0.9195,0.972,0.9945,1.0
N5_M25,5,25,astar,median,-1,14,0,15,"[3, 15, 5, 12, 5]",1.875,1.5385,1.3043,1.1321,1.0,0.7477,0.8867,0.9608,0.9924,1.0
N5_M25,5,25,astar,median,-1,15,0,23,"[7, 2, 7, 20, 23]",1.9492,1.5753,1.3218,1.1386,1.0,0.6753,0.8498,0.9476,0.9898,1.0
N5_M25,5,25,astar,median,-1,16,0,24,"[7, 8, 24, 0, 7]",2.6087,1.8605,1.4458,1.1823,1.0,0.5734,0.8245,0.946,0.9905,1.0
N5_M25,5,25,astar,median,-1,17,0,22,"[5, 7, 9, 11, 22]",2.037,1.6176,1.3415,1.1458,1.0,0.7674,0.9029,0.9682,0.994,1.0
N5_M25,5,25,astar,median,-1,18,0,23,"[7, 10, 10, 19, 5]",1.8627,1.4925,1.2651,1.1111,1.0,0.8192,0.9329,0.9796,0.9964,1.0
N5_M25,5,25,astar,median,-1,19,0,24,"[24, 4, 6, 15, 5]",2.2222,1.7021,1.3793,1.1594,1.0,0.6642,0.857,0.9536,0.9915,1.0
N5_M25,5,25,astar,minimax,-1,0,0,7,"[7, 7, 3, 6, 4]",1.2963,1.2069,1.129,1.0606,1.0,0.917,0.9577,0.9831,0.9962,1.0
N5_M25,5,25,astar,minimax,-1,1,0,59,"[4, 10, 10, 15, 5]",1.7045,1.2178,1.0914,1.0334,1.0,0.8309,0.9809,0.9966,0.9995,1.0
N5_M25,5,25,astar,minimax,-1,2,0,11,"[4, 8, 0, 11, 11]",1.6176,1.4013,1.236,1.1055,1.0,0.718,0.8578,0.9458,0.9887,1.0
N5_M25,5,25,astar,minimax,-1,3,0,117,"[29, 23, 22, 14, 26]",1.2719,1.1003,1.0443,1.0166,1.0,0.9535,0.9934,0.9987,0.9998,1.0
N5_M25,5,25,astar,minimax,-1,4,0,21,"[10, 17, 12, 13, 9]",1.3934,1.25,1.1446,1.0638,1.0,0.9504,0.9794,0.993,0.9986,1.0
N5_M25,5,25,astar,minimax,-1,5,0,18,"[9, 15, 15, 18, 11]",1.3235,1.2245,1.1392,1.0651,1.0,0.9475,0.974,0.9898,0.9978,1.0
N5_M25,5,25,astar,minimax,-1,6,0,15,"[14, 14, 12, 14, 9]",1.1111,1.0795,1.0507,1.0243,1.0,0.9764,0.9878,0.995,0.9988,1.0
N5_M25,5,25,astar,minimax,-1,7,0,28,"[18, 21, 13, 8, 20]",1.3125,1.1974,1.1136,1.05,1.0,0.9156,0.9645,0.988,0.9976,1.0
N5_M25,5,25,astar,minimax,-1,8,0,17,"[2, 13, 9, 16, 2]",1.9048,1.5403,1.2992,1.1279,1.0,0.6864,0.8599,0.9524,0.9909,1.0
N5_M25,5,25,astar,minimax,-1,9,0,156,"[15, 20, 15, 24, 15]",1.3483,1.0888,1.0357,1.0128,1.0,0.9595,0.9973,0.9996,0.9999,1.0
N5_M25,5,25,astar,minimax,-1,10,0,21,"[17, 5, 5, 9, 11]",1.8085,1.4634,1.25,1.105,1.0,0.8166,0.9313,0.979,0.9962,1.0
N5_M25,5,25,astar,minimax,-1,11,0,12,"[3, 10, 4, 12, 7]",1.6667,1.4286,1.25,1.1111,1.0,0.8151,0.9143,0.9691,0.9937,1.0
N5_M25,5,25,astar,minimax,-1,12,0,121,"[13, 19, 15, 7, 19]",1.3014,1.0801,1.0324,1.0117,1.0,0.9148,0.9935,0.9989,0.9999,1.0
N5_M25,5,25,astar,minimax,-1,13,0,17,"[12, 16, 5, 17, 4]",1.5741,1.3765,1.223,1.1003,1.0,0.7989,0.9023,0.9634,0.9924,1.0
N5_M25,5,25,astar,minimax,-1,14,0,11,"[9, 11, 10, 8, 10]",1.1458,1.1055,1.068,1.0329,1.0,0.9888,0.9941,0.9976,0.9994,1.0
N5_M25,5,25,astar,minimax,-1,15,0,125,"[8, 13, 14, 17, 20]",1.3889,1.0999,1.0402,1.0144,1.0,0.9274,0.9949,0.9992,0.9999,1.0
N5_M25,5,25,astar,minimax,-1,16,0,17,"[7, 14, 17, 6, 13]",1.4912,1.3281,1.1972,1.0897,1.0,0.8793,0.9423,0.9784,0.9954,1.0
N5_M25,5,25,astar,minimax,-1,17,0,119,"[16, 14, 14, 17, 18]",1.1392,1.0397,1.0163,1.0059,1.0,0.9898,0.9992,0.9999,1.0,1.0
N5_M25,5,25,astar,minimax,-1,18,0,39,"[10, 11, 7, 14, 4]",1.5217,1.2162,1.0996,1.038,1.0,0.878,0.9767,0.995,0.9993,1.0
N5_M25,5,25,astar,minimax,-1,19,0,20,"[20, 5, 2, 19, 8]",1.8519,1.5267,1.2987,1.1299,1.0,0.6829,0.8492,0.946,0.9893,1.0
